Purchase ID,Item Name,Buyer Name,Purchase Email,Buyer Email,Do not contact?,Purchase Date,Purchase Time (UTC timezone),Subtotal ($),Taxes ($),Tax Type,Shipping ($),Sale Price ($),Fees ($),Net Total ($),Tip ($),Tax Included in Price?,Street Address,City,Zip Code,State,Country,Referrer,Refunded?,Partial Refund ($),Fully Refunded?,Disputed?,Dispute Won?,Access Revoked?,Variants,Discount Code,Recurring Charge?,Free trial purchase?,Pre-order authorization?,Product ID,Order Number,Pre-order authorization time (UTC timezone),Custom Fields,Item Price ($),Variants Price ($),Giftee Email,SKU ID,Quantity,Recurrence,Affiliate,Affiliate commission ($),Discover?,Cancellation Date,Subscription End Date,Rating,Review,License Key,License Key Activation Count,License Key Enabled?,Payment Type,PayPal Transaction ID,PayPal Fee Amount,PayPal Fee Currency,Stripe Transaction ID,Stripe Fee Amount,Stripe Fee Currency,Purchasing Power Parity Discounted?,Upsold?,Sent Abandoned Cart Email?,UTM Source,UTM Medium,UTM Campaign,UTM Term,UTM Content
DEMOPID000851==,Acme Pro,Rowan Ortiz,rowan.ortiz108@example.com,rowan.ortiz108@example.com,0,2023-06-03,2023-06-03 01:44:33 +0000,49.0,0.0,,0.0,49.0,5.23,43.77,0.0,,,,,,United States,direct,0,0.0,0,0,0,0,(Business),,0,0,0,demoPID,104256,,{},49.0,,,,1,monthly,,0.0,0,2026-06-04 00:00:00 UTC,2026-07-03,,,,,1,card,,,,,,,,,,,,,,
DEMOPID000565==,Acme Pro,Hayden Nguyen,hayden.nguyen82@example.com,hayden.nguyen82@example.com,0,2023-06-20,2023-06-20 21:24:54 +0000,5.4,0.0,,0.0,5.4,0.49,4.91,0.0,,,,,,Brazil,direct,0,0.0,0,0,0,0,(Personal),blackfriday,0,0,0,demoPID,102875,,{},9.0,,,,1,monthly,,0.0,0,,,,,,,1,card,,,,,,,,,,,,,,
DEMOPID000119==,Acme Pro,Morgan Andersson,morgan.andersson18@example.com,morgan.andersson18@example.com,0,2023-06-21,2023-06-21 02:15:46 +0000,19.0,0.0,,0.0,19.0,2.43,16.57,0.0,,,,,,United Kingdom,direct,0,0.0,0,0,0,0,(Startup),,0,0,0,demoPID,100567,,{},19.0,,,,1,monthly,,0.0,0,,,,,,,1,card,,,,,,,,,,,,,,
DEMOPID000852==,Acme Pro,Rowan Ortiz,rowan.ortiz108@example.com,rowan.ortiz108@example.com,0,2023-07-03,2023-07-03 15:50:49 +0000,49.0,0.0,,0.0,49.0,4.86,44.14,0.0,,,,,,United States,direct,0,0.0,0,0,0,0,(Business),,1,0,0,demoPID,104263,,{},49.0,,,,1,monthly,,0.0,0,2026-06-04 00:00:00 UTC,2026-07-03,,,,,1,card,,,,,,,,,,,,,,
DEMOPID000566==,Acme Pro,Hayden Nguyen,hayden.nguyen82@example.com,hayden.nguyen82@example.com,0,2023-07-20,2023-07-20 16:15:26 +0000,5.4,0.0,,0.0,5.4,0.51,4.89,0.0,,,,,,Brazil,direct,0,0.0,0,0,0,0,(Personal),blackfriday,1,0,0,demoPID,102880,,{},9.0,,,,1,monthly,,0.0,0,,,,,,,1,card,,,,,,,,,,,,,,
DEMOPID000120==,Acme Pro,Morgan Andersson,morgan.andersson18@example.com,morgan.andersson18@example.com,0,2023-07-21,2023-07-21 07:44:30 +0000,19.0,0.0,,0.0,19.0,2.08,16.92,0.0,,,,,,United Kingdom,direct,0,0.0,0,0,0,0,(Startup),,1,0,0,demoPID,100574,,{},19.0,,,,1,monthly,,0.0,0,,,,,,,1,card,,,,,,,,,,,,,,
DEMOPID001325==,Acme Pro,Devin Patel,devin.patel167@example.com,devin.patel167@example.com,0,2023-07-31,2023-07-31 15:43:01 +0000,39.2,0.0,,0.0,39.2,4.83,34.37,0.0,,,,,,Brazil,direct,0,0.0,0,0,0,0,(Business),friend20,0,0,0,demoPID,106623,,{},49.0,,,,1,monthly,,0.0,0,,,,,,,1,card,,,,,,,,,,,,,,
DEMOPID000853==,Acme Pro,Rowan Ortiz,rowan.ortiz108@example.com,rowan.ortiz108@example.com,0,2023-08-03,2023-08-03 23:58:48 +0000,49.0,0.0,,0.0,49.0,5.10,43.90,0.0,,,,,,United States,direct,0,0.0,0,0,0,0,(Business),,1,0,0,demoPID,104270,,{},49.0,,,,1,monthly,,0.0,0,2026-06-04 00:00:00 UTC,2026-07-03,,,,,1,card,,,,,,,,,,,,,,
DEMOPID000427==,Acme Pro,Morgan Muller,morgan.muller64@example.com,morgan.muller64@example.com,0,2023-08-09,2023-08-09 21:03:48 +0000,19.0,0.0,,0.0,19.0,2.43,16.57,0.0,,,,,,Japan,direct,0,0.0,0,0,0,0,(Startup),,0,0,0,demoPID,102187,,{},19.0,,,,1,monthly,,0.0,0,,,,,,,1,card,,,,,,,,,,,,,,
DEMOPID000567==,Acme Pro,Hayden Nguyen,hayden.nguyen82@example.com,hayden.nguyen82@example.com,0,2023-08-20,2023-08-20 04:45:17 +0000,5.4,0.0,,0.0,5.4,0.69,4.71,0.0,,,,,,Brazil,direct,0,0.0,0,0,0,0,(Personal),blackfriday,1,0,0,demoPID,102888,,{},9.0,,,,1,monthly,,0.0,0,,,,,,,1,card,,,,,,,,,,,,,,
DEMOPID000121==,Acme Pro,Morgan Andersson,morgan.andersson18@example.com,morgan.andersson18@example.com,0,2023-08-21,2023-08-21 00:05:18 +0000,19.0,0.0,,0.0,19.0,2.05,16.95,0.0,,,,,,United Kingdom,direct,0,0.0,0,0,0,0,(Startup),,1,0,0,demoPID,100582,,{},19.0,,,,1,monthly,,0.0,0,,,,,,,1,card,,,,,,,,,,,,,,
DEMOPID000479==,Acme Pro,Hayden Ortiz,hayden.ortiz68@example.com,hayden.ortiz68@example.com,0,2023-08-30,2023-08-30 10:50:27 +0000,84.2,0.0,,0.0,84.2,10.83,73.32,0.0,,,,,,India,direct,0,0.0,0,0,0,0,(Enterprise),welcome15,0,0,0,demoPID,102461,,{},99.0,,,,1,monthly,,0.0,0,,,,,,,1,card,,,,,,,,,,,,,,
DEMOPID001394==,Acme Pro,Hayden Johnson,hayden.johnson182@example.com,hayden.johnson182@example.com,0,2023-09-02,2023-09-02 19:24:19 +0000,19.0,0.0,,0.0,19.0,1.90,17.10,0.0,,,,,,United States,direct,0,0.0,0,0,0,0,(Startup),,0,0,0,demoPID,106999,,{},19.0,,,,1,monthly,,0.0,0,,,,,,,1,card,,,,,,,,,,,,,,
DEMOPID000854==,Acme Pro,Rowan Ortiz,rowan.ortiz108@example.com,rowan.ortiz108@example.com,0,2023-09-03,2023-09-03 08:30:49 +0000,49.0,0.0,,0.0,49.0,5.24,43.76,0.0,,,,,,United States,direct,0,0.0,0,0,0,0,(Business),,1,0,0,demoPID,104272,,{},49.0,,,,1,monthly,,0.0,0,2026-06-04 00:00:00 UTC,2026-07-03,,,,,1,card,,,,,,,,,,,,,,
DEMOPID000618==,Acme Pro,Drew Tanaka,drew.tanaka86@example.com,drew.tanaka86@example.com,0,2023-09-07,2023-09-07 14:46:26 +0000,0.0,0.0,,0.0,0.0,0.00,0.00,0.0,,,,,,United States,direct,0,0.0,0,0,0,0,(Personal),maintainer,0,0,0,demoPID,103134,,{},9.0,,,,1,monthly,,0.0,0,,,,,,,1,card,,,,,,,,,,,,,,
DEMOPID000428==,Acme Pro,Morgan Muller,morgan.muller64@example.com,morgan.muller64@example.com,0,2023-09-09,2023-09-09 20:14:04 +0000,19.0,0.0,,0.0,19.0,2.02,16.98,0.0,,,,,,Japan,direct,0,0.0,0,0,0,0,(Startup),,1,0,0,demoPID,102188,,{},19.0,,,,1,monthly,,0.0,0,,,,,,,1,card,,,,,,,,,,,,,,
DEMOPID000568==,Acme Pro,Hayden Nguyen,hayden.nguyen82@example.com,hayden.nguyen82@example.com,0,2023-09-20,2023-09-20 07:57:54 +0000,5.4,0.0,,0.0,5.4,0.50,4.90,0.0,,,,,,Brazil,direct,0,0.0,0,0,0,0,(Personal),blackfriday,1,0,0,demoPID,102890,,{},9.0,,,,1,monthly,,0.0,0,,,,,,,1,card,,,,,,,,,,,,,,
DEMOPID000122==,Acme Pro,Morgan Andersson,morgan.andersson18@example.com,morgan.andersson18@example.com,0,2023-09-21,2023-09-21 07:19:42 +0000,19.0,0.0,,0.0,19.0,2.02,16.98,0.0,,,,,,United Kingdom,direct,0,0.0,0,0,0,0,(Startup),,1,0,0,demoPID,100586,,{},19.0,,,,1,monthly,,0.0,0,,,,,,,1,card,,,,,,,,,,,,,,
DEMOPID000480==,Acme Pro,Hayden Ortiz,hayden.ortiz68@example.com,hayden.ortiz68@example.com,0,2023-09-30,2023-09-30 08:14:32 +0000,84.2,0.0,,0.0,84.2,7.61,76.54,0.0,,,,,,India,direct,0,0.0,0,0,0,0,(Enterprise),welcome15,1,0,0,demoPID,102463,,{},99.0,,,,1,monthly,,0.0,0,,,,,,,1,card,,,,,,,,,,,,,,
DEMOPID001395==,Acme Pro,Hayden Johnson,hayden.johnson182@example.com,hayden.johnson182@example.com,0,2023-10-02,2023-10-02 04:57:35 +0000,19.0,0.0,,0.0,19.0,2.22,16.78,0.0,,,,,,United States,direct,0,0.0,0,0,0,0,(Startup),,1,0,0,demoPID,107006,,{},19.0,,,,1,monthly,,0.0,0,,,,,,,1,card,,,,,,,,,,,,,,
DEMOPID000855==,Acme Pro,Rowan Ortiz,rowan.ortiz108@example.com,rowan.ortiz108@example.com,0,2023-10-03,2023-10-03 02:18:38 +0000,49.0,0.0,,0.0,49.0,6.19,42.81,0.0,,,,,,United States,direct,0,0.0,0,0,0,0,(Business),,1,0,0,demoPID,104276,,{},49.0,,,,1,monthly,,0.0,0,2026-06-04 00:00:00 UTC,2026-07-03,,,,,1,card,,,,,,,,,,,,,,
DEMOPID000429==,Acme Pro,Morgan Muller,morgan.muller64@example.com,morgan.muller64@example.com,0,2023-10-09,2023-10-09 16:29:23 +0000,19.0,0.0,,0.0,19.0,1.72,17.28,0.0,,,,,,Japan,direct,0,0.0,0,0,0,0,(Startup),,1,0,0,demoPID,102191,,{},19.0,,,,1,monthly,,0.0,0,,,,,,,1,card,,,,,,,,,,,,,,
DEMOPID000569==,Acme Pro,Hayden Nguyen,hayden.nguyen82@example.com,hayden.nguyen82@example.com,0,2023-10-20,2023-10-20 11:29:47 +0000,5.4,0.0,,0.0,5.4,0.58,4.82,0.0,,,,,,Brazil,direct,0,0.0,0,0,0,0,(Personal),blackfriday,1,0,0,demoPID,102899,,{},9.0,,,,1,monthly,,0.0,0,,,,,,,1,card,,,,,,,,,,,,,,
DEMOPID000123==,Acme Pro,Morgan Andersson,morgan.andersson18@example.com,morgan.andersson18@example.com,0,2023-10-21,2023-10-21 16:22:27 +0000,19.0,0.0,,0.0,19.0,2.07,16.93,0.0,,,,,,United Kingdom,direct,0,0.0,0,0,0,0,(Startup),,1,0,0,demoPID,100592,,{},19.0,,,,1,monthly,,0.0,0,,,,,,,1,card,,,,,,,,,,,,,,
DEMOPID000541==,Acme Pro,Drew Muller,drew.muller79@example.com,drew.muller79@example.com,0,2023-10-28,2023-10-28 00:16:13 +0000,490.0,0.0,,0.0,490.0,55.61,434.39,0.0,,,,,,Netherlands,direct,0,0.0,0,0,0,0,(Business),,0,0,0,demoPID,102761,,{},490.0,,,,1,yearly,,0.0,0,,,,,,,1,card,,,,,,,,,,,,,,
DEMOPID000481==,Acme Pro,Hayden Ortiz,hayden.ortiz68@example.com,hayden.ortiz68@example.com,0,2023-10-30,2023-10-30 22:36:14 +0000,84.2,0.0,,0.0,84.2,9.45,74.70,0.0,,,,,,India,direct,0,0.0,0,0,0,0,(Enterprise),welcome15,1,0,0,demoPID,102472,,{},99.0,,,,1,monthly,,0.0,0,,,,,,,1,card,,,,,,,,,,,,,,
DEMOPID001396==,Acme Pro,Hayden Johnson,hayden.johnson182@example.com,hayden.johnson182@example.com,0,2023-11-02,2023-11-02 08:10:32 +0000,19.0,0.0,,0.0,19.0,2.15,16.85,0.0,,,,,,United States,direct,0,0.0,0,0,0,0,(Startup),,1,0,0,demoPID,107007,,{},19.0,,,,1,monthly,,0.0,0,,,,,,,1,card,,,,,,,,,,,,,,
DEMOPID000856==,Acme Pro,Rowan Ortiz,rowan.ortiz108@example.com,rowan.ortiz108@example.com,0,2023-11-03,2023-11-03 06:00:45 +0000,49.0,0.0,,0.0,49.0,5.21,43.79,0.0,,,,,,United States,direct,0,0.0,0,0,0,0,(Business),,1,0,0,demoPID,104285,,{},49.0,,,,1,monthly,,0.0,0,2026-06-04 00:00:00 UTC,2026-07-03,,,,,1,card,,,,,,,,,,,,,,
DEMOPID000430==,Acme Pro,Morgan Muller,morgan.muller64@example.com,morgan.muller64@example.com,0,2023-11-09,2023-11-09 21:59:39 +0000,19.0,0.0,,0.0,19.0,2.18,16.82,0.0,,,,,,Japan,direct,0,0.0,0,0,0,0,(Startup),,1,0,0,demoPID,102192,,{},19.0,,,,1,monthly,,0.0,0,,,,,,,1,card,,,,,,,,,,,,,,
DEMOPID000322==,Acme Pro,Morgan Ortiz,morgan.ortiz51@example.com,morgan.ortiz51@example.com,0,2023-11-14,2023-11-14 18:26:39 +0000,99.0,0.0,,0.0,99.0,11.49,87.51,0.0,,,,,,Japan,direct,0,0.0,0,0,0,0,(Enterprise),,0,0,0,demoPID,101662,,{},99.0,,,,1,monthly,,0.0,0,2026-05-15 00:00:00 UTC,2026-06-14,,,,,1,card,,,,,,,,,,,,,,
DEMOPID001429==,Acme Pro,Drew Tanaka,drew.tanaka184@example.com,drew.tanaka184@example.com,0,2023-11-19,2023-11-19 02:58:51 +0000,72.0,0.0,,0.0,72.0,7.83,64.17,0.0,,,,,,India,direct,0,0.0,0,0,0,0,(Personal),friend20,0,0,0,demoPID,107170,,{},90.0,,,,1,yearly,,0.0,0,,,,,,,1,card,,,,,,,,,,,,,,
DEMOPID000570==,Acme Pro,Hayden Nguyen,hayden.nguyen82@example.com,hayden.nguyen82@example.com,0,2023-11-20,2023-11-20 16:08:40 +0000,5.4,0.0,,0.0,5.4,0.61,4.79,0.0,,,,,,Brazil,direct,0,0.0,0,0,0,0,(Personal),blackfriday,1,0,0,demoPID,102901,,{},9.0,,,,1,monthly,,0.0,0,,,,,,,1,card,,,,,,,,,,,,,,
DEMOPID000124==,Acme Pro,Morgan Andersson,morgan.andersson18@example.com,morgan.andersson18@example.com,0,2023-11-21,2023-11-21 22:29:17 +0000,19.0,0.0,,0.0,19.0,1.96,17.04,0.0,,,,,,United Kingdom,direct,0,0.0,0,0,0,0,(Startup),,1,0,0,demoPID,100601,,{},19.0,,,,1,monthly,,0.0,0,,,,,,,1,card,,,,,,,,,,,,,,
DEMOPID000001==,Acme Pro,Taylor Smith,taylor.smith0@example.com,taylor.smith0@example.com,0,2023-11-26,2023-11-26 02:13:14 +0000,9.0,0.0,,0.0,9.0,0.82,8.18,0.0,,,,,,Japan,direct,0,0.0,0,0,0,0,(Personal),,0,0,0,demoPID,100007,,{},9.0,,,,1,monthly,,0.0,0,,,,,,,1,card,,,,,,,,,,,,,,
DEMOPID000482==,Acme Pro,Hayden Ortiz,hayden.ortiz68@example.com,hayden.ortiz68@example.com,0,2023-11-30,2023-11-30 14:49:43 +0000,84.2,0.0,,0.0,84.2,8.83,75.32,0.0,,,,,,India,direct,0,0.0,0,0,0,0,(Enterprise),welcome15,1,0,0,demoPID,102480,,{},99.0,,,,1,monthly,,0.0,0,,,,,,,1,card,,,,,,,,,,,,,,
DEMOPID001397==,Acme Pro,Hayden Johnson,hayden.johnson182@example.com,hayden.johnson182@example.com,0,2023-12-02,2023-12-02 14:08:05 +0000,19.0,0.0,,0.0,19.0,2.42,16.58,0.0,,,,,,United States,direct,0,0.0,0,0,0,0,(Startup),,1,0,0,demoPID,107015,,{},19.0,,,,1,monthly,,0.0,0,,,,,,,1,card,,,,,,,,,,,,,,
DEMOPID000857==,Acme Pro,Rowan Ortiz,rowan.ortiz108@example.com,rowan.ortiz108@example.com,0,2023-12-03,2023-12-03 03:33:00 +0000,49.0,0.0,,0.0,49.0,5.54,43.46,0.0,,,,,,United States,direct,0,0.0,0,0,0,0,(Business),,1,0,0,demoPID,104286,,{},49.0,,,,1,monthly,,0.0,0,2026-06-04 00:00:00 UTC,2026-07-03,,,,,1,card,,,,,,,,,,,,,,
DEMOPID000431==,Acme Pro,Morgan Muller,morgan.muller64@example.com,morgan.muller64@example.com,0,2023-12-09,2023-12-09 00:00:34 +0000,19.0,0.0,,0.0,19.0,2.21,16.79,0.0,,,,,,Japan,direct,0,0.0,0,0,0,0,(Startup),,1,0,0,demoPID,102200,,{},19.0,,,,1,monthly,,0.0,0,,,,,,,1,card,,,,,,,,,,,,,,
DEMOPID000323==,Acme Pro,Morgan Ortiz,morgan.ortiz51@example.com,morgan.ortiz51@example.com,0,2023-12-14,2023-12-14 20:34:18 +0000,99.0,0.0,,0.0,99.0,10.88,88.12,0.0,,,,,,Japan,direct,0,0.0,0,0,0,0,(Enterprise),,1,0,0,demoPID,101663,,{},99.0,,,,1,monthly,,0.0,0,2026-05-15 00:00:00 UTC,2026-06-14,,,,,1,card,,,,,,,,,,,,,,
DEMOPID001192==,Acme Pro,Rowan Johnson,rowan.johnson150@example.com,rowan.johnson150@example.com,0,2023-12-17,2023-12-17 18:04:52 +0000,36.8,0.0,,0.0,36.8,4.21,32.54,0.0,,,,,,United Kingdom,direct,0,0.0,0,0,0,0,(Business),launch25,0,0,0,demoPID,106008,,{},49.0,,,,1,monthly,,0.0,0,,,,,,,1,card,,,,,,,,,,,,,,
DEMOPID000571==,Acme Pro,Hayden Nguyen,hayden.nguyen82@example.com,hayden.nguyen82@example.com,0,2023-12-20,2023-12-20 18:03:27 +0000,5.4,0.0,,0.0,5.4,0.50,4.90,0.0,,,,,,Brazil,direct,0,0.0,0,0,0,0,(Personal),blackfriday,1,0,0,demoPID,102908,,{},9.0,,,,1,monthly,,0.0,0,,,,,,,1,card,,,,,,,,,,,,,,
DEMOPID000125==,Acme Pro,Morgan Andersson,morgan.andersson18@example.com,morgan.andersson18@example.com,0,2023-12-21,2023-12-21 03:46:12 +0000,19.0,0.0,,0.0,19.0,1.90,17.10,0.0,,,,,,United Kingdom,direct,0,0.0,0,0,0,0,(Startup),,1,0,0,demoPID,100606,,{},19.0,,,,1,monthly,,0.0,0,,,,,,,1,card,,,,,,,,,,,,,,
DEMOPID000177==,Acme Pro,Casey Andersson,casey.andersson21@example.com,casey.andersson21@example.com,0,2023-12-22,2023-12-22 04:26:55 +0000,90.0,0.0,,0.0,90.0,8.16,81.84,0.0,,,,,,United States,direct,0,0.0,0,0,0,0,(Personal),,0,0,0,demoPID,100883,,{},90.0,,,,1,yearly,,0.0,0,2026-05-05 00:00:00 UTC,2026-12-22,,,,,1,card,,,,,,,,,,,,,,
DEMOPID000002==,Acme Pro,Taylor Smith,taylor.smith0@example.com,taylor.smith0@example.com,0,2023-12-26,2023-12-26 17:12:45 +0000,9.0,0.0,,0.0,9.0,1.03,7.97,0.0,,,,,,Japan,direct,0,0.0,0,0,0,0,(Personal),,1,0,0,demoPID,100016,,{},9.0,,,,1,monthly,,0.0,0,,,,,,,1,card,,,,,,,,,,,,,,
DEMOPID000483==,Acme Pro,Hayden Ortiz,hayden.ortiz68@example.com,hayden.ortiz68@example.com,0,2023-12-30,2023-12-30 00:30:06 +0000,84.2,0.0,,0.0,84.2,8.08,76.07,0.0,,,,,,India,direct,0,0.0,0,0,0,0,(Enterprise),welcome15,1,0,0,demoPID,102489,,{},99.0,,,,1,monthly,,0.0,0,,,,,,,1,card,,,,,,,,,,,,,,
DEMOPID001398==,Acme Pro,Hayden Johnson,hayden.johnson182@example.com,hayden.johnson182@example.com,0,2024-01-02,2024-01-02 13:09:16 +0000,19.0,0.0,,0.0,19.0,2.25,16.75,0.0,,,,,,United States,direct,0,0.0,0,0,0,0,(Startup),,1,0,0,demoPID,107021,,{},19.0,,,,1,monthly,,0.0,0,,,,,,,1,card,,,,,,,,,,,,,,
DEMOPID000858==,Acme Pro,Rowan Ortiz,rowan.ortiz108@example.com,rowan.ortiz108@example.com,0,2024-01-03,2024-01-03 22:51:20 +0000,49.0,0.0,,0.0,49.0,5.69,43.31,0.0,,,,,,United States,direct,0,0.0,0,0,0,0,(Business),,1,0,0,demoPID,104293,,{},49.0,,,,1,monthly,,0.0,0,2026-06-04 00:00:00 UTC,2026-07-03,,,,,1,card,,,,,,,,,,,,,,
DEMOPID000432==,Acme Pro,Morgan Muller,morgan.muller64@example.com,morgan.muller64@example.com,0,2024-01-09,2024-01-09 00:33:46 +0000,19.0,0.0,,0.0,19.0,2.02,16.98,0.0,,,,,,Japan,direct,0,0.0,0,0,0,0,(Startup),,1,0,0,demoPID,102209,,{},19.0,,,,1,monthly,,0.0,0,,,,,,,1,card,,,,,,,,,,,,,,
DEMOPID000324==,Acme Pro,Morgan Ortiz,morgan.ortiz51@example.com,morgan.ortiz51@example.com,0,2024-01-14,2024-01-14 21:25:19 +0000,99.0,0.0,,0.0,99.0,10.82,88.18,0.0,,,,,,Japan,direct,0,0.0,0,0,0,0,(Enterprise),,1,0,0,demoPID,101668,,{},99.0,,,,1,monthly,,0.0,0,2026-05-15 00:00:00 UTC,2026-06-14,,,,,1,card,,,,,,,,,,,,,,
DEMOPID001193==,Acme Pro,Rowan Johnson,rowan.johnson150@example.com,rowan.johnson150@example.com,0,2024-01-17,2024-01-17 19:51:39 +0000,36.8,0.0,,0.0,36.8,3.48,33.27,0.0,,,,,,United Kingdom,direct,0,0.0,0,0,0,0,(Business),launch25,1,0,0,demoPID,106010,,{},49.0,,,,1,monthly,,0.0,0,,,,,,,1,card,,,,,,,,,,,,,,
DEMOPID000572==,Acme Pro,Hayden Nguyen,hayden.nguyen82@example.com,hayden.nguyen82@example.com,0,2024-01-20,2024-01-20 08:54:20 +0000,5.4,0.0,,0.0,5.4,0.54,4.86,0.0,,,,,,Brazil,direct,0,0.0,0,0,0,0,(Personal),blackfriday,1,0,0,demoPID,102911,,{},9.0,,,,1,monthly,,0.0,0,,,,,,,1,card,,,,,,,,,,,,,,
DEMOPID000126==,Acme Pro,Morgan Andersson,morgan.andersson18@example.com,morgan.andersson18@example.com,0,2024-01-21,2024-01-21 17:48:44 +0000,19.0,0.0,,0.0,19.0,1.80,17.20,0.0,,,,,,United Kingdom,direct,0,0.0,0,0,0,0,(Startup),,1,0,0,demoPID,100612,,{},19.0,,,,1,monthly,,0.0,0,,,,,,,1,card,,,,,,,,,,,,,,
DEMOPID000003==,Acme Pro,Taylor Smith,taylor.smith0@example.com,taylor.smith0@example.com,0,2024-01-26,2024-01-26 14:37:17 +0000,9.0,0.0,,0.0,9.0,0.96,8.04,0.0,,,,,,Japan,direct,0,0.0,0,0,0,0,(Personal),,1,0,0,demoPID,100025,,{},9.0,,,,1,monthly,,0.0,0,,,,,,,1,card,,,,,,,,,,,,,,
DEMOPID000484==,Acme Pro,Hayden Ortiz,hayden.ortiz68@example.com,hayden.ortiz68@example.com,0,2024-01-30,2024-01-30 02:07:53 +0000,84.2,0.0,,0.0,84.2,8.97,75.18,0.0,,,,,,India,direct,0,0.0,0,0,0,0,(Enterprise),welcome15,1,0,0,demoPID,102494,,{},99.0,,,,1,monthly,,0.0,0,,,,,,,1,card,,,,,,,,,,,,,,
DEMOPID001399==,Acme Pro,Hayden Johnson,hayden.johnson182@example.com,hayden.johnson182@example.com,0,2024-02-02,2024-02-02 04:31:55 +0000,19.0,0.0,,0.0,19.0,1.95,17.05,0.0,,,,,,United States,direct,0,0.0,0,0,0,0,(Startup),,1,0,0,demoPID,107023,,{},19.0,,,,1,monthly,,0.0,0,,,,,,,1,card,,,,,,,,,,,,,,
DEMOPID000859==,Acme Pro,Rowan Ortiz,rowan.ortiz108@example.com,rowan.ortiz108@example.com,0,2024-02-03,2024-02-03 04:27:41 +0000,49.0,0.0,,0.0,49.0,5.12,43.88,0.0,,,,,,United States,direct,0,0.0,0,0,0,0,(Business),,1,0,0,demoPID,104300,,{},49.0,,,,1,monthly,,0.0,0,2026-06-04 00:00:00 UTC,2026-07-03,,,,,1,card,,,,,,,,,,,,,,
DEMOPID000433==,Acme Pro,Morgan Muller,morgan.muller64@example.com,morgan.muller64@example.com,0,2024-02-09,2024-02-09 09:01:32 +0000,19.0,0.0,,0.0,19.0,2.12,16.88,0.0,,,,,,Japan,direct,0,0.0,0,0,0,0,(Startup),,1,0,0,demoPID,102214,,{},19.0,,,,1,monthly,,0.0,0,,,,,,,1,card,,,,,,,,,,,,,,
DEMOPID000325==,Acme Pro,Morgan Ortiz,morgan.ortiz51@example.com,morgan.ortiz51@example.com,0,2024-02-14,2024-02-14 01:10:28 +0000,99.0,0.0,,0.0,99.0,9.20,89.80,0.0,,,,,,Japan,direct,0,0.0,0,0,0,0,(Enterprise),,1,0,0,demoPID,101676,,{},99.0,,,,1,monthly,,0.0,0,2026-05-15 00:00:00 UTC,2026-06-14,,,,,1,card,,,,,,,,,,,,,,
DEMOPID001194==,Acme Pro,Rowan Johnson,rowan.johnson150@example.com,rowan.johnson150@example.com,0,2024-02-17,2024-02-17 06:27:21 +0000,36.8,0.0,,0.0,36.8,3.40,33.35,0.0,,,,,,United Kingdom,direct,0,0.0,0,0,0,0,(Business),launch25,1,0,0,demoPID,106014,,{},49.0,,,,1,monthly,,0.0,0,,,,,,,1,card,,,,,,,,,,,,,,
DEMOPID000573==,Acme Pro,Hayden Nguyen,hayden.nguyen82@example.com,hayden.nguyen82@example.com,0,2024-02-20,2024-02-20 23:20:20 +0000,5.4,0.0,,0.0,5.4,0.64,4.76,0.0,,,,,,Brazil,direct,0,0.0,0,0,0,0,(Personal),blackfriday,1,0,0,demoPID,102918,,{},9.0,,,,1,monthly,,0.0,0,,,,,,,1,card,,,,,,,,,,,,,,
DEMOPID000127==,Acme Pro,Morgan Andersson,morgan.andersson18@example.com,morgan.andersson18@example.com,0,2024-02-21,2024-02-21 23:30:17 +0000,19.0,0.0,,0.0,19.0,1.86,17.14,0.0,,,,,,United Kingdom,direct,0,0.0,0,0,0,0,(Startup),,1,0,0,demoPID,100615,,{},19.0,,,,1,monthly,,0.0,0,,,,,,,1,card,,,,,,,,,,,,,,
DEMOPID000004==,Acme Pro,Taylor Smith,taylor.smith0@example.com,taylor.smith0@example.com,0,2024-02-26,2024-02-26 05:44:27 +0000,9.0,0.0,,0.0,9.0,1.08,7.92,0.0,,,,,,Japan,direct,0,0.0,0,0,0,0,(Personal),,1,0,0,demoPID,100026,,{},9.0,,,,1,monthly,,0.0,0,,,,,,,1,card,,,,,,,,,,,,,,
DEMOPID000393==,Acme Pro,Reese Dubois,reese.dubois61@example.com,reese.dubois61@example.com,0,2024-02-28,2024-02-28 17:25:33 +0000,190.0,0.0,,0.0,190.0,18.00,172.00,0.0,,,,,,Italy,direct,0,0.0,0,0,0,0,(Startup),,0,0,0,demoPID,102020,,{},190.0,,,,1,yearly,,0.0,0,,,,,,,1,card,,,,,,,,,,,,,,
DEMOPID000485==,Acme Pro,Hayden Ortiz,hayden.ortiz68@example.com,hayden.ortiz68@example.com,0,2024-02-29,2024-02-29 10:29:50 +0000,84.2,0.0,,0.0,84.2,8.75,75.40,0.0,,,,,,India,direct,0,0.0,0,0,0,0,(Enterprise),welcome15,1,0,0,demoPID,102497,,{},99.0,,,,1,monthly,,0.0,0,,,,,,,1,card,,,,,,,,,,,,,,
DEMOPID001400==,Acme Pro,Hayden Johnson,hayden.johnson182@example.com,hayden.johnson182@example.com,0,2024-03-02,2024-03-02 13:18:57 +0000,19.0,0.0,,0.0,19.0,2.28,16.72,0.0,,,,,,United States,direct,0,0.0,0,0,0,0,(Startup),,1,0,0,demoPID,107028,,{},19.0,,,,1,monthly,,0.0,0,,,,,,,1,card,,,,,,,,,,,,,,
DEMOPID000860==,Acme Pro,Rowan Ortiz,rowan.ortiz108@example.com,rowan.ortiz108@example.com,0,2024-03-03,2024-03-03 17:27:36 +0000,49.0,0.0,,0.0,49.0,4.92,44.08,0.0,,,,,,United States,direct,0,0.0,0,0,0,0,(Business),,1,0,0,demoPID,104305,,{},49.0,,,,1,monthly,,0.0,0,2026-06-04 00:00:00 UTC,2026-07-03,,,,,1,card,,,,,,,,,,,,,,
DEMOPID000434==,Acme Pro,Morgan Muller,morgan.muller64@example.com,morgan.muller64@example.com,0,2024-03-09,2024-03-09 05:06:58 +0000,19.0,0.0,,0.0,19.0,2.32,16.68,0.0,,,,,,Japan,direct,0,0.0,0,0,0,0,(Startup),,1,0,0,demoPID,102221,,{},19.0,,,,1,monthly,,0.0,0,,,,,,,1,card,,,,,,,,,,,,,,
DEMOPID000326==,Acme Pro,Morgan Ortiz,morgan.ortiz51@example.com,morgan.ortiz51@example.com,0,2024-03-14,2024-03-14 06:21:38 +0000,99.0,0.0,,0.0,99.0,10.83,88.17,0.0,,,,,,Japan,direct,0,0.0,0,0,0,0,(Enterprise),,1,0,0,demoPID,101683,,{},99.0,,,,1,monthly,,0.0,0,2026-05-15 00:00:00 UTC,2026-06-14,,,,,1,card,,,,,,,,,,,,,,
DEMOPID001195==,Acme Pro,Rowan Johnson,rowan.johnson150@example.com,rowan.johnson150@example.com,0,2024-03-17,2024-03-17 21:36:34 +0000,36.8,0.0,,0.0,36.8,3.78,32.97,0.0,,,,,,United Kingdom,direct,0,0.0,0,0,0,0,(Business),launch25,1,0,0,demoPID,106021,,{},49.0,,,,1,monthly,,0.0,0,,,,,,,1,card,,,,,,,,,,,,,,
DEMOPID000574==,Acme Pro,Hayden Nguyen,hayden.nguyen82@example.com,hayden.nguyen82@example.com,0,2024-03-20,2024-03-20 02:12:08 +0000,5.4,0.0,,0.0,5.4,0.54,4.86,0.0,,,,,,Brazil,direct,0,0.0,0,0,0,0,(Personal),blackfriday,1,0,0,demoPID,102926,,{},9.0,,,,1,monthly,,0.0,0,,,,,,,1,card,,,,,,,,,,,,,,
DEMOPID000128==,Acme Pro,Morgan Andersson,morgan.andersson18@example.com,morgan.andersson18@example.com,0,2024-03-21,2024-03-21 03:53:12 +0000,19.0,0.0,,0.0,19.0,2.16,16.84,0.0,,,,,,United Kingdom,direct,0,0.0,0,0,0,0,(Startup),,1,0,0,demoPID,100624,,{},19.0,,,,1,monthly,,0.0,0,,,,,,,1,card,,,,,,,,,,,,,,
DEMOPID000005==,Acme Pro,Taylor Smith,taylor.smith0@example.com,taylor.smith0@example.com,0,2024-03-26,2024-03-26 06:48:21 +0000,9.0,0.0,,0.0,9.0,0.91,8.09,0.0,,,,,,Japan,direct,0,0.0,0,0,0,0,(Personal),,1,0,0,demoPID,100032,,{},9.0,,,,1,monthly,,0.0,0,,,,,,,1,card,,,,,,,,,,,,,,
DEMOPID000486==,Acme Pro,Hayden Ortiz,hayden.ortiz68@example.com,hayden.ortiz68@example.com,0,2024-03-29,2024-03-29 11:30:06 +0000,84.2,0.0,,0.0,84.2,9.33,74.82,0.0,,,,,,India,direct,0,0.0,0,0,0,0,(Enterprise),welcome15,1,0,0,demoPID,102501,,{},99.0,,,,1,monthly,,0.0,0,,,,,,,1,card,,,,,,,,,,,,,,
DEMOPID000064==,Acme Pro,Hayden Smith,hayden.smith8@example.com,hayden.smith8@example.com,0,2024-03-30,2024-03-30 09:23:57 +0000,90.0,0.0,,0.0,90.0,8.56,81.44,0.0,,,,,,Germany,direct,0,0.0,0,0,0,0,(Personal),,0,0,0,demoPID,100312,,{},90.0,,,,1,yearly,,0.0,0,,,,,,,1,card,,,,,,,,,,,,,,
DEMOPID001401==,Acme Pro,Hayden Johnson,hayden.johnson182@example.com,hayden.johnson182@example.com,0,2024-04-02,2024-04-02 08:33:20 +0000,19.0,0.0,,0.0,19.0,2.18,16.82,0.0,,,,,,United States,direct,0,0.0,0,0,0,0,(Startup),,1,0,0,demoPID,107033,,{},19.0,,,,1,monthly,,0.0,0,,,,,,,1,card,,,,,,,,,,,,,,
DEMOPID000255==,Acme Pro,Jordan Rossi,jordan.rossi42@example.com,jordan.rossi42@example.com,0,2024-04-03,2024-04-03 21:09:58 +0000,16.1,0.0,,0.0,16.1,1.51,14.64,0.0,,,,,,Germany,direct,0,0.0,0,0,0,0,(Startup),welcome15,0,0,0,demoPID,101297,,{},19.0,,,,1,monthly,,0.0,0,,,,,,,1,card,,,,,,,,,,,,,,
DEMOPID000861==,Acme Pro,Rowan Ortiz,rowan.ortiz108@example.com,rowan.ortiz108@example.com,0,2024-04-03,2024-04-03 21:25:48 +0000,49.0,0.0,,0.0,49.0,5.61,43.39,0.0,,,,,,United States,direct,0,0.0,0,0,0,0,(Business),,1,0,0,demoPID,104311,,{},49.0,,,,1,monthly,,0.0,0,2026-06-04 00:00:00 UTC,2026-07-03,,,,,1,card,,,,,,,,,,,,,,
DEMOPID000435==,Acme Pro,Morgan Muller,morgan.muller64@example.com,morgan.muller64@example.com,0,2024-04-09,2024-04-09 07:12:39 +0000,19.0,0.0,,0.0,19.0,2.11,16.89,0.0,,,,,,Japan,direct,0,0.0,0,0,0,0,(Startup),,1,0,0,demoPID,102223,,{},19.0,,,,1,monthly,,0.0,0,,,,,,,1,card,,,,,,,,,,,,,,
DEMOPID000327==,Acme Pro,Morgan Ortiz,morgan.ortiz51@example.com,morgan.ortiz51@example.com,0,2024-04-14,2024-04-14 22:20:46 +0000,99.0,0.0,,0.0,99.0,10.15,88.85,0.0,,,,,,Japan,direct,0,0.0,0,0,0,0,(Enterprise),,1,0,0,demoPID,101686,,{},99.0,,,,1,monthly,,0.0,0,2026-05-15 00:00:00 UTC,2026-06-14,,,,,1,card,,,,,,,,,,,,,,
DEMOPID001196==,Acme Pro,Rowan Johnson,rowan.johnson150@example.com,rowan.johnson150@example.com,0,2024-04-17,2024-04-17 06:48:02 +0000,36.8,0.0,,0.0,36.8,3.78,32.97,0.0,,,,,,United Kingdom,direct,0,0.0,0,0,0,0,(Business),launch25,1,0,0,demoPID,106024,,{},49.0,,,,1,monthly,,0.0,0,,,,,,,1,card,,,,,,,,,,,,,,
DEMOPID000575==,Acme Pro,Hayden Nguyen,hayden.nguyen82@example.com,hayden.nguyen82@example.com,0,2024-04-20,2024-04-20 05:28:29 +0000,5.4,0.0,,0.0,5.4,0.52,4.88,0.0,,,,,,Brazil,direct,0,0.0,0,0,0,0,(Personal),blackfriday,1,0,0,demoPID,102928,,{},9.0,,,,1,monthly,,0.0,0,,,,,,,1,card,,,,,,,,,,,,,,
DEMOPID000129==,Acme Pro,Morgan Andersson,morgan.andersson18@example.com,morgan.andersson18@example.com,0,2024-04-21,2024-04-21 05:19:00 +0000,19.0,0.0,,0.0,19.0,1.88,17.12,0.0,,,,,,United Kingdom,direct,0,0.0,0,0,0,0,(Startup),,1,0,0,demoPID,100629,,{},19.0,,,,1,monthly,,0.0,0,,,,,,,1,card,,,,,,,,,,,,,,
DEMOPID000758==,Acme Pro,Reese Smith,reese.smith100@example.com,reese.smith100@example.com,0,2024-04-25,2024-04-25 04:53:03 +0000,0.0,0.0,,0.0,0.0,0.00,0.00,0.0,,,,,,Australia,direct,0,0.0,0,0,0,0,(Personal),oss100,0,0,0,demoPID,103799,,{},9.0,,,,1,monthly,,0.0,0,2026-05-29 00:00:00 UTC,2026-06-25,,,,,1,card,,,,,,,,,,,,,,
DEMOPID000006==,Acme Pro,Taylor Smith,taylor.smith0@example.com,taylor.smith0@example.com,0,2024-04-26,2024-04-26 03:22:54 +0000,9.0,0.0,,0.0,9.0,0.84,8.16,0.0,,,,,,Japan,direct,0,0.0,0,0,0,0,(Personal),,1,0,0,demoPID,100034,,{},9.0,,,,1,monthly,,0.0,0,,,,,,,1,card,,,,,,,,,,,,,,
DEMOPID000487==,Acme Pro,Hayden Ortiz,hayden.ortiz68@example.com,hayden.ortiz68@example.com,0,2024-04-29,2024-04-29 14:20:04 +0000,84.2,0.0,,0.0,84.2,10.00,74.15,0.0,,,,,,India,direct,0,0.0,0,0,0,0,(Enterprise),welcome15,1,0,0,demoPID,102509,,{},99.0,,,,1,monthly,,0.0,0,,,,,,,1,card,,,,,,,,,,,,,,
DEMOPID001402==,Acme Pro,Hayden Johnson,hayden.johnson182@example.com,hayden.johnson182@example.com,0,2024-05-02,2024-05-02 10:47:31 +0000,19.0,0.0,,0.0,19.0,2.39,16.61,0.0,,,,,,United States,direct,0,0.0,0,0,0,0,(Startup),,1,0,0,demoPID,107040,,{},19.0,,,,1,monthly,,0.0,0,,,,,,,1,card,,,,,,,,,,,,,,
DEMOPID000862==,Acme Pro,Rowan Ortiz,rowan.ortiz108@example.com,rowan.ortiz108@example.com,0,2024-05-03,2024-05-03 17:30:11 +0000,49.0,0.0,,0.0,49.0,5.22,43.78,0.0,,,,,,United States,direct,0,0.0,0,0,0,0,(Business),,1,0,0,demoPID,104315,,{},49.0,,,,1,monthly,,0.0,0,2026-06-04 00:00:00 UTC,2026-07-03,,,,,1,card,,,,,,,,,,,,,,
DEMOPID000256==,Acme Pro,Jordan Rossi,jordan.rossi42@example.com,jordan.rossi42@example.com,0,2024-05-03,2024-05-03 20:44:42 +0000,16.1,0.0,,0.0,16.1,1.65,14.50,0.0,,,,,,Germany,direct,0,0.0,0,0,0,0,(Startup),welcome15,1,0,0,demoPID,101303,,{},19.0,,,,1,monthly,,0.0,0,,,,,,,1,card,,,,,,,,,,,,,,
DEMOPID000436==,Acme Pro,Morgan Muller,morgan.muller64@example.com,morgan.muller64@example.com,0,2024-05-09,2024-05-09 11:17:50 +0000,19.0,0.0,,0.0,19.0,1.90,17.10,0.0,,,,,,Japan,direct,0,0.0,0,0,0,0,(Startup),,1,0,0,demoPID,102232,,{},19.0,,,,1,monthly,,0.0,0,,,,,,,1,card,,,,,,,,,,,,,,
DEMOPID000328==,Acme Pro,Morgan Ortiz,morgan.ortiz51@example.com,morgan.ortiz51@example.com,0,2024-05-14,2024-05-14 04:48:23 +0000,99.0,0.0,,0.0,99.0,12.77,86.23,0.0,,,,,,Japan,direct,0,0.0,0,0,0,0,(Enterprise),,1,0,0,demoPID,101692,,{},99.0,,,,1,monthly,,0.0,0,2026-05-15 00:00:00 UTC,2026-06-14,,,,,1,card,,,,,,,,,,,,,,
DEMOPID001197==,Acme Pro,Rowan Johnson,rowan.johnson150@example.com,rowan.johnson150@example.com,0,2024-05-17,2024-05-17 03:17:09 +0000,36.8,0.0,,0.0,36.8,3.80,32.95,0.0,,,,,,United Kingdom,direct,0,0.0,0,0,0,0,(Business),launch25,1,0,0,demoPID,106027,,{},49.0,,,,1,monthly,,0.0,0,,,,,,,1,card,,,,,,,,,,,,,,
DEMOPID000576==,Acme Pro,Hayden Nguyen,hayden.nguyen82@example.com,hayden.nguyen82@example.com,0,2024-05-20,2024-05-20 17:22:49 +0000,5.4,0.0,,0.0,5.4,0.57,4.83,0.0,,,,,,Brazil,direct,0,0.0,0,0,0,0,(Personal),blackfriday,1,0,0,demoPID,102934,,{},9.0,,,,1,monthly,,0.0,0,,,,,,,1,card,,,,,,,,,,,,,,
DEMOPID000995==,Acme Pro,Quinn Lee,quinn.lee121@example.com,quinn.lee121@example.com,0,2024-05-20,2024-05-20 22:44:36 +0000,190.0,0.0,,0.0,190.0,23.38,166.62,0.0,,,,,,Spain,direct,0,0.0,0,0,0,0,(Startup),,0,0,0,demoPID,105007,,{},190.0,,,,1,yearly,,0.0,0,,,,,,,1,card,,,,,,,,,,,,,,
DEMOPID000130==,Acme Pro,Morgan Andersson,morgan.andersson18@example.com,morgan.andersson18@example.com,0,2024-05-21,2024-05-21 01:03:35 +0000,19.0,0.0,,0.0,19.0,1.81,17.19,0.0,,,,,,United Kingdom,direct,0,0.0,0,0,0,0,(Startup),,1,0,0,demoPID,100638,,{},19.0,,,,1,monthly,,0.0,0,,,,,,,1,card,,,,,,,,,,,,,,
DEMOPID000364==,Acme Pro,Sam Lee,sam.lee58@example.com,sam.lee58@example.com,0,2024-05-24,2024-05-24 05:59:58 +0000,19.0,0.0,,0.0,19.0,2.38,16.62,0.0,,,,,,India,direct,0,0.0,0,0,0,0,(Startup),,0,0,0,demoPID,101894,,{},19.0,,,,1,monthly,,0.0,0,,,,,,,1,card,,,,,,,,,,,,,,
DEMOPID000759==,Acme Pro,Reese Smith,reese.smith100@example.com,reese.smith100@example.com,0,2024-05-25,2024-05-25 06:48:34 +0000,0.0,0.0,,0.0,0.0,0.00,0.00,0.0,,,,,,Australia,direct,0,0.0,0,0,0,0,(Personal),oss100,1,0,0,demoPID,103804,,{},9.0,,,,1,monthly,,0.0,0,2026-05-29 00:00:00 UTC,2026-06-25,,,,,1,card,,,,,,,,,,,,,,
DEMOPID000007==,Acme Pro,Taylor Smith,taylor.smith0@example.com,taylor.smith0@example.com,0,2024-05-26,2024-05-26 01:46:29 +0000,9.0,0.0,,0.0,9.0,1.03,7.97,0.0,,,,,,Japan,direct,0,0.0,0,0,0,0,(Personal),,1,0,0,demoPID,100040,,{},9.0,,,,1,monthly,,0.0,0,,,,,,,1,card,,,,,,,,,,,,,,
DEMOPID000929==,Acme Pro,Drew Andersson,drew.andersson114@example.com,drew.andersson114@example.com,0,2024-05-28,2024-05-28 20:56:36 +0000,99.0,0.0,,0.0,99.0,11.41,87.59,0.0,,,,,,Sweden,direct,0,0.0,0,0,0,0,(Enterprise),,0,0,0,demoPID,104663,,{},99.0,,,,1,monthly,,0.0,0,,,,,,,1,card,,,,,,,,,,,,,,
DEMOPID000488==,Acme Pro,Hayden Ortiz,hayden.ortiz68@example.com,hayden.ortiz68@example.com,0,2024-05-29,2024-05-29 22:07:01 +0000,84.2,0.0,,0.0,84.2,7.72,76.43,0.0,,,,,,India,direct,0,0.0,0,0,0,0,(Enterprise),welcome15,1,0,0,demoPID,102514,,{},99.0,,,,1,monthly,,0.0,0,,,,,,,1,card,,,,,,,,,,,,,,
DEMOPID001403==,Acme Pro,Hayden Johnson,hayden.johnson182@example.com,hayden.johnson182@example.com,0,2024-06-02,2024-06-02 21:40:51 +0000,19.0,0.0,,0.0,19.0,2.13,16.87,0.0,,,,,,United States,direct,0,0.0,0,0,0,0,(Startup),,1,0,0,demoPID,107043,,{},19.0,,,,1,monthly,,0.0,0,,,,,,,1,card,,,,,,,,,,,,,,
DEMOPID000863==,Acme Pro,Rowan Ortiz,rowan.ortiz108@example.com,rowan.ortiz108@example.com,0,2024-06-03,2024-06-03 15:16:19 +0000,49.0,0.0,,0.0,49.0,5.51,43.49,0.0,,,,,,United States,direct,0,0.0,0,0,0,0,(Business),,1,0,0,demoPID,104321,,{},49.0,,,,1,monthly,,0.0,0,2026-06-04 00:00:00 UTC,2026-07-03,,,,,1,card,,,,,,,,,,,,,,
DEMOPID000257==,Acme Pro,Jordan Rossi,jordan.rossi42@example.com,jordan.rossi42@example.com,0,2024-06-03,2024-06-03 22:05:19 +0000,16.1,0.0,,0.0,16.1,1.54,14.61,0.0,,,,,,Germany,direct,0,0.0,0,0,0,0,(Startup),welcome15,1,0,0,demoPID,101310,,{},19.0,,,,1,monthly,,0.0,0,,,,,,,1,card,,,,,,,,,,,,,,
DEMOPID000291==,Acme Pro,Casey Johnson,casey.johnson45@example.com,casey.johnson45@example.com,0,2024-06-08,2024-06-08 14:02:18 +0000,161.5,0.0,,0.0,161.5,14.94,146.56,0.0,,,,,,France,direct,0,0.0,0,0,0,0,(Startup),welcome15,0,0,0,demoPID,101493,,{},190.0,,,,1,yearly,,0.0,0,,,,,,,1,card,,,,,,,,,,,,,,
DEMOPID000437==,Acme Pro,Morgan Muller,morgan.muller64@example.com,morgan.muller64@example.com,0,2024-06-09,2024-06-09 12:29:36 +0000,19.0,0.0,,0.0,19.0,1.77,17.23,0.0,,,,,,Japan,direct,0,0.0,0,0,0,0,(Startup),,1,0,0,demoPID,102239,,{},19.0,,,,1,monthly,,0.0,0,,,,,,,1,card,,,,,,,,,,,,,,
DEMOPID000329==,Acme Pro,Morgan Ortiz,morgan.ortiz51@example.com,morgan.ortiz51@example.com,0,2024-06-14,2024-06-14 10:15:29 +0000,99.0,0.0,,0.0,99.0,11.13,87.87,0.0,,,,,,Japan,direct,0,0.0,0,0,0,0,(Enterprise),,1,0,0,demoPID,101701,,{},99.0,,,,1,monthly,,0.0,0,2026-05-15 00:00:00 UTC,2026-06-14,,,,,1,card,,,,,,,,,,,,,,
DEMOPID001198==,Acme Pro,Rowan Johnson,rowan.johnson150@example.com,rowan.johnson150@example.com,0,2024-06-17,2024-06-17 11:35:10 +0000,36.8,0.0,,0.0,36.8,3.55,33.20,0.0,,,,,,United Kingdom,direct,0,0.0,0,0,0,0,(Business),launch25,1,0,0,demoPID,106034,,{},49.0,,,,1,monthly,,0.0,0,,,,,,,1,card,,,,,,,,,,,,,,
DEMOPID000577==,Acme Pro,Hayden Nguyen,hayden.nguyen82@example.com,hayden.nguyen82@example.com,0,2024-06-20,2024-06-20 14:16:54 +0000,5.4,0.0,,0.0,5.4,0.58,4.82,0.0,,,,,,Brazil,direct,0,0.0,0,0,0,0,(Personal),blackfriday,1,0,0,demoPID,102938,,{},9.0,,,,1,monthly,,0.0,0,,,,,,,1,card,,,,,,,,,,,,,,
DEMOPID000131==,Acme Pro,Morgan Andersson,morgan.andersson18@example.com,morgan.andersson18@example.com,0,2024-06-21,2024-06-21 04:40:55 +0000,19.0,0.0,,0.0,19.0,2.24,16.76,0.0,,,,,,United Kingdom,direct,0,0.0,0,0,0,0,(Startup),,1,0,0,demoPID,100643,,{},19.0,,,,1,monthly,,0.0,0,,,,,,,1,card,,,,,,,,,,,,,,
DEMOPID000365==,Acme Pro,Sam Lee,sam.lee58@example.com,sam.lee58@example.com,0,2024-06-24,2024-06-24 12:50:31 +0000,19.0,0.0,,0.0,19.0,2.47,16.53,0.0,,,,,,India,direct,0,0.0,0,0,0,0,(Startup),,1,0,0,demoPID,101895,,{},19.0,,,,1,monthly,,0.0,0,,,,,,,1,card,,,,,,,,,,,,,,
DEMOPID000760==,Acme Pro,Reese Smith,reese.smith100@example.com,reese.smith100@example.com,0,2024-06-25,2024-06-25 11:52:28 +0000,0.0,0.0,,0.0,0.0,0.00,0.00,0.0,,,,,,Australia,direct,0,0.0,0,0,0,0,(Personal),oss100,1,0,0,demoPID,103805,,{},9.0,,,,1,monthly,,0.0,0,2026-05-29 00:00:00 UTC,2026-06-25,,,,,1,card,,,,,,,,,,,,,,
DEMOPID000008==,Acme Pro,Taylor Smith,taylor.smith0@example.com,taylor.smith0@example.com,0,2024-06-26,2024-06-26 12:05:35 +0000,9.0,0.0,,0.0,9.0,0.85,8.15,0.0,,,,,,Japan,direct,0,0.0,0,0,0,0,(Personal),,1,0,0,demoPID,100049,,{},9.0,,,,1,monthly,,0.0,0,,,,,,,1,card,,,,,,,,,,,,,,
DEMOPID000930==,Acme Pro,Drew Andersson,drew.andersson114@example.com,drew.andersson114@example.com,0,2024-06-28,2024-06-28 20:34:19 +0000,99.0,0.0,,0.0,99.0,10.98,88.02,0.0,,,,,,Sweden,direct,0,0.0,0,0,0,0,(Enterprise),,1,0,0,demoPID,104670,,{},99.0,,,,1,monthly,,0.0,0,,,,,,,1,card,,,,,,,,,,,,,,
DEMOPID000489==,Acme Pro,Hayden Ortiz,hayden.ortiz68@example.com,hayden.ortiz68@example.com,0,2024-06-29,2024-06-29 21:51:10 +0000,84.2,0.0,,0.0,84.2,9.75,74.40,0.0,,,,,,India,direct,0,0.0,0,0,0,0,(Enterprise),welcome15,1,0,0,demoPID,102520,,{},99.0,,,,1,monthly,,0.0,0,,,,,,,1,card,,,,,,,,,,,,,,
DEMOPID001404==,Acme Pro,Hayden Johnson,hayden.johnson182@example.com,hayden.johnson182@example.com,0,2024-07-02,2024-07-02 04:03:14 +0000,19.0,0.0,,0.0,19.0,1.75,17.25,0.0,,,,,,United States,direct,0,0.0,0,0,0,0,(Startup),,1,0,0,demoPID,107051,,{},19.0,,,,1,monthly,,0.0,0,,,,,,,1,card,,,,,,,,,,,,,,
DEMOPID000258==,Acme Pro,Jordan Rossi,jordan.rossi42@example.com,jordan.rossi42@example.com,0,2024-07-03,2024-07-03 10:52:08 +0000,16.1,0.0,,0.0,16.1,1.70,14.45,0.0,,,,,,Germany,direct,0,0.0,0,0,0,0,(Startup),welcome15,1,0,0,demoPID,101319,,{},19.0,,,,1,monthly,,0.0,0,,,,,,,1,card,,,,,,,,,,,,,,
DEMOPID000864==,Acme Pro,Rowan Ortiz,rowan.ortiz108@example.com,rowan.ortiz108@example.com,0,2024-07-03,2024-07-03 12:47:08 +0000,49.0,0.0,,0.0,49.0,5.93,43.07,0.0,,,,,,United States,direct,0,0.0,0,0,0,0,(Business),,1,0,0,demoPID,104327,,{},49.0,,,,1,monthly,,0.0,0,2026-06-04 00:00:00 UTC,2026-07-03,,,,,1,card,,,,,,,,,,,,,,
DEMOPID000438==,Acme Pro,Morgan Muller,morgan.muller64@example.com,morgan.muller64@example.com,0,2024-07-09,2024-07-09 07:19:43 +0000,19.0,0.0,,0.0,19.0,2.46,16.54,0.0,,,,,,Japan,direct,0,0.0,0,0,0,0,(Startup),,1,0,0,demoPID,102243,,{},19.0,,,,1,monthly,,0.0,0,,,,,,,1,card,,,,,,,,,,,,,,
DEMOPID000330==,Acme Pro,Morgan Ortiz,morgan.ortiz51@example.com,morgan.ortiz51@example.com,0,2024-07-14,2024-07-14 07:09:06 +0000,99.0,0.0,,0.0,99.0,9.97,89.03,0.0,,,,,,Japan,direct,0,0.0,0,0,0,0,(Enterprise),,1,0,0,demoPID,101703,,{},99.0,,,,1,monthly,,0.0,0,2026-05-15 00:00:00 UTC,2026-06-14,,,,,1,card,,,,,,,,,,,,,,
DEMOPID001199==,Acme Pro,Rowan Johnson,rowan.johnson150@example.com,rowan.johnson150@example.com,0,2024-07-17,2024-07-17 18:02:08 +0000,36.8,0.0,,0.0,36.8,3.67,33.08,0.0,,,,,,United Kingdom,direct,0,0.0,0,0,0,0,(Business),launch25,1,0,0,demoPID,106042,,{},49.0,,,,1,monthly,,0.0,0,,,,,,,1,card,,,,,,,,,,,,,,
DEMOPID000971==,Acme Pro,Drew Garcia,drew.garcia119@example.com,drew.garcia119@example.com,0,2024-07-18,2024-07-18 01:36:41 +0000,19.0,0.0,,0.0,19.0,1.86,17.14,0.0,,,,,,Germany,direct,0,0.0,0,0,0,0,(Startup),,0,0,0,demoPID,104896,,{},19.0,,,,1,monthly,,0.0,0,2026-05-21 00:00:00 UTC,2026-06-18,,,,,1,card,,,,,,,,,,,,,,
DEMOPID001037==,Acme Pro,Jamie Johnson,jamie.johnson129@example.com,jamie.johnson129@example.com,0,2024-07-20,2024-07-20 14:55:39 +0000,39.2,0.0,,0.0,39.2,3.81,35.39,0.0,,,,,,Netherlands,direct,0,0.0,0,0,0,0,(Business),friend20,0,0,0,demoPID,105217,,{},49.0,,,,1,monthly,,0.0,0,,,,,,,1,card,,,,,,,,,,,,,,
DEMOPID000578==,Acme Pro,Hayden Nguyen,hayden.nguyen82@example.com,hayden.nguyen82@example.com,0,2024-07-20,2024-07-20 21:19:52 +0000,5.4,0.0,,0.0,5.4,0.51,4.89,0.0,,,,,,Brazil,direct,0,0.0,0,0,0,0,(Personal),blackfriday,1,0,0,demoPID,102940,,{},9.0,,,,1,monthly,,0.0,0,,,,,,,1,card,,,,,,,,,,,,,,
DEMOPID000132==,Acme Pro,Morgan Andersson,morgan.andersson18@example.com,morgan.andersson18@example.com,0,2024-07-21,2024-07-21 00:36:18 +0000,19.0,0.0,,0.0,19.0,1.79,17.21,0.0,,,,,,United Kingdom,direct,0,0.0,0,0,0,0,(Startup),,1,0,0,demoPID,100651,,{},19.0,,,,1,monthly,,0.0,0,,,,,,,1,card,,,,,,,,,,,,,,
DEMOPID000366==,Acme Pro,Sam Lee,sam.lee58@example.com,sam.lee58@example.com,0,2024-07-24,2024-07-24 09:56:02 +0000,19.0,0.0,,0.0,19.0,2.42,16.58,0.0,,,,,,India,direct,0,0.0,0,0,0,0,(Startup),,1,0,0,demoPID,101898,,{},19.0,,,,1,monthly,,0.0,0,,,,,,,1,card,,,,,,,,,,,,,,
DEMOPID000761==,Acme Pro,Reese Smith,reese.smith100@example.com,reese.smith100@example.com,0,2024-07-25,2024-07-25 19:55:43 +0000,0.0,0.0,,0.0,0.0,0.00,0.00,0.0,,,,,,Australia,direct,0,0.0,0,0,0,0,(Personal),oss100,1,0,0,demoPID,103807,,{},9.0,,,,1,monthly,,0.0,0,2026-05-29 00:00:00 UTC,2026-06-25,,,,,1,card,,,,,,,,,,,,,,
DEMOPID000009==,Acme Pro,Taylor Smith,taylor.smith0@example.com,taylor.smith0@example.com,0,2024-07-26,2024-07-26 19:56:55 +0000,9.0,0.0,,0.0,9.0,1.11,7.89,0.0,,,,,,Japan,direct,0,0.0,0,0,0,0,(Personal),,1,0,0,demoPID,100054,,{},9.0,,,,1,monthly,,0.0,0,,,,,,,1,card,,,,,,,,,,,,,,
DEMOPID000931==,Acme Pro,Drew Andersson,drew.andersson114@example.com,drew.andersson114@example.com,0,2024-07-28,2024-07-28 07:51:05 +0000,99.0,0.0,,0.0,99.0,10.82,88.18,0.0,,,,,,Sweden,direct,0,0.0,0,0,0,0,(Enterprise),,1,0,0,demoPID,104676,,{},99.0,,,,1,monthly,,0.0,0,,,,,,,1,card,,,,,,,,,,,,,,
DEMOPID000490==,Acme Pro,Hayden Ortiz,hayden.ortiz68@example.com,hayden.ortiz68@example.com,0,2024-07-29,2024-07-29 17:10:21 +0000,84.2,0.0,,0.0,84.2,9.31,74.84,0.0,,,,,,India,direct,0,0.0,0,0,0,0,(Enterprise),welcome15,1,0,0,demoPID,102524,,{},99.0,,,,1,monthly,,0.0,0,,,,,,,1,card,,,,,,,,,,,,,,
DEMOPID001405==,Acme Pro,Hayden Johnson,hayden.johnson182@example.com,hayden.johnson182@example.com,0,2024-08-02,2024-08-02 08:10:45 +0000,19.0,0.0,,0.0,19.0,1.74,17.26,0.0,,,,,,United States,direct,0,0.0,0,0,0,0,(Startup),,1,0,0,demoPID,107054,,{},19.0,,,,1,monthly,,0.0,0,,,,,,,1,card,,,,,,,,,,,,,,
DEMOPID001085==,Acme Pro,Sam Ortiz,sam.ortiz141@example.com,sam.ortiz141@example.com,0,2024-08-03,2024-08-03 06:18:17 +0000,0.0,0.0,,0.0,0.0,0.00,0.00,0.0,,,,,,Poland,direct,0,0.0,0,0,0,0,(Personal),maintainer,0,0,0,demoPID,105459,,{},9.0,,,,1,monthly,,0.0,0,2026-06-04 00:00:00 UTC,2026-07-03,,,,,1,card,,,,,,,,,,,,,,
DEMOPID000865==,Acme Pro,Rowan Ortiz,rowan.ortiz108@example.com,rowan.ortiz108@example.com,0,2024-08-03,2024-08-03 14:50:44 +0000,49.0,0.0,,0.0,49.0,5.88,43.12,0.0,,,,,,United States,direct,0,0.0,0,0,0,0,(Business),,1,0,0,demoPID,104329,,{},49.0,,,,1,monthly,,0.0,0,2026-06-04 00:00:00 UTC,2026-07-03,,,,,1,card,,,,,,,,,,,,,,
DEMOPID000259==,Acme Pro,Jordan Rossi,jordan.rossi42@example.com,jordan.rossi42@example.com,0,2024-08-03,2024-08-03 21:27:32 +0000,16.1,0.0,,0.0,16.1,1.51,14.64,0.0,,,,,,Germany,direct,0,0.0,0,0,0,0,(Startup),welcome15,1,0,0,demoPID,101328,,{},19.0,,,,1,monthly,,0.0,0,,,,,,,1,card,,,,,,,,,,,,,,
DEMOPID000439==,Acme Pro,Morgan Muller,morgan.muller64@example.com,morgan.muller64@example.com,0,2024-08-09,2024-08-09 20:48:02 +0000,19.0,0.0,,0.0,19.0,2.21,16.79,0.0,,,,,,Japan,direct,0,0.0,0,0,0,0,(Startup),,1,0,0,demoPID,102245,,{},19.0,,,,1,monthly,,0.0,0,,,,,,,1,card,,,,,,,,,,,,,,
DEMOPID000331==,Acme Pro,Morgan Ortiz,morgan.ortiz51@example.com,morgan.ortiz51@example.com,0,2024-08-14,2024-08-14 12:55:39 +0000,99.0,0.0,,0.0,99.0,10.06,88.94,0.0,,,,,,Japan,direct,0,0.0,0,0,0,0,(Enterprise),,1,0,0,demoPID,101704,,{},99.0,,,,1,monthly,,0.0,0,2026-05-15 00:00:00 UTC,2026-06-14,,,,,1,card,,,,,,,,,,,,,,
DEMOPID001200==,Acme Pro,Rowan Johnson,rowan.johnson150@example.com,rowan.johnson150@example.com,0,2024-08-17,2024-08-17 20:39:24 +0000,36.8,0.0,,0.0,36.8,4.47,32.28,0.0,,,,,,United Kingdom,direct,0,0.0,0,0,0,0,(Business),launch25,1,0,0,demoPID,106044,,{},49.0,,,,1,monthly,,0.0,0,,,,,,,1,card,,,,,,,,,,,,,,
DEMOPID000972==,Acme Pro,Drew Garcia,drew.garcia119@example.com,drew.garcia119@example.com,0,2024-08-18,2024-08-18 16:39:44 +0000,19.0,0.0,,0.0,19.0,2.21,16.79,0.0,,,,,,Germany,direct,0,0.0,0,0,0,0,(Startup),,1,0,0,demoPID,104903,,{},19.0,,,,1,monthly,,0.0,0,2026-05-21 00:00:00 UTC,2026-06-18,,,,,1,card,,,,,,,,,,,,,,
DEMOPID000579==,Acme Pro,Hayden Nguyen,hayden.nguyen82@example.com,hayden.nguyen82@example.com,0,2024-08-20,2024-08-20 10:09:05 +0000,5.4,0.0,,0.0,5.4,0.53,4.87,0.0,,,,,,Brazil,direct,0,0.0,0,0,0,0,(Personal),blackfriday,1,0,0,demoPID,102941,,{},9.0,,,,1,monthly,,0.0,0,,,,,,,1,card,,,,,,,,,,,,,,
DEMOPID000133==,Acme Pro,Morgan Andersson,morgan.andersson18@example.com,morgan.andersson18@example.com,0,2024-08-21,2024-08-21 10:11:03 +0000,19.0,0.0,,0.0,19.0,2.07,16.93,0.0,,,,,,United Kingdom,direct,0,0.0,0,0,0,0,(Startup),,1,0,0,demoPID,100659,,{},19.0,,,,1,monthly,,0.0,0,,,,,,,1,card,,,,,,,,,,,,,,
DEMOPID000367==,Acme Pro,Sam Lee,sam.lee58@example.com,sam.lee58@example.com,0,2024-08-24,2024-08-24 19:06:59 +0000,19.0,0.0,,0.0,19.0,1.94,17.06,0.0,,,,,,India,direct,0,0.0,0,0,0,0,(Startup),,1,0,0,demoPID,101899,,{},19.0,,,,1,monthly,,0.0,0,,,,,,,1,card,,,,,,,,,,,,,,
DEMOPID000762==,Acme Pro,Reese Smith,reese.smith100@example.com,reese.smith100@example.com,0,2024-08-25,2024-08-25 07:47:41 +0000,0.0,0.0,,0.0,0.0,0.00,0.00,0.0,,,,,,Australia,direct,0,0.0,0,0,0,0,(Personal),oss100,1,0,0,demoPID,103816,,{},9.0,,,,1,monthly,,0.0,0,2026-05-29 00:00:00 UTC,2026-06-25,,,,,1,card,,,,,,,,,,,,,,
DEMOPID000010==,Acme Pro,Taylor Smith,taylor.smith0@example.com,taylor.smith0@example.com,0,2024-08-26,2024-08-26 22:04:02 +0000,9.0,0.0,,0.0,9.0,1.02,7.98,0.0,,,,,,Japan,direct,0,0.0,0,0,0,0,(Personal),,1,0,0,demoPID,100060,,{},9.0,,,,1,monthly,,0.0,0,,,,,,,1,card,,,,,,,,,,,,,,
DEMOPID000932==,Acme Pro,Drew Andersson,drew.andersson114@example.com,drew.andersson114@example.com,0,2024-08-28,2024-08-28 13:16:09 +0000,99.0,0.0,,0.0,99.0,10.13,88.87,0.0,,,,,,Sweden,direct,0,0.0,0,0,0,0,(Enterprise),,1,0,0,demoPID,104684,,{},99.0,,,,1,monthly,,0.0,0,,,,,,,1,card,,,,,,,,,,,,,,
DEMOPID000491==,Acme Pro,Hayden Ortiz,hayden.ortiz68@example.com,hayden.ortiz68@example.com,0,2024-08-29,2024-08-29 14:14:51 +0000,84.2,0.0,,0.0,84.2,9.01,75.14,0.0,,,,,,India,direct,0,0.0,0,0,0,0,(Enterprise),welcome15,1,0,0,demoPID,102533,,{},99.0,,,,1,monthly,,0.0,0,,,,,,,1,card,,,,,,,,,,,,,,
DEMOPID001406==,Acme Pro,Hayden Johnson,hayden.johnson182@example.com,hayden.johnson182@example.com,0,2024-09-02,2024-09-02 15:02:28 +0000,19.0,0.0,,0.0,19.0,2.04,16.96,0.0,,,,,,United States,direct,0,0.0,0,0,0,0,(Startup),,1,0,0,demoPID,107062,,{},19.0,,,,1,monthly,,0.0,0,,,,,,,1,card,,,,,,,,,,,,,,
DEMOPID000260==,Acme Pro,Jordan Rossi,jordan.rossi42@example.com,jordan.rossi42@example.com,0,2024-09-03,2024-09-03 09:11:13 +0000,16.1,0.0,,0.0,16.1,1.47,14.68,0.0,,,,,,Germany,direct,0,0.0,0,0,0,0,(Startup),welcome15,1,0,0,demoPID,101334,,{},19.0,,,,1,monthly,,0.0,0,,,,,,,1,card,,,,,,,,,,,,,,
DEMOPID001086==,Acme Pro,Sam Ortiz,sam.ortiz141@example.com,sam.ortiz141@example.com,0,2024-09-03,2024-09-03 10:49:28 +0000,0.0,0.0,,0.0,0.0,0.00,0.00,0.0,,,,,,Poland,direct,0,0.0,0,0,0,0,(Personal),maintainer,1,0,0,demoPID,105468,,{},9.0,,,,1,monthly,,0.0,0,2026-06-04 00:00:00 UTC,2026-07-03,,,,,1,card,,,,,,,,,,,,,,
DEMOPID000866==,Acme Pro,Rowan Ortiz,rowan.ortiz108@example.com,rowan.ortiz108@example.com,0,2024-09-03,2024-09-03 16:25:50 +0000,49.0,0.0,,0.0,49.0,4.61,44.39,0.0,,,,,,United States,direct,0,0.0,0,0,0,0,(Business),,1,0,0,demoPID,104332,,{},49.0,,,,1,monthly,,0.0,0,2026-06-04 00:00:00 UTC,2026-07-03,,,,,1,card,,,,,,,,,,,,,,
DEMOPID000619==,Acme Pro,Morgan Schmidt,morgan.schmidt87@example.com,morgan.schmidt87@example.com,0,2024-09-04,2024-09-04 01:18:01 +0000,99.0,0.0,,0.0,99.0,10.70,88.30,0.0,,,,,,Sweden,direct,0,0.0,0,0,0,0,(Enterprise),,0,0,0,demoPID,103137,,{},99.0,,,,1,monthly,,0.0,0,,,,,,,1,card,,,,,,,,,,,,,,
DEMOPID001246==,Acme Pro,Taylor Andersson,taylor.andersson153@example.com,taylor.andersson153@example.com,0,2024-09-04,2024-09-04 16:43:27 +0000,990.0,0.0,,0.0,990.0,124.66,865.34,0.0,,,,,,Japan,direct,0,0.0,0,0,0,0,(Enterprise),,0,0,0,demoPID,106254,,{},990.0,,,,1,yearly,,0.0,0,,,,,,,1,card,,,,,,,,,,,,,,
DEMOPID001024==,Acme Pro,Jamie Muller,jamie.muller127@example.com,jamie.muller127@example.com,0,2024-09-08,2024-09-08 07:36:09 +0000,0.0,0.0,,0.0,0.0,0.00,0.00,0.0,,,,,,France,direct,0,0.0,0,0,0,0,(Enterprise),core-team,0,0,0,demoPID,105151,,{},990.0,,,,1,yearly,,0.0,0,,,,,,,1,card,,,,,,,,,,,,,,
DEMOPID000440==,Acme Pro,Morgan Muller,morgan.muller64@example.com,morgan.muller64@example.com,0,2024-09-09,2024-09-09 12:35:30 +0000,19.0,0.0,,0.0,19.0,2.02,16.98,0.0,,,,,,Japan,direct,0,0.0,0,0,0,0,(Startup),,1,0,0,demoPID,102247,,{},19.0,,,,1,monthly,,0.0,0,,,,,,,1,card,,,,,,,,,,,,,,
DEMOPID000655==,Acme Pro,Alex Rossi,alex.rossi89@example.com,alex.rossi89@example.com,0,2024-09-09,2024-09-09 23:28:49 +0000,49.0,0.0,,0.0,49.0,5.00,44.00,0.0,,,,,,Poland,direct,0,0.0,0,0,0,0,(Business),,0,0,0,demoPID,103306,,{},49.0,,,,1,monthly,,0.0,0,,,,,,,1,card,,,,,,,,,,,,,,
DEMOPID001225==,Acme Pro,Drew Nguyen,drew.nguyen152@example.com,drew.nguyen152@example.com,0,2024-09-13,2024-09-13 16:31:55 +0000,9.0,0.0,,0.0,9.0,0.96,8.04,0.0,,,,,,Italy,direct,0,0.0,0,0,0,0,(Personal),,0,0,0,demoPID,106146,,{},9.0,,,,1,monthly,,0.0,0,,,,,,,1,card,,,,,,,,,,,,,,
DEMOPID000332==,Acme Pro,Morgan Ortiz,morgan.ortiz51@example.com,morgan.ortiz51@example.com,0,2024-09-14,2024-09-14 05:52:20 +0000,99.0,0.0,,0.0,99.0,9.89,89.11,0.0,,,,,,Japan,direct,0,0.0,0,0,0,0,(Enterprise),,1,0,0,demoPID,101711,,{},99.0,,,,1,monthly,,0.0,0,2026-05-15 00:00:00 UTC,2026-06-14,,,,,1,card,,,,,,,,,,,,,,
DEMOPID000188==,Acme Pro,Alex Walsh,alex.walsh26@example.com,alex.walsh26@example.com,0,2024-09-14,2024-09-14 07:40:12 +0000,0.0,0.0,,0.0,0.0,0.00,0.00,0.0,,,,,,Poland,direct,0,0.0,0,0,0,0,(Business),core-team,0,0,0,demoPID,100929,,{},490.0,,,,1,yearly,,0.0,0,,,,,,,1,card,,,,,,,,,,,,,,
DEMOPID001201==,Acme Pro,Rowan Johnson,rowan.johnson150@example.com,rowan.johnson150@example.com,0,2024-09-17,2024-09-17 15:05:00 +0000,36.8,0.0,,0.0,36.8,3.33,33.42,0.0,,,,,,United Kingdom,direct,0,0.0,0,0,0,0,(Business),launch25,1,0,0,demoPID,106047,,{},49.0,,,,1,monthly,,0.0,0,,,,,,,1,card,,,,,,,,,,,,,,
DEMOPID000973==,Acme Pro,Drew Garcia,drew.garcia119@example.com,drew.garcia119@example.com,0,2024-09-18,2024-09-18 07:38:45 +0000,19.0,0.0,,0.0,19.0,1.75,17.25,0.0,,,,,,Germany,direct,0,0.0,0,0,0,0,(Startup),,1,0,0,demoPID,104908,,{},19.0,,,,1,monthly,,0.0,0,2026-05-21 00:00:00 UTC,2026-06-18,,,,,1,card,,,,,,,,,,,,,,
DEMOPID000580==,Acme Pro,Hayden Nguyen,hayden.nguyen82@example.com,hayden.nguyen82@example.com,0,2024-09-20,2024-09-20 12:32:03 +0000,5.4,0.0,,0.0,5.4,0.70,4.70,0.0,,,,,,Brazil,direct,0,0.0,0,0,0,0,(Personal),blackfriday,1,0,0,demoPID,102945,,{},9.0,,,,1,monthly,,0.0,0,,,,,,,1,card,,,,,,,,,,,,,,
DEMOPID000134==,Acme Pro,Morgan Andersson,morgan.andersson18@example.com,morgan.andersson18@example.com,0,2024-09-21,2024-09-21 15:07:52 +0000,19.0,0.0,,0.0,19.0,2.43,16.57,0.0,,,,,,United Kingdom,direct,0,0.0,0,0,0,0,(Startup),,1,0,0,demoPID,100664,,{},19.0,,,,1,monthly,,0.0,0,,,,,,,1,card,,,,,,,,,,,,,,
DEMOPID000180==,Acme Pro,Hayden Novak,hayden.novak22@example.com,hayden.novak22@example.com,0,2024-09-23,2024-09-23 23:05:27 +0000,490.0,0.0,,0.0,490.0,63.65,426.35,0.0,,,,,,France,direct,0,0.0,0,0,0,0,(Business),,0,0,0,demoPID,100898,,{},490.0,,,,1,yearly,,0.0,0,,,,,,,1,card,,,,,,,,,,,,,,
DEMOPID000368==,Acme Pro,Sam Lee,sam.lee58@example.com,sam.lee58@example.com,0,2024-09-24,2024-09-24 20:34:33 +0000,19.0,0.0,,0.0,19.0,1.93,17.07,0.0,,,,,,India,direct,0,0.0,0,0,0,0,(Startup),,1,0,0,demoPID,101905,,{},19.0,,,,1,monthly,,0.0,0,,,,,,,1,card,,,,,,,,,,,,,,
DEMOPID000763==,Acme Pro,Reese Smith,reese.smith100@example.com,reese.smith100@example.com,0,2024-09-25,2024-09-25 12:15:32 +0000,0.0,0.0,,0.0,0.0,0.00,0.00,0.0,,,,,,Australia,direct,0,0.0,0,0,0,0,(Personal),oss100,1,0,0,demoPID,103825,,{},9.0,,,,1,monthly,,0.0,0,2026-05-29 00:00:00 UTC,2026-06-25,,,,,1,card,,,,,,,,,,,,,,
DEMOPID000011==,Acme Pro,Taylor Smith,taylor.smith0@example.com,taylor.smith0@example.com,0,2024-09-26,2024-09-26 02:54:14 +0000,9.0,0.0,,0.0,9.0,1.09,7.91,0.0,,,,,,Japan,direct,0,0.0,0,0,0,0,(Personal),,1,0,0,demoPID,100064,,{},9.0,,,,1,monthly,,0.0,0,,,,,,,1,card,,,,,,,,,,,,,,
DEMOPID000933==,Acme Pro,Drew Andersson,drew.andersson114@example.com,drew.andersson114@example.com,0,2024-09-28,2024-09-28 16:52:48 +0000,99.0,0.0,,0.0,99.0,8.95,90.05,0.0,,,,,,Sweden,direct,0,0.0,0,0,0,0,(Enterprise),,1,0,0,demoPID,104689,,{},99.0,,,,1,monthly,,0.0,0,,,,,,,1,card,,,,,,,,,,,,,,
DEMOPID000492==,Acme Pro,Hayden Ortiz,hayden.ortiz68@example.com,hayden.ortiz68@example.com,0,2024-09-29,2024-09-29 05:40:42 +0000,84.2,0.0,,0.0,84.2,9.69,74.46,0.0,,,,,,India,direct,0,0.0,0,0,0,0,(Enterprise),welcome15,1,0,0,demoPID,102540,,{},99.0,,,,1,monthly,,0.0,0,,,,,,,1,card,,,,,,,,,,,,,,
DEMOPID001407==,Acme Pro,Hayden Johnson,hayden.johnson182@example.com,hayden.johnson182@example.com,0,2024-10-02,2024-10-02 17:31:29 +0000,19.0,0.0,,0.0,19.0,2.46,16.54,0.0,,,,,,United States,direct,0,0.0,0,0,0,0,(Startup),,1,0,0,demoPID,107068,,{},19.0,,,,1,monthly,,0.0,0,,,,,,,1,card,,,,,,,,,,,,,,
DEMOPID001087==,Acme Pro,Sam Ortiz,sam.ortiz141@example.com,sam.ortiz141@example.com,0,2024-10-03,2024-10-03 08:09:10 +0000,0.0,0.0,,0.0,0.0,0.00,0.00,0.0,,,,,,Poland,direct,0,0.0,0,0,0,0,(Personal),maintainer,1,0,0,demoPID,105470,,{},9.0,,,,1,monthly,,0.0,0,2026-06-04 00:00:00 UTC,2026-07-03,,,,,1,card,,,,,,,,,,,,,,
DEMOPID000261==,Acme Pro,Jordan Rossi,jordan.rossi42@example.com,jordan.rossi42@example.com,0,2024-10-03,2024-10-03 15:12:14 +0000,16.1,0.0,,0.0,16.1,2.07,14.08,0.0,,,,,,Germany,direct,0,0.0,0,0,0,0,(Startup),welcome15,1,0,0,demoPID,101340,,{},19.0,,,,1,monthly,,0.0,0,,,,,,,1,card,,,,,,,,,,,,,,
DEMOPID000539==,Acme Pro,Riley Becker,riley.becker78@example.com,riley.becker78@example.com,0,2024-10-03,2024-10-03 15:40:38 +0000,190.0,0.0,,0.0,190.0,17.96,172.04,0.0,,,,,,Spain,direct,0,0.0,0,0,0,0,(Startup),,0,0,0,demoPID,102758,,{},190.0,,,,1,yearly,,0.0,0,2026-02-06 00:00:00 UTC,2026-10-03,,,,,1,card,,,,,,,,,,,,,,
DEMOPID000867==,Acme Pro,Rowan Ortiz,rowan.ortiz108@example.com,rowan.ortiz108@example.com,0,2024-10-03,2024-10-03 19:44:43 +0000,49.0,0.0,,0.0,49.0,5.98,43.02,0.0,,,,,,United States,direct,0,0.0,0,0,0,0,(Business),,1,0,0,demoPID,104338,,{},49.0,,,,1,monthly,,0.0,0,2026-06-04 00:00:00 UTC,2026-07-03,,,,,1,card,,,,,,,,,,,,,,
DEMOPID000620==,Acme Pro,Morgan Schmidt,morgan.schmidt87@example.com,morgan.schmidt87@example.com,0,2024-10-04,2024-10-04 03:04:21 +0000,99.0,0.0,,0.0,99.0,9.94,89.06,0.0,,,,,,Sweden,direct,0,0.0,0,0,0,0,(Enterprise),,1,0,0,demoPID,103143,,{},99.0,,,,1,monthly,,0.0,0,,,,,,,1,card,,,,,,,,,,,,,,
DEMOPID001439==,Acme Pro,Alex Costa,alex.costa188@example.com,alex.costa188@example.com,0,2024-10-08,2024-10-08 09:49:29 +0000,367.5,0.0,,0.0,367.5,35.88,331.62,0.0,,,,,,Germany,direct,0,0.0,0,0,0,0,(Business),launch25,0,0,0,demoPID,107227,,{},490.0,,,,1,yearly,,0.0,0,,,,,,,1,card,,,,,,,,,,,,,,
DEMOPID000656==,Acme Pro,Alex Rossi,alex.rossi89@example.com,alex.rossi89@example.com,0,2024-10-09,2024-10-09 13:38:41 +0000,49.0,0.0,,0.0,49.0,4.94,44.06,0.0,,,,,,Poland,direct,0,0.0,0,0,0,0,(Business),,1,0,0,demoPID,103312,,{},49.0,,,,1,monthly,,0.0,0,,,,,,,1,card,,,,,,,,,,,,,,
DEMOPID000441==,Acme Pro,Morgan Muller,morgan.muller64@example.com,morgan.muller64@example.com,0,2024-10-09,2024-10-09 22:10:05 +0000,19.0,0.0,,0.0,19.0,2.19,16.81,0.0,,,,,,Japan,direct,0,0.0,0,0,0,0,(Startup),,1,0,0,demoPID,102248,,{},19.0,,,,1,monthly,,0.0,0,,,,,,,1,card,,,,,,,,,,,,,,
DEMOPID001226==,Acme Pro,Drew Nguyen,drew.nguyen152@example.com,drew.nguyen152@example.com,0,2024-10-13,2024-10-13 14:17:00 +0000,9.0,0.0,,0.0,9.0,1.02,7.98,0.0,,,,,,Italy,direct,0,0.0,0,0,0,0,(Personal),,1,0,0,demoPID,106150,,{},9.0,,,,1,monthly,,0.0,0,,,,,,,1,card,,,,,,,,,,,,,,
DEMOPID000333==,Acme Pro,Morgan Ortiz,morgan.ortiz51@example.com,morgan.ortiz51@example.com,0,2024-10-14,2024-10-14 05:31:32 +0000,99.0,0.0,,0.0,99.0,9.66,89.34,0.0,,,,,,Japan,direct,0,0.0,0,0,0,0,(Enterprise),,1,0,0,demoPID,101717,,{},99.0,,,,1,monthly,,0.0,0,2026-05-15 00:00:00 UTC,2026-06-14,,,,,1,card,,,,,,,,,,,,,,
DEMOPID001202==,Acme Pro,Rowan Johnson,rowan.johnson150@example.com,rowan.johnson150@example.com,0,2024-10-17,2024-10-17 02:45:41 +0000,36.8,0.0,,0.0,36.8,3.57,33.18,0.0,,,,,,United Kingdom,direct,0,0.0,0,0,0,0,(Business),launch25,1,0,0,demoPID,106048,,{},49.0,,,,1,monthly,,0.0,0,,,,,,,1,card,,,,,,,,,,,,,,
DEMOPID000974==,Acme Pro,Drew Garcia,drew.garcia119@example.com,drew.garcia119@example.com,0,2024-10-18,2024-10-18 06:41:31 +0000,19.0,0.0,,0.0,19.0,1.72,17.28,0.0,,,,,,Germany,direct,0,0.0,0,0,0,0,(Startup),,1,0,0,demoPID,104910,,{},19.0,,,,1,monthly,,0.0,0,2026-05-21 00:00:00 UTC,2026-06-18,,,,,1,card,,,,,,,,,,,,,,
DEMOPID000581==,Acme Pro,Hayden Nguyen,hayden.nguyen82@example.com,hayden.nguyen82@example.com,0,2024-10-20,2024-10-20 05:01:25 +0000,5.4,0.0,,0.0,5.4,0.54,4.86,0.0,,,,,,Brazil,direct,0,0.0,0,0,0,0,(Personal),blackfriday,1,0,0,demoPID,102950,,{},9.0,,,,1,monthly,,0.0,0,,,,,,,1,card,,,,,,,,,,,,,,
DEMOPID000135==,Acme Pro,Morgan Andersson,morgan.andersson18@example.com,morgan.andersson18@example.com,0,2024-10-21,2024-10-21 02:36:40 +0000,19.0,0.0,,0.0,19.0,2.01,16.99,0.0,,,,,,United Kingdom,direct,0,0.0,0,0,0,0,(Startup),,1,0,0,demoPID,100666,,{},19.0,,,,1,monthly,,0.0,0,,,,,,,1,card,,,,,,,,,,,,,,
DEMOPID001392==,Acme Pro,Riley Schmidt,riley.schmidt180@example.com,riley.schmidt180@example.com,0,2024-10-21,2024-10-21 18:43:41 +0000,19.0,0.0,,0.0,19.0,19.00,0.00,0.0,,,,,,Brazil,direct,1,0.0,1,0,0,1,(Startup),,0,0,0,demoPID,106991,,{},19.0,,,,1,monthly,,0.0,0,,,,,,,1,card,,,,,,,,,,,,,,
DEMOPID000369==,Acme Pro,Sam Lee,sam.lee58@example.com,sam.lee58@example.com,0,2024-10-24,2024-10-24 04:54:32 +0000,19.0,0.0,,0.0,19.0,2.39,16.61,0.0,,,,,,India,direct,0,0.0,0,0,0,0,(Startup),,1,0,0,demoPID,101913,,{},19.0,,,,1,monthly,,0.0,0,,,,,,,1,card,,,,,,,,,,,,,,
DEMOPID000764==,Acme Pro,Reese Smith,reese.smith100@example.com,reese.smith100@example.com,0,2024-10-25,2024-10-25 22:42:03 +0000,0.0,0.0,,0.0,0.0,0.00,0.00,0.0,,,,,,Australia,direct,0,0.0,0,0,0,0,(Personal),oss100,1,0,0,demoPID,103830,,{},9.0,,,,1,monthly,,0.0,0,2026-05-29 00:00:00 UTC,2026-06-25,,,,,1,card,,,,,,,,,,,,,,
DEMOPID000012==,Acme Pro,Taylor Smith,taylor.smith0@example.com,taylor.smith0@example.com,0,2024-10-26,2024-10-26 14:40:53 +0000,9.0,0.0,,0.0,9.0,0.95,8.05,0.0,,,,,,Japan,direct,0,0.0,0,0,0,0,(Personal),,1,0,0,demoPID,100066,,{},9.0,,,,1,monthly,,0.0,0,,,,,,,1,card,,,,,,,,,,,,,,
DEMOPID000542==,Acme Pro,Drew Muller,drew.muller79@example.com,drew.muller79@example.com,0,2024-10-28,2024-10-28 12:32:18 +0000,490.0,0.0,,0.0,490.0,62.18,427.82,0.0,,,,,,Netherlands,direct,0,0.0,0,0,0,0,(Business),,1,0,0,demoPID,102762,,{},490.0,,,,1,yearly,,0.0,0,,,,,,,1,card,,,,,,,,,,,,,,
DEMOPID000934==,Acme Pro,Drew Andersson,drew.andersson114@example.com,drew.andersson114@example.com,0,2024-10-28,2024-10-28 15:34:00 +0000,99.0,0.0,,0.0,99.0,10.27,88.73,0.0,,,,,,Sweden,direct,0,0.0,0,0,0,0,(Enterprise),,1,0,0,demoPID,104692,,{},99.0,,,,1,monthly,,0.0,0,,,,,,,1,card,,,,,,,,,,,,,,
DEMOPID000493==,Acme Pro,Hayden Ortiz,hayden.ortiz68@example.com,hayden.ortiz68@example.com,0,2024-10-29,2024-10-29 23:39:56 +0000,84.2,0.0,,0.0,84.2,8.91,75.24,0.0,,,,,,India,direct,0,0.0,0,0,0,0,(Enterprise),welcome15,1,0,0,demoPID,102547,,{},99.0,,,,1,monthly,,0.0,0,,,,,,,1,card,,,,,,,,,,,,,,
DEMOPID001408==,Acme Pro,Hayden Johnson,hayden.johnson182@example.com,hayden.johnson182@example.com,0,2024-11-02,2024-11-02 23:55:09 +0000,19.0,0.0,,0.0,19.0,1.80,17.20,0.0,,,,,,United States,direct,0,0.0,0,0,0,0,(Startup),,1,0,0,demoPID,107076,,{},19.0,,,,1,monthly,,0.0,0,,,,,,,1,card,,,,,,,,,,,,,,
DEMOPID001088==,Acme Pro,Sam Ortiz,sam.ortiz141@example.com,sam.ortiz141@example.com,0,2024-11-03,2024-11-03 03:00:39 +0000,0.0,0.0,,0.0,0.0,0.00,0.00,0.0,,,,,,Poland,direct,0,0.0,0,0,0,0,(Personal),maintainer,1,0,0,demoPID,105475,,{},9.0,,,,1,monthly,,0.0,0,2026-06-04 00:00:00 UTC,2026-07-03,,,,,1,card,,,,,,,,,,,,,,
DEMOPID000262==,Acme Pro,Jordan Rossi,jordan.rossi42@example.com,jordan.rossi42@example.com,0,2024-11-03,2024-11-03 09:54:50 +0000,16.1,0.0,,0.0,16.1,1.55,14.60,0.0,,,,,,Germany,direct,0,0.0,0,0,0,0,(Startup),welcome15,1,0,0,demoPID,101343,,{},19.0,,,,1,monthly,,0.0,0,,,,,,,1,card,,,,,,,,,,,,,,
DEMOPID000868==,Acme Pro,Rowan Ortiz,rowan.ortiz108@example.com,rowan.ortiz108@example.com,0,2024-11-03,2024-11-03 20:00:51 +0000,49.0,0.0,,0.0,49.0,4.73,44.27,0.0,,,,,,United States,direct,0,0.0,0,0,0,0,(Business),,1,0,0,demoPID,104339,,{},49.0,,,,1,monthly,,0.0,0,2026-06-04 00:00:00 UTC,2026-07-03,,,,,1,card,,,,,,,,,,,,,,
DEMOPID000621==,Acme Pro,Morgan Schmidt,morgan.schmidt87@example.com,morgan.schmidt87@example.com,0,2024-11-04,2024-11-04 05:46:04 +0000,99.0,0.0,,0.0,99.0,12.43,86.57,0.0,,,,,,Sweden,direct,0,0.0,0,0,0,0,(Enterprise),,1,0,0,demoPID,103146,,{},99.0,,,,1,monthly,,0.0,0,,,,,,,1,card,,,,,,,,,,,,,,
DEMOPID000657==,Acme Pro,Alex Rossi,alex.rossi89@example.com,alex.rossi89@example.com,0,2024-11-09,2024-11-09 06:58:52 +0000,49.0,0.0,,0.0,49.0,4.78,44.22,0.0,,,,,,Poland,direct,0,0.0,0,0,0,0,(Business),,1,0,0,demoPID,103314,,{},49.0,,,,1,monthly,,0.0,0,,,,,,,1,card,,,,,,,,,,,,,,
DEMOPID000442==,Acme Pro,Morgan Muller,morgan.muller64@example.com,morgan.muller64@example.com,0,2024-11-09,2024-11-09 20:50:21 +0000,19.0,0.0,,0.0,19.0,2.35,16.65,0.0,,,,,,Japan,direct,0,0.0,0,0,0,0,(Startup),,1,0,0,demoPID,102256,,{},19.0,,,,1,monthly,,0.0,0,,,,,,,1,card,,,,,,,,,,,,,,
DEMOPID001227==,Acme Pro,Drew Nguyen,drew.nguyen152@example.com,drew.nguyen152@example.com,0,2024-11-13,2024-11-13 07:15:20 +0000,9.0,0.0,,0.0,9.0,1.08,7.92,0.0,,,,,,Italy,direct,0,0.0,0,0,0,0,(Personal),,1,0,0,demoPID,106157,,{},9.0,,,,1,monthly,,0.0,0,,,,,,,1,card,,,,,,,,,,,,,,
DEMOPID000334==,Acme Pro,Morgan Ortiz,morgan.ortiz51@example.com,morgan.ortiz51@example.com,0,2024-11-14,2024-11-14 09:31:01 +0000,99.0,0.0,,0.0,99.0,10.89,88.11,0.0,,,,,,Japan,direct,0,0.0,0,0,0,0,(Enterprise),,1,0,0,demoPID,101725,,{},99.0,,,,1,monthly,,0.0,0,2026-05-15 00:00:00 UTC,2026-06-14,,,,,1,card,,,,,,,,,,,,,,
DEMOPID001203==,Acme Pro,Rowan Johnson,rowan.johnson150@example.com,rowan.johnson150@example.com,0,2024-11-17,2024-11-17 15:44:08 +0000,36.8,0.0,,0.0,36.8,3.92,32.83,0.0,,,,,,United Kingdom,direct,0,0.0,0,0,0,0,(Business),launch25,1,0,0,demoPID,106053,,{},49.0,,,,1,monthly,,0.0,0,,,,,,,1,card,,,,,,,,,,,,,,
DEMOPID000975==,Acme Pro,Drew Garcia,drew.garcia119@example.com,drew.garcia119@example.com,0,2024-11-18,2024-11-18 20:03:23 +0000,19.0,0.0,,0.0,19.0,2.07,16.93,0.0,,,,,,Germany,direct,0,0.0,0,0,0,0,(Startup),,1,0,0,demoPID,104912,,{},19.0,,,,1,monthly,,0.0,0,2026-05-21 00:00:00 UTC,2026-06-18,,,,,1,card,,,,,,,,,,,,,,
DEMOPID001430==,Acme Pro,Drew Tanaka,drew.tanaka184@example.com,drew.tanaka184@example.com,0,2024-11-19,2024-11-19 04:43:57 +0000,72.0,0.0,,0.0,72.0,7.35,64.65,0.0,,,,,,India,direct,0,0.0,0,0,0,0,(Personal),friend20,1,0,0,demoPID,107178,,{},90.0,,,,1,yearly,,0.0,0,,,,,,,1,card,,,,,,,,,,,,,,
DEMOPID000582==,Acme Pro,Hayden Nguyen,hayden.nguyen82@example.com,hayden.nguyen82@example.com,0,2024-11-20,2024-11-20 17:15:06 +0000,5.4,0.0,,0.0,5.4,0.61,4.79,0.0,,,,,,Brazil,direct,0,0.0,0,0,0,0,(Personal),blackfriday,1,0,0,demoPID,102958,,{},9.0,,,,1,monthly,,0.0,0,,,,,,,1,card,,,,,,,,,,,,,,
DEMOPID000136==,Acme Pro,Morgan Andersson,morgan.andersson18@example.com,morgan.andersson18@example.com,0,2024-11-21,2024-11-21 18:19:05 +0000,19.0,0.0,,0.0,19.0,1.83,17.17,0.0,,,,,,United Kingdom,direct,0,0.0,0,0,0,0,(Startup),,1,0,0,demoPID,100667,,{},19.0,,,,1,monthly,,0.0,0,,,,,,,1,card,,,,,,,,,,,,,,
DEMOPID000370==,Acme Pro,Sam Lee,sam.lee58@example.com,sam.lee58@example.com,0,2024-11-24,2024-11-24 03:21:10 +0000,19.0,0.0,,0.0,19.0,1.92,17.08,0.0,,,,,,India,direct,0,0.0,0,0,0,0,(Startup),,1,0,0,demoPID,101921,,{},19.0,,,,1,monthly,,0.0,0,,,,,,,1,card,,,,,,,,,,,,,,
DEMOPID000765==,Acme Pro,Reese Smith,reese.smith100@example.com,reese.smith100@example.com,0,2024-11-25,2024-11-25 12:26:50 +0000,0.0,0.0,,0.0,0.0,0.00,0.00,0.0,,,,,,Australia,direct,0,0.0,0,0,0,0,(Personal),oss100,1,0,0,demoPID,103837,,{},9.0,,,,1,monthly,,0.0,0,2026-05-29 00:00:00 UTC,2026-06-25,,,,,1,card,,,,,,,,,,,,,,
DEMOPID000013==,Acme Pro,Taylor Smith,taylor.smith0@example.com,taylor.smith0@example.com,0,2024-11-26,2024-11-26 11:13:42 +0000,9.0,0.0,,0.0,9.0,0.87,8.13,0.0,,,,,,Japan,direct,0,0.0,0,0,0,0,(Personal),,1,0,0,demoPID,100072,,{},9.0,,,,1,monthly,,0.0,0,,,,,,,1,card,,,,,,,,,,,,,,
DEMOPID000601==,Acme Pro,Cameron Becker,cameron.becker83@example.com,cameron.becker83@example.com,0,2024-11-27,2024-11-27 07:36:54 +0000,490.0,0.0,,0.0,490.0,59.08,430.92,0.0,,,,,,France,direct,0,0.0,0,0,0,0,(Business),,0,0,0,demoPID,103063,,{},490.0,,,,1,yearly,,0.0,0,2026-04-12 00:00:00 UTC,2026-11-27,,,,,1,card,,,,,,,,,,,,,,
DEMOPID000935==,Acme Pro,Drew Andersson,drew.andersson114@example.com,drew.andersson114@example.com,0,2024-11-28,2024-11-28 15:19:00 +0000,99.0,0.0,,0.0,99.0,12.66,86.34,0.0,,,,,,Sweden,direct,0,0.0,0,0,0,0,(Enterprise),,1,0,0,demoPID,104700,,{},99.0,,,,1,monthly,,0.0,0,,,,,,,1,card,,,,,,,,,,,,,,
DEMOPID000494==,Acme Pro,Hayden Ortiz,hayden.ortiz68@example.com,hayden.ortiz68@example.com,0,2024-11-29,2024-11-29 13:24:00 +0000,84.2,0.0,,0.0,84.2,9.09,75.06,0.0,,,,,,India,direct,0,0.0,0,0,0,0,(Enterprise),welcome15,1,0,0,demoPID,102551,,{},99.0,,,,1,monthly,,0.0,0,,,,,,,1,card,,,,,,,,,,,,,,
DEMOPID001409==,Acme Pro,Hayden Johnson,hayden.johnson182@example.com,hayden.johnson182@example.com,0,2024-12-02,2024-12-02 06:55:18 +0000,19.0,0.0,,0.0,19.0,1.98,17.02,0.0,,,,,,United States,direct,0,0.0,0,0,0,0,(Startup),,1,0,0,demoPID,107078,,{},19.0,,,,1,monthly,,0.0,0,,,,,,,1,card,,,,,,,,,,,,,,
DEMOPID000869==,Acme Pro,Rowan Ortiz,rowan.ortiz108@example.com,rowan.ortiz108@example.com,0,2024-12-03,2024-12-03 15:59:38 +0000,49.0,0.0,,0.0,49.0,6.02,42.98,0.0,,,,,,United States,direct,0,0.0,0,0,0,0,(Business),,1,0,0,demoPID,104341,,{},49.0,,,,1,monthly,,0.0,0,2026-06-04 00:00:00 UTC,2026-07-03,,,,,1,card,,,,,,,,,,,,,,
DEMOPID001089==,Acme Pro,Sam Ortiz,sam.ortiz141@example.com,sam.ortiz141@example.com,0,2024-12-03,2024-12-03 16:06:13 +0000,0.0,0.0,,0.0,0.0,0.00,0.00,0.0,,,,,,Poland,direct,0,0.0,0,0,0,0,(Personal),maintainer,1,0,0,demoPID,105484,,{},9.0,,,,1,monthly,,0.0,0,2026-06-04 00:00:00 UTC,2026-07-03,,,,,1,card,,,,,,,,,,,,,,
DEMOPID000263==,Acme Pro,Jordan Rossi,jordan.rossi42@example.com,jordan.rossi42@example.com,0,2024-12-03,2024-12-03 17:53:47 +0000,16.1,0.0,,0.0,16.1,1.78,14.37,0.0,,,,,,Germany,direct,0,0.0,0,0,0,0,(Startup),welcome15,1,0,0,demoPID,101345,,{},19.0,,,,1,monthly,,0.0,0,,,,,,,1,card,,,,,,,,,,,,,,
DEMOPID000622==,Acme Pro,Morgan Schmidt,morgan.schmidt87@example.com,morgan.schmidt87@example.com,0,2024-12-04,2024-12-04 02:21:38 +0000,99.0,0.0,,0.0,99.0,12.64,86.36,0.0,,,,,,Sweden,direct,0,0.0,0,0,0,0,(Enterprise),,1,0,0,demoPID,103155,,{},99.0,,,,1,monthly,,0.0,0,,,,,,,1,card,,,,,,,,,,,,,,
DEMOPID001173==,Acme Pro,Sam Lee,sam.lee149@example.com,sam.lee149@example.com,0,2024-12-04,2024-12-04 08:09:44 +0000,19.0,0.0,,0.0,19.0,2.22,16.78,0.0,,,,,,Germany,direct,0,0.0,0,0,0,0,(Startup),,0,0,0,demoPID,105905,,{},19.0,,,,1,monthly,,0.0,0,,,,,,,1,card,,,,,,,,,,,,,,
DEMOPID000520==,Acme Pro,Jordan Novak,jordan.novak74@example.com,jordan.novak74@example.com,0,2024-12-06,2024-12-06 14:40:42 +0000,490.0,0.0,,0.0,490.0,58.43,431.57,0.0,,,,,,Australia,direct,0,0.0,0,0,0,0,(Business),,0,0,0,demoPID,102674,,{},490.0,,,,1,yearly,,0.0,0,,,,,,,1,card,,,,,,,,,,,,,,
DEMOPID000443==,Acme Pro,Morgan Muller,morgan.muller64@example.com,morgan.muller64@example.com,0,2024-12-09,2024-12-09 01:14:13 +0000,19.0,0.0,,0.0,19.0,2.39,16.61,0.0,,,,,,Japan,direct,0,0.0,0,0,0,0,(Startup),,1,0,0,demoPID,102258,,{},19.0,,,,1,monthly,,0.0,0,,,,,,,1,card,,,,,,,,,,,,,,
DEMOPID000658==,Acme Pro,Alex Rossi,alex.rossi89@example.com,alex.rossi89@example.com,0,2024-12-09,2024-12-09 16:55:23 +0000,49.0,0.0,,0.0,49.0,5.86,43.14,0.0,,,,,,Poland,direct,0,0.0,0,0,0,0,(Business),,1,0,0,demoPID,103321,,{},49.0,,,,1,monthly,,0.0,0,,,,,,,1,card,,,,,,,,,,,,,,
DEMOPID001155==,Acme Pro,Drew Becker,drew.becker148@example.com,drew.becker148@example.com,0,2024-12-10,2024-12-10 03:16:41 +0000,99.0,0.0,,0.0,99.0,9.98,89.02,0.0,,,,,,India,direct,0,0.0,0,0,0,0,(Enterprise),,0,0,0,demoPID,105834,,{},99.0,,,,1,monthly,,0.0,0,,,,,,,1,card,,,,,,,,,,,,,,
DEMOPID001228==,Acme Pro,Drew Nguyen,drew.nguyen152@example.com,drew.nguyen152@example.com,0,2024-12-13,2024-12-13 18:09:58 +0000,9.0,0.0,,0.0,9.0,1.02,7.98,0.0,,,,,,Italy,direct,0,0.0,0,0,0,0,(Personal),,1,0,0,demoPID,106164,,{},9.0,,,,1,monthly,,0.0,0,,,,,,,1,card,,,,,,,,,,,,,,
DEMOPID001065==,Acme Pro,Parker Lee,parker.lee134@example.com,parker.lee134@example.com,0,2024-12-14,2024-12-14 06:44:13 +0000,190.0,0.0,,0.0,190.0,20.24,169.76,0.0,,,,,,Portugal,direct,0,0.0,0,0,0,0,(Startup),,0,0,0,demoPID,105364,,{},190.0,,,,1,yearly,,0.0,0,2026-03-08 00:00:00 UTC,2026-12-14,,,,,1,card,,,,,,,,,,,,,,
DEMOPID000335==,Acme Pro,Morgan Ortiz,morgan.ortiz51@example.com,morgan.ortiz51@example.com,0,2024-12-14,2024-12-14 16:29:15 +0000,99.0,0.0,,0.0,99.0,12.65,86.35,0.0,,,,,,Japan,direct,0,0.0,0,0,0,0,(Enterprise),,1,0,0,demoPID,101727,,{},99.0,,,,1,monthly,,0.0,0,2026-05-15 00:00:00 UTC,2026-06-14,,,,,1,card,,,,,,,,,,,,,,
DEMOPID000998==,Acme Pro,Drew Dubois,drew.dubois122@example.com,drew.dubois122@example.com,0,2024-12-15,2024-12-15 16:02:20 +0000,49.0,0.0,,0.0,49.0,4.52,44.48,0.0,,,,,,Italy,direct,0,0.0,0,0,0,0,(Business),,0,0,0,demoPID,105023,,{},49.0,,,,1,monthly,,0.0,0,,,,,,,1,card,,,,,,,,,,,,,,
DEMOPID001204==,Acme Pro,Rowan Johnson,rowan.johnson150@example.com,rowan.johnson150@example.com,0,2024-12-17,2024-12-17 08:33:28 +0000,36.8,0.0,,0.0,36.8,3.52,33.23,0.0,,,,,,United Kingdom,direct,0,0.0,0,0,0,0,(Business),launch25,1,0,0,demoPID,106057,,{},49.0,,,,1,monthly,,0.0,0,,,,,,,1,card,,,,,,,,,,,,,,
DEMOPID000976==,Acme Pro,Drew Garcia,drew.garcia119@example.com,drew.garcia119@example.com,0,2024-12-18,2024-12-18 13:52:23 +0000,19.0,0.0,,0.0,19.0,2.28,16.72,0.0,,,,,,Germany,direct,0,0.0,0,0,0,0,(Startup),,1,0,0,demoPID,104921,,{},19.0,,,,1,monthly,,0.0,0,2026-05-21 00:00:00 UTC,2026-06-18,,,,,1,card,,,,,,,,,,,,,,
DEMOPID000956==,Acme Pro,Quinn Costa,quinn.costa116@example.com,quinn.costa116@example.com,0,2024-12-19,2024-12-19 12:50:15 +0000,742.5,0.0,,0.0,742.5,84.19,658.31,0.0,,,,,,France,direct,0,0.0,0,0,0,0,(Enterprise),launch25,0,0,0,demoPID,104801,,{},990.0,,,,1,yearly,,0.0,0,,,,,,,1,card,,,,,,,,,,,,,,
DEMOPID000583==,Acme Pro,Hayden Nguyen,hayden.nguyen82@example.com,hayden.nguyen82@example.com,0,2024-12-20,2024-12-20 04:07:00 +0000,5.4,0.0,,0.0,5.4,0.51,4.89,0.0,,,,,,Brazil,direct,0,0.0,0,0,0,0,(Personal),blackfriday,1,0,0,demoPID,102966,,{},9.0,,,,1,monthly,,0.0,0,,,,,,,1,card,,,,,,,,,,,,,,
DEMOPID000137==,Acme Pro,Morgan Andersson,morgan.andersson18@example.com,morgan.andersson18@example.com,0,2024-12-21,2024-12-21 13:38:38 +0000,19.0,0.0,,0.0,19.0,1.80,17.20,0.0,,,,,,United Kingdom,direct,0,0.0,0,0,0,0,(Startup),,1,0,0,demoPID,100671,,{},19.0,,,,1,monthly,,0.0,0,,,,,,,1,card,,,,,,,,,,,,,,
DEMOPID000178==,Acme Pro,Casey Andersson,casey.andersson21@example.com,casey.andersson21@example.com,0,2024-12-22,2024-12-22 08:21:39 +0000,90.0,0.0,,0.0,90.0,8.37,81.63,0.0,,,,,,United States,direct,0,0.0,0,0,0,0,(Personal),,1,0,0,demoPID,100886,,{},90.0,,,,1,yearly,,0.0,0,2026-05-05 00:00:00 UTC,2026-12-22,,,,,1,card,,,,,,,,,,,,,,
DEMOPID001079==,Acme Pro,Skyler Schmidt,skyler.schmidt137@example.com,skyler.schmidt137@example.com,0,2024-12-23,2024-12-23 10:51:58 +0000,490.0,0.0,,0.0,490.0,55.42,434.58,0.0,,,,,,Italy,direct,0,0.0,0,0,0,0,(Business),,0,0,0,demoPID,105423,,{},490.0,,,,1,yearly,,0.0,0,,,,,,,1,card,,,,,,,,,,,,,,
DEMOPID000905==,Acme Pro,Drew Dubois,drew.dubois111@example.com,drew.dubois111@example.com,0,2024-12-24,2024-12-24 04:36:43 +0000,19.0,0.0,,0.0,19.0,1.85,17.15,0.0,,,,,,Brazil,direct,0,0.0,0,0,0,0,(Startup),,0,0,0,demoPID,104549,,{},19.0,,,,1,monthly,,0.0,0,,,,,,,1,card,,,,,,,,,,,,,,
DEMOPID001440==,Acme Pro,Casey Andersson,casey.andersson189@example.com,casey.andersson189@example.com,0,2024-12-24,2024-12-24 06:18:36 +0000,7.7,0.0,,0.0,7.7,0.87,6.78,0.0,,,,,,Netherlands,direct,0,0.0,0,0,0,0,(Personal),welcome15,0,0,0,demoPID,107235,,{},9.0,,,,1,monthly,,0.0,0,,,,,,,1,card,,,,,,,,,,,,,,
DEMOPID000371==,Acme Pro,Sam Lee,sam.lee58@example.com,sam.lee58@example.com,0,2024-12-24,2024-12-24 22:11:00 +0000,19.0,0.0,,0.0,19.0,2.20,16.80,0.0,,,,,,India,direct,0,0.0,0,0,0,0,(Startup),,1,0,0,demoPID,101929,,{},19.0,,,,1,monthly,,0.0,0,,,,,,,1,card,,,,,,,,,,,,,,
DEMOPID000766==,Acme Pro,Reese Smith,reese.smith100@example.com,reese.smith100@example.com,0,2024-12-25,2024-12-25 17:03:00 +0000,0.0,0.0,,0.0,0.0,0.00,0.00,0.0,,,,,,Australia,direct,0,0.0,0,0,0,0,(Personal),oss100,1,0,0,demoPID,103843,,{},9.0,,,,1,monthly,,0.0,0,2026-05-29 00:00:00 UTC,2026-06-25,,,,,1,card,,,,,,,,,,,,,,
DEMOPID000014==,Acme Pro,Taylor Smith,taylor.smith0@example.com,taylor.smith0@example.com,0,2024-12-26,2024-12-26 21:41:04 +0000,9.0,0.0,,0.0,9.0,1.06,7.94,0.0,,,,,,Japan,direct,0,0.0,0,0,0,0,(Personal),,1,0,0,demoPID,100077,,{},9.0,,,,1,monthly,,0.0,0,,,,,,,1,card,,,,,,,,,,,,,,
DEMOPID000817==,Acme Pro,Cameron Tanaka,cameron.tanaka105@example.com,cameron.tanaka105@example.com,0,2024-12-26,2024-12-26 23:56:40 +0000,19.0,0.0,,0.0,19.0,1.86,17.14,0.0,,,,,,Sweden,direct,0,0.0,0,0,0,0,(Startup),,0,0,0,demoPID,104091,,{},19.0,,,,1,monthly,,0.0,0,2026-05-28 00:00:00 UTC,2026-06-26,,,,,1,card,,,,,,,,,,,,,,
DEMOPID000936==,Acme Pro,Drew Andersson,drew.andersson114@example.com,drew.andersson114@example.com,0,2024-12-28,2024-12-28 19:14:50 +0000,99.0,0.0,,0.0,99.0,12.07,86.93,0.0,,,,,,Sweden,direct,0,0.0,0,0,0,0,(Enterprise),,1,0,0,demoPID,104707,,{},99.0,,,,1,monthly,,0.0,0,,,,,,,1,card,,,,,,,,,,,,,,
DEMOPID000495==,Acme Pro,Hayden Ortiz,hayden.ortiz68@example.com,hayden.ortiz68@example.com,0,2024-12-29,2024-12-29 22:51:50 +0000,84.2,0.0,,0.0,84.2,8.27,75.88,0.0,,,,,,India,direct,0,0.0,0,0,0,0,(Enterprise),welcome15,1,0,0,demoPID,102555,,{},99.0,,,,1,monthly,,0.0,0,,,,,,,1,card,,,,,,,,,,,,,,
DEMOPID001281==,Acme Pro,Cameron Johnson,cameron.johnson159@example.com,cameron.johnson159@example.com,0,2024-12-31,2024-12-31 09:40:53 +0000,490.0,0.0,,0.0,490.0,47.12,442.88,0.0,,,,,,Poland,direct,0,0.0,0,0,0,0,(Business),,0,0,0,demoPID,106418,,{},490.0,,,,1,yearly,,0.0,0,,,,,,,1,card,,,,,,,,,,,,,,
DEMOPID000097==,Acme Pro,Parker Silva,parker.silva16@example.com,parker.silva16@example.com,0,2024-12-31,2024-12-31 14:11:03 +0000,19.0,0.0,,0.0,19.0,1.81,17.19,0.0,,,,,,Poland,direct,0,0.0,0,0,0,0,(Startup),,0,0,0,demoPID,100448,,{},19.0,,,,1,monthly,,0.0,0,2026-05-29 00:00:00 UTC,2026-06-28,,,,,1,card,,,,,,,,,,,,,,
DEMOPID001410==,Acme Pro,Hayden Johnson,hayden.johnson182@example.com,hayden.johnson182@example.com,0,2025-01-02,2025-01-02 23:32:52 +0000,19.0,0.0,,0.0,19.0,2.34,16.66,0.0,,,,,,United States,direct,0,0.0,0,0,0,0,(Startup),,1,0,0,demoPID,107081,,{},19.0,,,,1,monthly,,0.0,0,,,,,,,1,card,,,,,,,,,,,,,,
DEMOPID000870==,Acme Pro,Rowan Ortiz,rowan.ortiz108@example.com,rowan.ortiz108@example.com,0,2025-01-03,2025-01-03 08:14:23 +0000,49.0,0.0,,0.0,49.0,4.58,44.42,0.0,,,,,,United States,direct,0,0.0,0,0,0,0,(Business),,1,0,0,demoPID,104348,,{},49.0,,,,1,monthly,,0.0,0,2026-06-04 00:00:00 UTC,2026-07-03,,,,,1,card,,,,,,,,,,,,,,
DEMOPID000264==,Acme Pro,Jordan Rossi,jordan.rossi42@example.com,jordan.rossi42@example.com,0,2025-01-03,2025-01-03 10:56:49 +0000,16.1,0.0,,0.0,16.1,1.48,14.67,0.0,,,,,,Germany,direct,0,0.0,0,0,0,0,(Startup),welcome15,1,0,0,demoPID,101354,,{},19.0,,,,1,monthly,,0.0,0,,,,,,,1,card,,,,,,,,,,,,,,
DEMOPID001090==,Acme Pro,Sam Ortiz,sam.ortiz141@example.com,sam.ortiz141@example.com,0,2025-01-03,2025-01-03 11:35:20 +0000,0.0,0.0,,0.0,0.0,0.00,0.00,0.0,,,,,,Poland,direct,0,0.0,0,0,0,0,(Personal),maintainer,1,0,0,demoPID,105493,,{},9.0,,,,1,monthly,,0.0,0,2026-06-04 00:00:00 UTC,2026-07-03,,,,,1,card,,,,,,,,,,,,,,
DEMOPID000623==,Acme Pro,Morgan Schmidt,morgan.schmidt87@example.com,morgan.schmidt87@example.com,0,2025-01-04,2025-01-04 13:41:10 +0000,99.0,0.0,,0.0,99.0,11.70,87.30,0.0,,,,,,Sweden,direct,0,0.0,0,0,0,0,(Enterprise),,1,0,0,demoPID,103163,,{},99.0,,,,1,monthly,,0.0,0,,,,,,,1,card,,,,,,,,,,,,,,
DEMOPID001174==,Acme Pro,Sam Lee,sam.lee149@example.com,sam.lee149@example.com,0,2025-01-04,2025-01-04 18:00:32 +0000,19.0,0.0,,0.0,19.0,2.40,16.60,0.0,,,,,,Germany,direct,0,0.0,0,0,0,0,(Startup),,1,0,0,demoPID,105911,,{},19.0,,,,1,monthly,,0.0,0,,,,,,,1,card,,,,,,,,,,,,,,
DEMOPID000293==,Acme Pro,Drew Kim,drew.kim46@example.com,drew.kim46@example.com,0,2025-01-06,2025-01-06 10:17:07 +0000,190.0,0.0,,0.0,190.0,23.68,166.32,0.0,,,,,,Australia,direct,0,0.0,0,0,0,0,(Startup),,0,0,0,demoPID,101498,,{},190.0,,,,1,yearly,,0.0,0,2026-04-07 00:00:00 UTC,2027-01-06,,,,,1,card,,,,,,,,,,,,,,
DEMOPID000444==,Acme Pro,Morgan Muller,morgan.muller64@example.com,morgan.muller64@example.com,0,2025-01-09,2025-01-09 02:43:59 +0000,19.0,0.0,,0.0,19.0,1.92,17.08,0.0,,,,,,Japan,direct,0,0.0,0,0,0,0,(Startup),,1,0,0,demoPID,102266,,{},19.0,,,,1,monthly,,0.0,0,,,,,,,1,card,,,,,,,,,,,,,,
DEMOPID000659==,Acme Pro,Alex Rossi,alex.rossi89@example.com,alex.rossi89@example.com,0,2025-01-09,2025-01-09 05:04:19 +0000,49.0,0.0,,0.0,49.0,5.42,43.58,0.0,,,,,,Poland,direct,0,0.0,0,0,0,0,(Business),,1,0,0,demoPID,103322,,{},49.0,,,,1,monthly,,0.0,0,,,,,,,1,card,,,,,,,,,,,,,,
DEMOPID001138==,Acme Pro,Devin Andersson,devin.andersson147@example.com,devin.andersson147@example.com,0,2025-01-09,2025-01-09 18:16:03 +0000,49.0,0.0,,0.0,49.0,5.83,43.17,0.0,,,,,,Spain,direct,0,0.0,0,0,0,0,(Business),,0,0,0,demoPID,105738,,{},49.0,,,,1,monthly,,0.0,0,,,,,,,1,card,,,,,,,,,,,,,,
DEMOPID001156==,Acme Pro,Drew Becker,drew.becker148@example.com,drew.becker148@example.com,0,2025-01-10,2025-01-10 21:47:15 +0000,99.0,0.0,,0.0,99.0,10.74,88.26,0.0,,,,,,India,direct,0,0.0,0,0,0,0,(Enterprise),,1,0,0,demoPID,105841,,{},99.0,,,,1,monthly,,0.0,0,,,,,,,1,card,,,,,,,,,,,,,,
DEMOPID001082==,Acme Pro,Cameron Nguyen,cameron.nguyen139@example.com,cameron.nguyen139@example.com,0,2025-01-11,2025-01-11 00:51:30 +0000,114.0,0.0,,0.0,114.0,12.28,101.72,0.0,,,,,,France,direct,0,0.0,0,0,0,0,(Startup),blackfriday,0,0,0,demoPID,105437,,{},190.0,,,,1,yearly,,0.0,0,2026-03-03 00:00:00 UTC,2027-01-11,,,,,1,card,,,,,,,,,,,,,,
DEMOPID001229==,Acme Pro,Drew Nguyen,drew.nguyen152@example.com,drew.nguyen152@example.com,0,2025-01-13,2025-01-13 01:02:30 +0000,9.0,0.0,,0.0,9.0,0.96,8.04,0.0,,,,,,Italy,direct,0,0.0,0,0,0,0,(Personal),,1,0,0,demoPID,106165,,{},9.0,,,,1,monthly,,0.0,0,,,,,,,1,card,,,,,,,,,,,,,,
DEMOPID000189==,Acme Pro,Rowan Patel,rowan.patel27@example.com,rowan.patel27@example.com,0,2025-01-13,2025-01-13 11:46:08 +0000,490.0,0.0,,0.0,490.0,44.75,445.25,0.0,,,,,,India,direct,0,0.0,0,0,0,0,(Business),,0,0,0,demoPID,100937,,{},490.0,,,,1,yearly,,0.0,0,2026-04-02 00:00:00 UTC,2027-01-13,,,,,1,card,,,,,,,,,,,,,,
DEMOPID000336==,Acme Pro,Morgan Ortiz,morgan.ortiz51@example.com,morgan.ortiz51@example.com,0,2025-01-14,2025-01-14 01:03:18 +0000,99.0,0.0,,0.0,99.0,11.22,87.78,0.0,,,,,,Japan,direct,0,0.0,0,0,0,0,(Enterprise),,1,0,0,demoPID,101731,,{},99.0,,,,1,monthly,,0.0,0,2026-05-15 00:00:00 UTC,2026-06-14,,,,,1,card,,,,,,,,,,,,,,
DEMOPID000999==,Acme Pro,Drew Dubois,drew.dubois122@example.com,drew.dubois122@example.com,0,2025-01-15,2025-01-15 10:32:44 +0000,49.0,0.0,,0.0,49.0,5.52,43.48,0.0,,,,,,Italy,direct,0,0.0,0,0,0,0,(Business),,1,0,0,demoPID,105032,,{},49.0,,,,1,monthly,,0.0,0,,,,,,,1,card,,,,,,,,,,,,,,
DEMOPID001205==,Acme Pro,Rowan Johnson,rowan.johnson150@example.com,rowan.johnson150@example.com,0,2025-01-17,2025-01-17 05:39:44 +0000,36.8,0.0,,0.0,36.8,3.66,33.09,0.0,,,,,,United Kingdom,direct,0,0.0,0,0,0,0,(Business),launch25,1,0,0,demoPID,106064,,{},49.0,,,,1,monthly,,0.0,0,,,,,,,1,card,,,,,,,,,,,,,,
DEMOPID000977==,Acme Pro,Drew Garcia,drew.garcia119@example.com,drew.garcia119@example.com,0,2025-01-18,2025-01-18 08:33:02 +0000,19.0,0.0,,0.0,19.0,2.34,16.66,0.0,,,,,,Germany,direct,0,0.0,0,0,0,0,(Startup),,1,0,0,demoPID,104922,,{},19.0,,,,1,monthly,,0.0,0,2026-05-21 00:00:00 UTC,2026-06-18,,,,,1,card,,,,,,,,,,,,,,
DEMOPID000584==,Acme Pro,Hayden Nguyen,hayden.nguyen82@example.com,hayden.nguyen82@example.com,0,2025-01-20,2025-01-20 07:08:12 +0000,5.4,0.0,,0.0,5.4,0.67,4.73,0.0,,,,,,Brazil,direct,0,0.0,0,0,0,0,(Personal),blackfriday,1,0,0,demoPID,102967,,{},9.0,,,,1,monthly,,0.0,0,,,,,,,1,card,,,,,,,,,,,,,,
DEMOPID000138==,Acme Pro,Morgan Andersson,morgan.andersson18@example.com,morgan.andersson18@example.com,0,2025-01-21,2025-01-21 12:28:58 +0000,19.0,0.0,,0.0,19.0,2.30,16.70,0.0,,,,,,United Kingdom,direct,0,0.0,0,0,0,0,(Startup),,1,0,0,demoPID,100675,,{},19.0,,,,1,monthly,,0.0,0,,,,,,,1,card,,,,,,,,,,,,,,
DEMOPID001441==,Acme Pro,Casey Andersson,casey.andersson189@example.com,casey.andersson189@example.com,0,2025-01-24,2025-01-24 00:06:40 +0000,7.7,0.0,,0.0,7.7,0.70,6.95,0.0,,,,,,Netherlands,direct,0,0.0,0,0,0,0,(Personal),welcome15,1,0,0,demoPID,107242,,{},9.0,,,,1,monthly,,0.0,0,,,,,,,1,card,,,,,,,,,,,,,,
DEMOPID000372==,Acme Pro,Sam Lee,sam.lee58@example.com,sam.lee58@example.com,0,2025-01-24,2025-01-24 18:43:48 +0000,19.0,0.0,,0.0,19.0,2.31,16.69,0.0,,,,,,India,direct,0,0.0,0,0,0,0,(Startup),,1,0,0,demoPID,101935,,{},19.0,,,,1,monthly,,0.0,0,,,,,,,1,card,,,,,,,,,,,,,,
DEMOPID000906==,Acme Pro,Drew Dubois,drew.dubois111@example.com,drew.dubois111@example.com,0,2025-01-24,2025-01-24 23:17:51 +0000,19.0,0.0,,0.0,19.0,2.33,16.67,0.0,,,,,,Brazil,direct,0,0.0,0,0,0,0,(Startup),,1,0,0,demoPID,104553,,{},19.0,,,,1,monthly,,0.0,0,,,,,,,1,card,,,,,,,,,,,,,,
DEMOPID000160==,Acme Pro,Hayden Tanaka,hayden.tanaka20@example.com,hayden.tanaka20@example.com,0,2025-01-25,2025-01-25 04:59:18 +0000,9.0,0.0,,0.0,9.0,0.91,8.09,0.0,,,,,,Netherlands,direct,0,0.0,0,0,0,0,(Personal),,0,0,0,demoPID,100775,,{},9.0,,,,1,monthly,,0.0,0,,,,,,,1,card,,,,,,,,,,,,,,
DEMOPID000767==,Acme Pro,Reese Smith,reese.smith100@example.com,reese.smith100@example.com,0,2025-01-25,2025-01-25 06:39:55 +0000,0.0,0.0,,0.0,0.0,0.00,0.00,0.0,,,,,,Australia,direct,0,0.0,0,0,0,0,(Personal),oss100,1,0,0,demoPID,103848,,{},9.0,,,,1,monthly,,0.0,0,2026-05-29 00:00:00 UTC,2026-06-25,,,,,1,card,,,,,,,,,,,,,,
DEMOPID000353==,Acme Pro,Alex Ortiz,alex.ortiz52@example.com,alex.ortiz52@example.com,0,2025-01-25,2025-01-25 20:46:39 +0000,90.0,0.0,,0.0,90.0,8.71,81.29,0.0,,,,,,Sweden,direct,0,0.0,0,0,0,0,(Personal),,0,0,0,demoPID,101832,,{},90.0,,,,1,yearly,,0.0,0,,,,,,,1,card,,,,,,,,,,,,,,
DEMOPID000818==,Acme Pro,Cameron Tanaka,cameron.tanaka105@example.com,cameron.tanaka105@example.com,0,2025-01-26,2025-01-26 00:54:32 +0000,19.0,0.0,,0.0,19.0,2.26,16.74,0.0,,,,,,Sweden,direct,0,0.0,0,0,0,0,(Startup),,1,0,0,demoPID,104093,,{},19.0,,,,1,monthly,,0.0,0,2026-05-28 00:00:00 UTC,2026-06-26,,,,,1,card,,,,,,,,,,,,,,
DEMOPID000015==,Acme Pro,Taylor Smith,taylor.smith0@example.com,taylor.smith0@example.com,0,2025-01-26,2025-01-26 07:10:29 +0000,9.0,0.0,,0.0,9.0,1.00,8.00,0.0,,,,,,Japan,direct,0,0.0,0,0,0,0,(Personal),,1,0,0,demoPID,100080,,{},9.0,,,,1,monthly,,0.0,0,,,,,,,1,card,,,,,,,,,,,,,,
DEMOPID000727==,Acme Pro,Rowan Garcia,rowan.garcia97@example.com,rowan.garcia97@example.com,0,2025-01-28,2025-01-28 05:32:54 +0000,49.0,0.0,,0.0,49.0,5.67,43.33,0.0,,,,,,Netherlands,direct,0,0.0,0,0,0,0,(Business),,0,0,0,demoPID,103633,,{},49.0,,,,1,monthly,,0.0,0,,,,,,,1,card,,,,,,,,,,,,,,
DEMOPID000937==,Acme Pro,Drew Andersson,drew.andersson114@example.com,drew.andersson114@example.com,0,2025-01-28,2025-01-28 06:26:56 +0000,99.0,0.0,,0.0,99.0,11.08,87.92,0.0,,,,,,Sweden,direct,0,0.0,0,0,0,0,(Enterprise),,1,0,0,demoPID,104708,,{},99.0,,,,1,monthly,,0.0,0,,,,,,,1,card,,,,,,,,,,,,,,
DEMOPID000496==,Acme Pro,Hayden Ortiz,hayden.ortiz68@example.com,hayden.ortiz68@example.com,0,2025-01-29,2025-01-29 17:11:23 +0000,84.2,0.0,,0.0,84.2,9.52,74.63,0.0,,,,,,India,direct,0,0.0,0,0,0,0,(Enterprise),welcome15,1,0,0,demoPID,102557,,{},99.0,,,,1,monthly,,0.0,0,,,,,,,1,card,,,,,,,,,,,,,,
DEMOPID000098==,Acme Pro,Parker Silva,parker.silva16@example.com,parker.silva16@example.com,0,2025-01-31,2025-01-31 06:29:20 +0000,19.0,0.0,,0.0,19.0,2.00,17.00,0.0,,,,,,Poland,direct,0,0.0,0,0,0,0,(Startup),,1,0,0,demoPID,100453,,{},19.0,,,,1,monthly,,0.0,0,2026-05-29 00:00:00 UTC,2026-06-28,,,,,1,card,,,,,,,,,,,,,,
DEMOPID001284==,Acme Pro,Avery Andersson,avery.andersson161@example.com,avery.andersson161@example.com,0,2025-02-01,2025-02-01 22:08:22 +0000,49.0,0.0,,0.0,49.0,5.31,43.69,0.0,,,,,,Japan,direct,0,0.0,0,0,0,0,(Business),,0,0,0,demoPID,106440,,{},49.0,,,,1,monthly,,0.0,0,2026-06-02 00:00:00 UTC,2026-07-01,,,,,1,card,,,,,,,,,,,,,,
DEMOPID001411==,Acme Pro,Hayden Johnson,hayden.johnson182@example.com,hayden.johnson182@example.com,0,2025-02-02,2025-02-02 21:37:13 +0000,19.0,0.0,,0.0,19.0,2.14,16.86,0.0,,,,,,United States,direct,0,0.0,0,0,0,0,(Startup),,1,0,0,demoPID,107086,,{},19.0,,,,1,monthly,,0.0,0,,,,,,,1,card,,,,,,,,,,,,,,
DEMOPID000265==,Acme Pro,Jordan Rossi,jordan.rossi42@example.com,jordan.rossi42@example.com,0,2025-02-03,2025-02-03 04:10:11 +0000,16.1,0.0,,0.0,16.1,1.84,14.31,0.0,,,,,,Germany,direct,0,0.0,0,0,0,0,(Startup),welcome15,1,0,0,demoPID,101357,,{},19.0,,,,1,monthly,,0.0,0,,,,,,,1,card,,,,,,,,,,,,,,
DEMOPID001091==,Acme Pro,Sam Ortiz,sam.ortiz141@example.com,sam.ortiz141@example.com,0,2025-02-03,2025-02-03 04:45:51 +0000,0.0,0.0,,0.0,0.0,0.00,0.00,0.0,,,,,,Poland,direct,0,0.0,0,0,0,0,(Personal),maintainer,1,0,0,demoPID,105498,,{},9.0,,,,1,monthly,,0.0,0,2026-06-04 00:00:00 UTC,2026-07-03,,,,,1,card,,,,,,,,,,,,,,
DEMOPID000871==,Acme Pro,Rowan Ortiz,rowan.ortiz108@example.com,rowan.ortiz108@example.com,0,2025-02-03,2025-02-03 23:24:59 +0000,49.0,0.0,,0.0,49.0,5.60,43.40,0.0,,,,,,United States,direct,0,0.0,0,0,0,0,(Business),,1,0,0,demoPID,104350,,{},49.0,,,,1,monthly,,0.0,0,2026-06-04 00:00:00 UTC,2026-07-03,,,,,1,card,,,,,,,,,,,,,,
DEMOPID000624==,Acme Pro,Morgan Schmidt,morgan.schmidt87@example.com,morgan.schmidt87@example.com,0,2025-02-04,2025-02-04 03:21:13 +0000,99.0,0.0,,0.0,99.0,9.53,89.47,0.0,,,,,,Sweden,direct,0,0.0,0,0,0,0,(Enterprise),,1,0,0,demoPID,103170,,{},99.0,,,,1,monthly,,0.0,0,,,,,,,1,card,,,,,,,,,,,,,,
DEMOPID001114==,Acme Pro,Parker Lee,parker.lee144@example.com,parker.lee144@example.com,0,2025-02-04,2025-02-04 04:56:37 +0000,90.0,0.0,,0.0,90.0,8.88,81.12,0.0,,,,,,Spain,direct,0,0.0,0,0,0,0,(Personal),,0,0,0,demoPID,105609,,{},90.0,,,,1,yearly,,0.0,0,,,,,,,1,card,,,,,,,,,,,,,,
DEMOPID001175==,Acme Pro,Sam Lee,sam.lee149@example.com,sam.lee149@example.com,0,2025-02-04,2025-02-04 12:54:46 +0000,19.0,0.0,,0.0,19.0,2.07,16.93,0.0,,,,,,Germany,direct,0,0.0,0,0,0,0,(Startup),,1,0,0,demoPID,105919,,{},19.0,,,,1,monthly,,0.0,0,,,,,,,1,card,,,,,,,,,,,,,,
DEMOPID000212==,Acme Pro,Taylor Tanaka,taylor.tanaka32@example.com,taylor.tanaka32@example.com,0,2025-02-07,2025-02-07 00:03:30 +0000,90.0,0.0,,0.0,90.0,10.42,79.58,0.0,,,,,,Australia,direct,0,0.0,0,0,0,0,(Personal),,0,0,0,demoPID,101057,,{},90.0,,,,1,yearly,,0.0,0,,,,,,,1,card,,,,,,,,,,,,,,
DEMOPID000788==,Acme Pro,Riley Rossi,riley.rossi103@example.com,riley.rossi103@example.com,0,2025-02-09,2025-02-09 06:55:43 +0000,9.0,0.0,,0.0,9.0,1.05,7.95,0.0,,,,,,Australia,direct,0,0.0,0,0,0,0,(Personal),,0,0,0,demoPID,103953,,{},9.0,,,,1,monthly,,0.0,0,,,,,,,1,card,,,,,,,,,,,,,,
DEMOPID000660==,Acme Pro,Alex Rossi,alex.rossi89@example.com,alex.rossi89@example.com,0,2025-02-09,2025-02-09 16:56:36 +0000,49.0,0.0,,0.0,49.0,5.20,43.80,0.0,,,,,,Poland,direct,0,0.0,0,0,0,0,(Business),,1,0,0,demoPID,103331,,{},49.0,,,,1,monthly,,0.0,0,,,,,,,1,card,,,,,,,,,,,,,,
DEMOPID001139==,Acme Pro,Devin Andersson,devin.andersson147@example.com,devin.andersson147@example.com,0,2025-02-09,2025-02-09 18:03:42 +0000,49.0,0.0,,0.0,49.0,5.54,43.46,0.0,,,,,,Spain,direct,0,0.0,0,0,0,0,(Business),,1,0,0,demoPID,105746,,{},49.0,,,,1,monthly,,0.0,0,,,,,,,1,card,,,,,,,,,,,,,,
DEMOPID000445==,Acme Pro,Morgan Muller,morgan.muller64@example.com,morgan.muller64@example.com,0,2025-02-09,2025-02-09 18:42:02 +0000,19.0,0.0,,0.0,19.0,2.39,16.61,0.0,,,,,,Japan,direct,0,0.0,0,0,0,0,(Startup),,1,0,0,demoPID,102271,,{},19.0,,,,1,monthly,,0.0,0,,,,,,,1,card,,,,,,,,,,,,,,
DEMOPID001157==,Acme Pro,Drew Becker,drew.becker148@example.com,drew.becker148@example.com,0,2025-02-10,2025-02-10 21:44:11 +0000,99.0,0.0,,0.0,99.0,10.97,88.03,0.0,,,,,,India,direct,0,0.0,0,0,0,0,(Enterprise),,1,0,0,demoPID,105845,,{},99.0,,,,1,monthly,,0.0,0,,,,,,,1,card,,,,,,,,,,,,,,
DEMOPID001309==,Acme Pro,Avery Walsh,avery.walsh163@example.com,avery.walsh163@example.com,0,2025-02-11,2025-02-11 00:33:13 +0000,190.0,0.0,,0.0,190.0,23.33,166.67,0.0,,,,,,France,direct,0,0.0,0,0,0,0,(Startup),,0,0,0,demoPID,106556,,{},190.0,,,,1,yearly,,0.0,0,,,,,,,1,card,,,,,,,,,,,,,,
DEMOPID000888==,Acme Pro,Jamie Rossi,jamie.rossi109@example.com,jamie.rossi109@example.com,0,2025-02-11,2025-02-11 07:51:20 +0000,19.0,0.0,,0.0,19.0,2.22,16.78,0.0,,,,,,Portugal,direct,0,0.0,0,0,0,0,(Startup),,0,0,0,demoPID,104453,,{},19.0,,,,1,monthly,,0.0,0,2026-05-23 00:00:00 UTC,2026-06-11,,,,,1,card,,,,,,,,,,,,,,
DEMOPID001116==,Acme Pro,Hayden Kim,hayden.kim145@example.com,hayden.kim145@example.com,0,2025-02-13,2025-02-13 11:05:37 +0000,29.4,0.0,,0.0,29.4,3.49,25.91,0.0,,,,,,Netherlands,direct,0,0.0,0,0,0,0,(Business),blackfriday,0,0,0,demoPID,105617,,{},49.0,,,,1,monthly,,0.0,0,,,,,,,1,card,,,,,,,,,,,,,,
DEMOPID001230==,Acme Pro,Drew Nguyen,drew.nguyen152@example.com,drew.nguyen152@example.com,0,2025-02-13,2025-02-13 16:25:30 +0000,9.0,0.0,,0.0,9.0,0.82,8.18,0.0,,,,,,Italy,direct,0,0.0,0,0,0,0,(Personal),,1,0,0,demoPID,106174,,{},9.0,,,,1,monthly,,0.0,0,,,,,,,1,card,,,,,,,,,,,,,,
DEMOPID000337==,Acme Pro,Morgan Ortiz,morgan.ortiz51@example.com,morgan.ortiz51@example.com,0,2025-02-14,2025-02-14 20:43:30 +0000,99.0,0.0,,0.0,99.0,11.28,87.72,0.0,,,,,,Japan,direct,0,0.0,0,0,0,0,(Enterprise),,1,0,0,demoPID,101739,,{},99.0,,,,1,monthly,,0.0,0,2026-05-15 00:00:00 UTC,2026-06-14,,,,,1,card,,,,,,,,,,,,,,
DEMOPID001000==,Acme Pro,Drew Dubois,drew.dubois122@example.com,drew.dubois122@example.com,0,2025-02-15,2025-02-15 21:46:25 +0000,49.0,0.0,,0.0,49.0,4.71,44.29,0.0,,,,,,Italy,direct,0,0.0,0,0,0,0,(Business),,1,0,0,demoPID,105036,,{},49.0,,,,1,monthly,,0.0,0,,,,,,,1,card,,,,,,,,,,,,,,
DEMOPID000411==,Acme Pro,Robin Lee,robin.lee63@example.com,robin.lee63@example.com,0,2025-02-16,2025-02-16 18:46:42 +0000,41.6,0.0,,0.0,41.6,5.09,36.56,0.0,,,,,,Australia,direct,0,0.0,0,0,0,0,(Business),welcome15,0,0,0,demoPID,102100,,{},49.0,,,,1,monthly,,0.0,0,,,,,,,1,card,,,,,,,,,,,,,,
DEMOPID001206==,Acme Pro,Rowan Johnson,rowan.johnson150@example.com,rowan.johnson150@example.com,0,2025-02-17,2025-02-17 22:31:39 +0000,36.8,0.0,,0.0,36.8,4.18,32.57,0.0,,,,,,United Kingdom,direct,0,0.0,0,0,0,0,(Business),launch25,1,0,0,demoPID,106065,,{},49.0,,,,1,monthly,,0.0,0,,,,,,,1,card,,,,,,,,,,,,,,
DEMOPID000978==,Acme Pro,Drew Garcia,drew.garcia119@example.com,drew.garcia119@example.com,0,2025-02-18,2025-02-18 02:13:33 +0000,19.0,0.0,,0.0,19.0,2.34,16.66,0.0,,,,,,Germany,direct,0,0.0,0,0,0,0,(Startup),,1,0,0,demoPID,104924,,{},19.0,,,,1,monthly,,0.0,0,2026-05-21 00:00:00 UTC,2026-06-18,,,,,1,card,,,,,,,,,,,,,,
DEMOPID001350==,Acme Pro,Emerson Garcia,emerson.garcia171@example.com,emerson.garcia171@example.com,0,2025-02-20,2025-02-20 09:27:42 +0000,19.0,0.0,,0.0,19.0,2.09,16.91,0.0,,,,,,Spain,direct,0,0.0,0,0,0,0,(Startup),,0,0,0,demoPID,106780,,{},19.0,,,,1,monthly,,0.0,0,,,,,,,1,card,,,,,,,,,,,,,,
DEMOPID000585==,Acme Pro,Hayden Nguyen,hayden.nguyen82@example.com,hayden.nguyen82@example.com,0,2025-02-20,2025-02-20 20:41:05 +0000,5.4,0.0,,0.0,5.4,0.57,4.83,0.0,,,,,,Brazil,direct,0,0.0,0,0,0,0,(Personal),blackfriday,1,0,0,demoPID,102974,,{},9.0,,,,1,monthly,,0.0,0,,,,,,,1,card,,,,,,,,,,,,,,
DEMOPID000139==,Acme Pro,Morgan Andersson,morgan.andersson18@example.com,morgan.andersson18@example.com,0,2025-02-21,2025-02-21 18:27:19 +0000,19.0,0.0,,0.0,19.0,1.94,17.06,0.0,,,,,,United Kingdom,direct,0,0.0,0,0,0,0,(Startup),,1,0,0,demoPID,100683,,{},19.0,,,,1,monthly,,0.0,0,,,,,,,1,card,,,,,,,,,,,,,,
DEMOPID000907==,Acme Pro,Drew Dubois,drew.dubois111@example.com,drew.dubois111@example.com,0,2025-02-24,2025-02-24 12:12:09 +0000,19.0,0.0,,0.0,19.0,2.13,16.87,0.0,,,,,,Brazil,direct,0,0.0,0,0,0,0,(Startup),,1,0,0,demoPID,104557,,{},19.0,,,,1,monthly,,0.0,0,,,,,,,1,card,,,,,,,,,,,,,,
DEMOPID001442==,Acme Pro,Casey Andersson,casey.andersson189@example.com,casey.andersson189@example.com,0,2025-02-24,2025-02-24 15:47:37 +0000,7.7,0.0,,0.0,7.7,0.99,6.66,0.0,,,,,,Netherlands,direct,0,0.0,0,0,0,0,(Personal),welcome15,1,0,0,demoPID,107249,,{},9.0,,,,1,monthly,,0.0,0,,,,,,,1,card,,,,,,,,,,,,,,
DEMOPID000373==,Acme Pro,Sam Lee,sam.lee58@example.com,sam.lee58@example.com,0,2025-02-24,2025-02-24 20:57:25 +0000,19.0,0.0,,0.0,19.0,1.84,17.16,0.0,,,,,,India,direct,0,0.0,0,0,0,0,(Startup),,1,0,0,demoPID,101939,,{},19.0,,,,1,monthly,,0.0,0,,,,,,,1,card,,,,,,,,,,,,,,
DEMOPID000768==,Acme Pro,Reese Smith,reese.smith100@example.com,reese.smith100@example.com,0,2025-02-25,2025-02-25 07:58:40 +0000,0.0,0.0,,0.0,0.0,0.00,0.00,0.0,,,,,,Australia,direct,0,0.0,0,0,0,0,(Personal),oss100,1,0,0,demoPID,103856,,{},9.0,,,,1,monthly,,0.0,0,2026-05-29 00:00:00 UTC,2026-06-25,,,,,1,card,,,,,,,,,,,,,,
DEMOPID000161==,Acme Pro,Hayden Tanaka,hayden.tanaka20@example.com,hayden.tanaka20@example.com,0,2025-02-25,2025-02-25 15:07:01 +0000,9.0,0.0,,0.0,9.0,1.13,7.87,0.0,,,,,,Netherlands,direct,0,0.0,0,0,0,0,(Personal),,1,0,0,demoPID,100783,,{},9.0,,,,1,monthly,,0.0,0,,,,,,,1,card,,,,,,,,,,,,,,
DEMOPID000819==,Acme Pro,Cameron Tanaka,cameron.tanaka105@example.com,cameron.tanaka105@example.com,0,2025-02-26,2025-02-26 18:25:49 +0000,19.0,0.0,,0.0,19.0,2.33,16.67,0.0,,,,,,Sweden,direct,0,0.0,0,0,0,0,(Startup),,1,0,0,demoPID,104094,,{},19.0,,,,1,monthly,,0.0,0,2026-05-28 00:00:00 UTC,2026-06-26,,,,,1,card,,,,,,,,,,,,,,
DEMOPID000016==,Acme Pro,Taylor Smith,taylor.smith0@example.com,taylor.smith0@example.com,0,2025-02-26,2025-02-26 20:44:35 +0000,9.0,0.0,,0.0,9.0,0.91,8.09,0.0,,,,,,Japan,direct,0,0.0,0,0,0,0,(Personal),,1,0,0,demoPID,100087,,{},9.0,,,,1,monthly,,0.0,0,,,,,,,1,card,,,,,,,,,,,,,,
DEMOPID000497==,Acme Pro,Hayden Ortiz,hayden.ortiz68@example.com,hayden.ortiz68@example.com,0,2025-02-28,2025-02-28 03:16:42 +0000,84.2,0.0,,0.0,84.2,8.24,75.91,0.0,,,,,,India,direct,0,0.0,0,0,0,0,(Enterprise),welcome15,1,0,0,demoPID,102563,,{},99.0,,,,1,monthly,,0.0,0,,,,,,,1,card,,,,,,,,,,,,,,
DEMOPID000728==,Acme Pro,Rowan Garcia,rowan.garcia97@example.com,rowan.garcia97@example.com,0,2025-02-28,2025-02-28 05:04:48 +0000,49.0,0.0,,0.0,49.0,6.08,42.92,0.0,,,,,,Netherlands,direct,0,0.0,0,0,0,0,(Business),,1,0,0,demoPID,103641,,{},49.0,,,,1,monthly,,0.0,0,,,,,,,1,card,,,,,,,,,,,,,,
DEMOPID000938==,Acme Pro,Drew Andersson,drew.andersson114@example.com,drew.andersson114@example.com,0,2025-02-28,2025-02-28 07:10:45 +0000,99.0,0.0,,0.0,99.0,10.64,88.36,0.0,,,,,,Sweden,direct,0,0.0,0,0,0,0,(Enterprise),,1,0,0,demoPID,104717,,{},99.0,,,,1,monthly,,0.0,0,,,,,,,1,card,,,,,,,,,,,,,,
DEMOPID000394==,Acme Pro,Reese Dubois,reese.dubois61@example.com,reese.dubois61@example.com,0,2025-02-28,2025-02-28 07:53:00 +0000,190.0,0.0,,0.0,190.0,22.63,167.37,0.0,,,,,,Italy,direct,0,0.0,0,0,0,0,(Startup),,1,0,0,demoPID,102023,,{},190.0,,,,1,yearly,,0.0,0,,,,,,,1,card,,,,,,,,,,,,,,
DEMOPID000099==,Acme Pro,Parker Silva,parker.silva16@example.com,parker.silva16@example.com,0,2025-02-28,2025-02-28 12:17:48 +0000,19.0,0.0,,0.0,19.0,2.29,16.71,0.0,,,,,,Poland,direct,0,0.0,0,0,0,0,(Startup),,1,0,0,demoPID,100459,,{},19.0,,,,1,monthly,,0.0,0,2026-05-29 00:00:00 UTC,2026-06-28,,,,,1,card,,,,,,,,,,,,,,
DEMOPID000537==,Acme Pro,Taylor Walsh,taylor.walsh77@example.com,taylor.walsh77@example.com,0,2025-02-28,2025-02-28 23:38:18 +0000,190.0,0.0,,0.0,190.0,21.67,168.33,0.0,,,,,,Japan,direct,0,0.0,0,0,0,0,(Startup),,0,0,0,demoPID,102750,,{},190.0,,,,1,yearly,,0.0,0,2026-03-31 00:00:00 UTC,2027-02-28,,,,,1,card,,,,,,,,,,,,,,
DEMOPID001285==,Acme Pro,Avery Andersson,avery.andersson161@example.com,avery.andersson161@example.com,0,2025-03-01,2025-03-01 11:26:40 +0000,49.0,0.0,,0.0,49.0,4.51,44.49,0.0,,,,,,Japan,direct,0,0.0,0,0,0,0,(Business),,1,0,0,demoPID,106443,,{},49.0,,,,1,monthly,,0.0,0,2026-06-02 00:00:00 UTC,2026-07-01,,,,,1,card,,,,,,,,,,,,,,
DEMOPID001412==,Acme Pro,Hayden Johnson,hayden.johnson182@example.com,hayden.johnson182@example.com,0,2025-03-02,2025-03-02 18:11:26 +0000,19.0,0.0,,0.0,19.0,2.11,16.89,0.0,,,,,,United States,direct,0,0.0,0,0,0,0,(Startup),,1,0,0,demoPID,107087,,{},19.0,,,,1,monthly,,0.0,0,,,,,,,1,card,,,,,,,,,,,,,,
DEMOPID000266==,Acme Pro,Jordan Rossi,jordan.rossi42@example.com,jordan.rossi42@example.com,0,2025-03-03,2025-03-03 01:26:23 +0000,16.1,0.0,,0.0,16.1,1.92,14.23,0.0,,,,,,Germany,direct,0,0.0,0,0,0,0,(Startup),welcome15,1,0,0,demoPID,101360,,{},19.0,,,,1,monthly,,0.0,0,,,,,,,1,card,,,,,,,,,,,,,,
DEMOPID000872==,Acme Pro,Rowan Ortiz,rowan.ortiz108@example.com,rowan.ortiz108@example.com,0,2025-03-03,2025-03-03 16:18:45 +0000,49.0,0.0,,0.0,49.0,5.61,43.39,0.0,,,,,,United States,direct,0,0.0,0,0,0,0,(Business),,1,0,0,demoPID,104357,,{},49.0,,,,1,monthly,,0.0,0,2026-06-04 00:00:00 UTC,2026-07-03,,,,,1,card,,,,,,,,,,,,,,
DEMOPID001092==,Acme Pro,Sam Ortiz,sam.ortiz141@example.com,sam.ortiz141@example.com,0,2025-03-03,2025-03-03 18:15:10 +0000,0.0,0.0,,0.0,0.0,0.00,0.00,0.0,,,,,,Poland,direct,0,0.0,0,0,0,0,(Personal),maintainer,1,0,0,demoPID,105503,,{},9.0,,,,1,monthly,,0.0,0,2026-06-04 00:00:00 UTC,2026-07-03,,,,,1,card,,,,,,,,,,,,,,
DEMOPID001176==,Acme Pro,Sam Lee,sam.lee149@example.com,sam.lee149@example.com,0,2025-03-04,2025-03-04 00:24:44 +0000,19.0,0.0,,0.0,19.0,2.12,16.88,0.0,,,,,,Germany,direct,0,0.0,0,0,0,0,(Startup),,1,0,0,demoPID,105921,,{},19.0,,,,1,monthly,,0.0,0,,,,,,,1,card,,,,,,,,,,,,,,
DEMOPID000053==,Acme Pro,Devin Lee,devin.lee5@example.com,devin.lee5@example.com,0,2025-03-04,2025-03-04 13:42:37 +0000,90.0,0.0,,0.0,90.0,10.33,79.67,0.0,,,,,,Poland,direct,0,0.0,0,0,0,0,(Personal),,0,0,0,demoPID,100270,,{},90.0,,,,1,yearly,,0.0,0,,,,,,,1,card,,,,,,,,,,,,,,
DEMOPID001020==,Acme Pro,Parker Nguyen,parker.nguyen125@example.com,parker.nguyen125@example.com,0,2025-03-04,2025-03-04 14:35:59 +0000,190.0,0.0,,0.0,190.0,18.61,171.39,0.0,,,,,,Netherlands,direct,0,0.0,0,0,0,0,(Startup),,0,0,0,demoPID,105131,,{},190.0,,,,1,yearly,,0.0,0,,,,,,,1,card,,,,,,,,,,,,,,
DEMOPID000625==,Acme Pro,Morgan Schmidt,morgan.schmidt87@example.com,morgan.schmidt87@example.com,0,2025-03-04,2025-03-04 17:46:59 +0000,99.0,0.0,,0.0,99.0,10.53,88.47,0.0,,,,,,Sweden,direct,0,0.0,0,0,0,0,(Enterprise),,1,0,0,demoPID,103174,,{},99.0,,,,1,monthly,,0.0,0,,,,,,,1,card,,,,,,,,,,,,,,
DEMOPID000216==,Acme Pro,Taylor Rossi,taylor.rossi35@example.com,taylor.rossi35@example.com,0,2025-03-07,2025-03-07 03:47:47 +0000,19.0,0.0,,0.0,19.0,1.78,17.22,0.0,,,,,,Netherlands,direct,0,0.0,0,0,0,0,(Startup),,0,0,0,demoPID,101079,,{},19.0,,,,1,monthly,,0.0,0,,,,,,,1,card,,,,,,,,,,,,,,
DEMOPID000461==,Acme Pro,Jordan Silva,jordan.silva65@example.com,jordan.silva65@example.com,0,2025-03-09,2025-03-09 00:18:26 +0000,190.0,0.0,,0.0,190.0,23.66,166.34,0.0,,,,,,Netherlands,direct,0,0.0,0,0,0,0,(Startup),,0,0,0,demoPID,102359,,{},190.0,,,,1,yearly,,0.0,0,2026-05-24 00:00:00 UTC,2027-03-09,,,,,1,card,,,,,,,,,,,,,,
DEMOPID000789==,Acme Pro,Riley Rossi,riley.rossi103@example.com,riley.rossi103@example.com,0,2025-03-09,2025-03-09 06:34:53 +0000,9.0,0.0,,0.0,9.0,1.11,7.89,0.0,,,,,,Australia,direct,0,0.0,0,0,0,0,(Personal),,1,0,0,demoPID,103960,,{},9.0,,,,1,monthly,,0.0,0,,,,,,,1,card,,,,,,,,,,,,,,
DEMOPID000661==,Acme Pro,Alex Rossi,alex.rossi89@example.com,alex.rossi89@example.com,0,2025-03-09,2025-03-09 06:53:03 +0000,49.0,0.0,,0.0,49.0,4.75,44.25,0.0,,,,,,Poland,direct,0,0.0,0,0,0,0,(Business),,1,0,0,demoPID,103332,,{},49.0,,,,1,monthly,,0.0,0,,,,,,,1,card,,,,,,,,,,,,,,
DEMOPID000446==,Acme Pro,Morgan Muller,morgan.muller64@example.com,morgan.muller64@example.com,0,2025-03-09,2025-03-09 10:01:13 +0000,19.0,0.0,,0.0,19.0,2.42,16.58,0.0,,,,,,Japan,direct,0,0.0,0,0,0,0,(Startup),,1,0,0,demoPID,102274,,{},19.0,,,,1,monthly,,0.0,0,,,,,,,1,card,,,,,,,,,,,,,,
DEMOPID001140==,Acme Pro,Devin Andersson,devin.andersson147@example.com,devin.andersson147@example.com,0,2025-03-09,2025-03-09 19:01:18 +0000,49.0,0.0,,0.0,49.0,6.00,43.00,0.0,,,,,,Spain,direct,0,0.0,0,0,0,0,(Business),,1,0,0,demoPID,105751,,{},49.0,,,,1,monthly,,0.0,0,,,,,,,1,card,,,,,,,,,,,,,,
DEMOPID001067==,Acme Pro,Jordan Andersson,jordan.andersson135@example.com,jordan.andersson135@example.com,0,2025-03-10,2025-03-10 16:36:39 +0000,490.0,0.0,,0.0,490.0,490.00,0.00,0.0,,,,,,Japan,direct,1,0.0,1,0,0,1,(Business),,0,0,0,demoPID,105370,,{},490.0,,,,1,yearly,,0.0,0,,,,,,,1,card,,,,,,,,,,,,,,
DEMOPID001158==,Acme Pro,Drew Becker,drew.becker148@example.com,drew.becker148@example.com,0,2025-03-10,2025-03-10 21:00:53 +0000,99.0,0.0,,0.0,99.0,11.08,87.92,0.0,,,,,,India,direct,0,0.0,0,0,0,0,(Enterprise),,1,0,0,demoPID,105851,,{},99.0,,,,1,monthly,,0.0,0,,,,,,,1,card,,,,,,,,,,,,,,
DEMOPID000889==,Acme Pro,Jamie Rossi,jamie.rossi109@example.com,jamie.rossi109@example.com,0,2025-03-11,2025-03-11 16:34:00 +0000,19.0,0.0,,0.0,19.0,2.44,16.56,0.0,,,,,,Portugal,direct,0,0.0,0,0,0,0,(Startup),,1,0,0,demoPID,104460,,{},19.0,,,,1,monthly,,0.0,0,2026-05-23 00:00:00 UTC,2026-06-11,,,,,1,card,,,,,,,,,,,,,,
DEMOPID000196==,Acme Pro,Skyler Kim,skyler.kim30@example.com,skyler.kim30@example.com,0,2025-03-13,2025-03-13 04:24:29 +0000,19.0,0.0,,0.0,19.0,2.38,16.62,0.0,,,,,,India,direct,0,0.0,0,0,0,0,(Startup),,0,0,0,demoPID,100969,,{},19.0,,,,1,monthly,,0.0,0,,,,,,,1,card,,,,,,,,,,,,,,
DEMOPID001231==,Acme Pro,Drew Nguyen,drew.nguyen152@example.com,drew.nguyen152@example.com,0,2025-03-13,2025-03-13 07:05:35 +0000,9.0,0.0,,0.0,9.0,0.97,8.03,0.0,,,,,,Italy,direct,0,0.0,0,0,0,0,(Personal),,1,0,0,demoPID,106176,,{},9.0,,,,1,monthly,,0.0,0,,,,,,,1,card,,,,,,,,,,,,,,
DEMOPID001117==,Acme Pro,Hayden Kim,hayden.kim145@example.com,hayden.kim145@example.com,0,2025-03-13,2025-03-13 16:25:54 +0000,29.4,0.0,,0.0,29.4,3.37,26.03,0.0,,,,,,Netherlands,direct,0,0.0,0,0,0,0,(Business),blackfriday,1,0,0,demoPID,105618,,{},49.0,,,,1,monthly,,0.0,0,,,,,,,1,card,,,,,,,,,,,,,,
DEMOPID000338==,Acme Pro,Morgan Ortiz,morgan.ortiz51@example.com,morgan.ortiz51@example.com,0,2025-03-14,2025-03-14 03:27:08 +0000,99.0,0.0,,0.0,99.0,11.04,87.96,0.0,,,,,,Japan,direct,0,0.0,0,0,0,0,(Enterprise),,1,0,0,demoPID,101744,,{},99.0,,,,1,monthly,,0.0,0,2026-05-15 00:00:00 UTC,2026-06-14,,,,,1,card,,,,,,,,,,,,,,
DEMOPID001001==,Acme Pro,Drew Dubois,drew.dubois122@example.com,drew.dubois122@example.com,0,2025-03-15,2025-03-15 18:32:05 +0000,49.0,0.0,,0.0,49.0,5.89,43.11,0.0,,,,,,Italy,direct,0,0.0,0,0,0,0,(Business),,1,0,0,demoPID,105044,,{},49.0,,,,1,monthly,,0.0,0,,,,,,,1,card,,,,,,,,,,,,,,
DEMOPID000412==,Acme Pro,Robin Lee,robin.lee63@example.com,robin.lee63@example.com,0,2025-03-16,2025-03-16 06:55:58 +0000,41.6,0.0,,0.0,41.6,4.11,37.54,0.0,,,,,,Australia,direct,0,0.0,0,0,0,0,(Business),welcome15,1,0,0,demoPID,102109,,{},49.0,,,,1,monthly,,0.0,0,,,,,,,1,card,,,,,,,,,,,,,,
DEMOPID001207==,Acme Pro,Rowan Johnson,rowan.johnson150@example.com,rowan.johnson150@example.com,0,2025-03-17,2025-03-17 09:22:26 +0000,36.8,0.0,,0.0,36.8,4.23,32.52,0.0,,,,,,United Kingdom,direct,0,0.0,0,0,0,0,(Business),launch25,1,0,0,demoPID,106067,,{},49.0,,,,1,monthly,,0.0,0,,,,,,,1,card,,,,,,,,,,,,,,
DEMOPID000979==,Acme Pro,Drew Garcia,drew.garcia119@example.com,drew.garcia119@example.com,0,2025-03-18,2025-03-18 07:34:24 +0000,19.0,0.0,,0.0,19.0,1.79,17.21,0.0,,,,,,Germany,direct,0,0.0,0,0,0,0,(Startup),,1,0,0,demoPID,104926,,{},19.0,,,,1,monthly,,0.0,0,2026-05-21 00:00:00 UTC,2026-06-18,,,,,1,card,,,,,,,,,,,,,,
DEMOPID000586==,Acme Pro,Hayden Nguyen,hayden.nguyen82@example.com,hayden.nguyen82@example.com,0,2025-03-20,2025-03-20 02:01:04 +0000,5.4,0.0,,0.0,5.4,0.68,4.72,0.0,,,,,,Brazil,direct,0,0.0,0,0,0,0,(Personal),blackfriday,1,0,0,demoPID,102979,,{},9.0,,,,1,monthly,,0.0,0,,,,,,,1,card,,,,,,,,,,,,,,
DEMOPID001351==,Acme Pro,Emerson Garcia,emerson.garcia171@example.com,emerson.garcia171@example.com,0,2025-03-20,2025-03-20 13:25:16 +0000,19.0,0.0,,0.0,19.0,1.95,17.05,0.0,,,,,,Spain,direct,0,0.0,0,0,0,0,(Startup),,1,0,0,demoPID,106789,,{},19.0,,,,1,monthly,,0.0,0,,,,,,,1,card,,,,,,,,,,,,,,
DEMOPID000140==,Acme Pro,Morgan Andersson,morgan.andersson18@example.com,morgan.andersson18@example.com,0,2025-03-21,2025-03-21 23:06:48 +0000,19.0,0.0,,0.0,19.0,2.17,16.83,0.0,,,,,,United Kingdom,direct,0,0.0,0,0,0,0,(Startup),,1,0,0,demoPID,100684,,{},19.0,,,,1,monthly,,0.0,0,,,,,,,1,card,,,,,,,,,,,,,,
DEMOPID000238==,Acme Pro,Alex Rossi,alex.rossi39@example.com,alex.rossi39@example.com,0,2025-03-22,2025-03-22 12:33:05 +0000,490.0,0.0,,0.0,490.0,52.64,437.36,0.0,,,,,,Brazil,direct,0,0.0,0,0,0,0,(Business),,0,0,0,demoPID,101198,,{},490.0,,,,1,yearly,,0.0,0,,,,,,,1,card,,,,,,,,,,,,,,
DEMOPID000464==,Acme Pro,Cameron Lee,cameron.lee67@example.com,cameron.lee67@example.com,0,2025-03-23,2025-03-23 12:21:53 +0000,9.0,0.0,,0.0,9.0,0.92,8.08,0.0,,,,,,France,direct,0,0.0,0,0,0,0,(Personal),,0,0,0,demoPID,102376,,{},9.0,,,,1,monthly,,0.0,0,,,,,,,1,card,,,,,,,,,,,,,,
DEMOPID000908==,Acme Pro,Drew Dubois,drew.dubois111@example.com,drew.dubois111@example.com,0,2025-03-24,2025-03-24 00:11:26 +0000,19.0,0.0,,0.0,19.0,2.07,16.93,0.0,,,,,,Brazil,direct,0,0.0,0,0,0,0,(Startup),,1,0,0,demoPID,104560,,{},19.0,,,,1,monthly,,0.0,0,,,,,,,1,card,,,,,,,,,,,,,,
DEMOPID001443==,Acme Pro,Casey Andersson,casey.andersson189@example.com,casey.andersson189@example.com,0,2025-03-24,2025-03-24 01:31:25 +0000,7.7,0.0,,0.0,7.7,0.99,6.66,0.0,,,,,,Netherlands,direct,0,0.0,0,0,0,0,(Personal),welcome15,1,0,0,demoPID,107258,,{},9.0,,,,1,monthly,,0.0,0,,,,,,,1,card,,,,,,,,,,,,,,
DEMOPID000374==,Acme Pro,Sam Lee,sam.lee58@example.com,sam.lee58@example.com,0,2025-03-24,2025-03-24 02:25:42 +0000,19.0,0.0,,0.0,19.0,2.10,16.90,0.0,,,,,,India,direct,0,0.0,0,0,0,0,(Startup),,1,0,0,demoPID,101946,,{},19.0,,,,1,monthly,,0.0,0,,,,,,,1,card,,,,,,,,,,,,,,
DEMOPID000705==,Acme Pro,Sam Novak,sam.novak93@example.com,sam.novak93@example.com,0,2025-03-24,2025-03-24 03:26:28 +0000,490.0,0.0,,0.0,490.0,45.05,444.95,0.0,,,,,,Italy,direct,0,0.0,0,0,0,0,(Business),,0,0,0,demoPID,103537,,{},490.0,,,,1,yearly,,0.0,0,,,,,,,1,card,,,,,,,,,,,,,,
DEMOPID000162==,Acme Pro,Hayden Tanaka,hayden.tanaka20@example.com,hayden.tanaka20@example.com,0,2025-03-25,2025-03-25 09:35:00 +0000,9.0,0.0,,0.0,9.0,1.07,7.93,0.0,,,,,,Netherlands,direct,0,0.0,0,0,0,0,(Personal),,1,0,0,demoPID,100787,,{},9.0,,,,1,monthly,,0.0,0,,,,,,,1,card,,,,,,,,,,,,,,
DEMOPID000769==,Acme Pro,Reese Smith,reese.smith100@example.com,reese.smith100@example.com,0,2025-03-25,2025-03-25 18:34:47 +0000,0.0,0.0,,0.0,0.0,0.00,0.00,0.0,,,,,,Australia,direct,0,0.0,0,0,0,0,(Personal),oss100,1,0,0,demoPID,103862,,{},9.0,,,,1,monthly,,0.0,0,2026-05-29 00:00:00 UTC,2026-06-25,,,,,1,card,,,,,,,,,,,,,,
DEMOPID000017==,Acme Pro,Taylor Smith,taylor.smith0@example.com,taylor.smith0@example.com,0,2025-03-26,2025-03-26 01:14:52 +0000,9.0,0.0,,0.0,9.0,1.06,7.94,0.0,,,,,,Japan,direct,0,0.0,0,0,0,0,(Personal),,1,0,0,demoPID,100091,,{},9.0,,,,1,monthly,,0.0,0,,,,,,,1,card,,,,,,,,,,,,,,
DEMOPID000820==,Acme Pro,Cameron Tanaka,cameron.tanaka105@example.com,cameron.tanaka105@example.com,0,2025-03-26,2025-03-26 17:16:34 +0000,19.0,0.0,,0.0,19.0,2.40,16.60,0.0,,,,,,Sweden,direct,0,0.0,0,0,0,0,(Startup),,1,0,0,demoPID,104098,,{},19.0,,,,1,monthly,,0.0,0,2026-05-28 00:00:00 UTC,2026-06-26,,,,,1,card,,,,,,,,,,,,,,
DEMOPID000100==,Acme Pro,Parker Silva,parker.silva16@example.com,parker.silva16@example.com,0,2025-03-28,2025-03-28 02:30:01 +0000,19.0,0.0,,0.0,19.0,1.90,17.10,0.0,,,,,,Poland,direct,0,0.0,0,0,0,0,(Startup),,1,0,0,demoPID,100466,,{},19.0,,,,1,monthly,,0.0,0,2026-05-29 00:00:00 UTC,2026-06-28,,,,,1,card,,,,,,,,,,,,,,
DEMOPID000939==,Acme Pro,Drew Andersson,drew.andersson114@example.com,drew.andersson114@example.com,0,2025-03-28,2025-03-28 07:16:05 +0000,99.0,0.0,,0.0,99.0,12.19,86.81,0.0,,,,,,Sweden,direct,0,0.0,0,0,0,0,(Enterprise),,1,0,0,demoPID,104724,,{},99.0,,,,1,monthly,,0.0,0,,,,,,,1,card,,,,,,,,,,,,,,
DEMOPID000729==,Acme Pro,Rowan Garcia,rowan.garcia97@example.com,rowan.garcia97@example.com,0,2025-03-28,2025-03-28 10:17:03 +0000,49.0,0.0,,0.0,49.0,5.04,43.96,0.0,,,,,,Netherlands,direct,0,0.0,0,0,0,0,(Business),,1,0,0,demoPID,103649,,{},49.0,,,,1,monthly,,0.0,0,,,,,,,1,card,,,,,,,,,,,,,,
DEMOPID000498==,Acme Pro,Hayden Ortiz,hayden.ortiz68@example.com,hayden.ortiz68@example.com,0,2025-03-28,2025-03-28 20:20:38 +0000,84.2,0.0,,0.0,84.2,9.35,74.80,0.0,,,,,,India,direct,0,0.0,0,0,0,0,(Enterprise),welcome15,1,0,0,demoPID,102571,,{},99.0,,,,1,monthly,,0.0,0,,,,,,,1,card,,,,,,,,,,,,,,
DEMOPID000396==,Acme Pro,Hayden Schmidt,hayden.schmidt62@example.com,hayden.schmidt62@example.com,0,2025-03-29,2025-03-29 00:15:13 +0000,19.0,0.0,,0.0,19.0,2.18,16.82,0.0,,,,,,Australia,direct,0,0.0,0,0,0,0,(Startup),,0,0,0,demoPID,102031,,{},19.0,,,,1,monthly,,0.0,0,2026-05-28 00:00:00 UTC,2026-06-28,,,,,1,card,,,,,,,,,,,,,,
DEMOPID000065==,Acme Pro,Hayden Smith,hayden.smith8@example.com,hayden.smith8@example.com,0,2025-03-30,2025-03-30 06:43:15 +0000,90.0,0.0,,0.0,90.0,11.34,78.66,0.0,,,,,,Germany,direct,0,0.0,0,0,0,0,(Personal),,1,0,0,demoPID,100313,,{},90.0,,,,1,yearly,,0.0,0,,,,,,,1,card,,,,,,,,,,,,,,
DEMOPID000513==,Acme Pro,Quinn Silva,quinn.silva69@example.com,quinn.silva69@example.com,0,2025-03-30,2025-03-30 11:34:52 +0000,190.0,0.0,,0.0,190.0,22.99,167.01,0.0,,,,,,Portugal,direct,0,0.0,0,0,0,0,(Startup),,0,0,0,demoPID,102648,,{},190.0,,,,1,yearly,,0.0,0,,,,,,,1,card,,,,,,,,,,,,,,
DEMOPID001286==,Acme Pro,Avery Andersson,avery.andersson161@example.com,avery.andersson161@example.com,0,2025-04-01,2025-04-01 09:33:40 +0000,49.0,0.0,,0.0,49.0,4.51,44.49,0.0,,,,,,Japan,direct,0,0.0,0,0,0,0,(Business),,1,0,0,demoPID,106449,,{},49.0,,,,1,monthly,,0.0,0,2026-06-02 00:00:00 UTC,2026-07-01,,,,,1,card,,,,,,,,,,,,,,
DEMOPID000756==,Acme Pro,Robin Muller,robin.muller99@example.com,robin.muller99@example.com,0,2025-04-01,2025-04-01 18:36:42 +0000,490.0,0.0,,0.0,490.0,55.12,434.88,0.0,,,,,,Japan,direct,0,0.0,0,0,0,0,(Business),,0,0,0,demoPID,103787,,{},490.0,,,,1,yearly,,0.0,0,,,,,,,1,card,,,,,,,,,,,,,,
DEMOPID001413==,Acme Pro,Hayden Johnson,hayden.johnson182@example.com,hayden.johnson182@example.com,0,2025-04-02,2025-04-02 15:43:06 +0000,19.0,0.0,,0.0,19.0,1.90,17.10,0.0,,,,,,United States,direct,0,0.0,0,0,0,0,(Startup),,1,0,0,demoPID,107089,,{},19.0,,,,1,monthly,,0.0,0,,,,,,,1,card,,,,,,,,,,,,,,
DEMOPID000873==,Acme Pro,Rowan Ortiz,rowan.ortiz108@example.com,rowan.ortiz108@example.com,0,2025-04-03,2025-04-03 05:40:31 +0000,49.0,0.0,,0.0,49.0,6.26,42.74,0.0,,,,,,United States,direct,0,0.0,0,0,0,0,(Business),,1,0,0,demoPID,104358,,{},49.0,,,,1,monthly,,0.0,0,2026-06-04 00:00:00 UTC,2026-07-03,,,,,1,card,,,,,,,,,,,,,,
DEMOPID001093==,Acme Pro,Sam Ortiz,sam.ortiz141@example.com,sam.ortiz141@example.com,0,2025-04-03,2025-04-03 09:39:57 +0000,0.0,0.0,,0.0,0.0,0.00,0.00,0.0,,,,,,Poland,direct,0,0.0,0,0,0,0,(Personal),maintainer,1,0,0,demoPID,105505,,{},9.0,,,,1,monthly,,0.0,0,2026-06-04 00:00:00 UTC,2026-07-03,,,,,1,card,,,,,,,,,,,,,,
DEMOPID000267==,Acme Pro,Jordan Rossi,jordan.rossi42@example.com,jordan.rossi42@example.com,0,2025-04-03,2025-04-03 19:18:48 +0000,16.1,0.0,,0.0,16.1,2.08,14.07,0.0,,,,,,Germany,direct,0,0.0,0,0,0,0,(Startup),welcome15,1,0,0,demoPID,101364,,{},19.0,,,,1,monthly,,0.0,0,,,,,,,1,card,,,,,,,,,,,,,,
DEMOPID000626==,Acme Pro,Morgan Schmidt,morgan.schmidt87@example.com,morgan.schmidt87@example.com,0,2025-04-04,2025-04-04 09:19:15 +0000,99.0,0.0,,0.0,99.0,9.96,89.04,0.0,,,,,,Sweden,direct,0,0.0,0,0,0,0,(Enterprise),,1,0,0,demoPID,103183,,{},99.0,,,,1,monthly,,0.0,0,,,,,,,1,card,,,,,,,,,,,,,,
DEMOPID000836==,Acme Pro,Casey Tanaka,casey.tanaka107@example.com,casey.tanaka107@example.com,0,2025-04-04,2025-04-04 10:46:07 +0000,9.0,0.0,,0.0,9.0,0.96,8.04,0.0,,,,,,Brazil,direct,0,0.0,0,0,0,0,(Personal),,0,0,0,demoPID,104182,,{},9.0,,,,1,monthly,,0.0,0,2026-06-04 00:00:00 UTC,2026-07-04,,,,,1,card,,,,,,,,,,,,,,
DEMOPID001177==,Acme Pro,Sam Lee,sam.lee149@example.com,sam.lee149@example.com,0,2025-04-04,2025-04-04 17:59:22 +0000,19.0,0.0,,0.0,19.0,1.80,17.20,0.0,,,,,,Germany,direct,0,0.0,0,0,0,0,(Startup),,1,0,0,demoPID,105929,,{},19.0,,,,1,monthly,,0.0,0,,,,,,,1,card,,,,,,,,,,,,,,
DEMOPID000235==,Acme Pro,Rowan Johnson,rowan.johnson37@example.com,rowan.johnson37@example.com,0,2025-04-05,2025-04-05 13:11:08 +0000,90.0,0.0,,0.0,90.0,9.89,80.11,0.0,,,,,,United States,direct,0,0.0,0,0,0,0,(Personal),,0,0,0,demoPID,101180,,{},90.0,,,,1,yearly,,0.0,0,,,,,,,1,card,,,,,,,,,,,,,,
DEMOPID000217==,Acme Pro,Taylor Rossi,taylor.rossi35@example.com,taylor.rossi35@example.com,0,2025-04-07,2025-04-07 17:03:37 +0000,19.0,0.0,,0.0,19.0,2.33,16.67,0.0,,,,,,Netherlands,direct,0,0.0,0,0,0,0,(Startup),,1,0,0,demoPID,101085,,{},19.0,,,,1,monthly,,0.0,0,,,,,,,1,card,,,,,,,,,,,,,,
DEMOPID000662==,Acme Pro,Alex Rossi,alex.rossi89@example.com,alex.rossi89@example.com,0,2025-04-09,2025-04-09 01:58:23 +0000,49.0,0.0,,0.0,49.0,4.47,44.53,0.0,,,,,,Poland,direct,0,0.0,0,0,0,0,(Business),,1,0,0,demoPID,103336,,{},49.0,,,,1,monthly,,0.0,0,,,,,,,1,card,,,,,,,,,,,,,,
DEMOPID000790==,Acme Pro,Riley Rossi,riley.rossi103@example.com,riley.rossi103@example.com,0,2025-04-09,2025-04-09 02:47:43 +0000,9.0,0.0,,0.0,9.0,1.04,7.96,0.0,,,,,,Australia,direct,0,0.0,0,0,0,0,(Personal),,1,0,0,demoPID,103967,,{},9.0,,,,1,monthly,,0.0,0,,,,,,,1,card,,,,,,,,,,,,,,
DEMOPID001141==,Acme Pro,Devin Andersson,devin.andersson147@example.com,devin.andersson147@example.com,0,2025-04-09,2025-04-09 16:04:54 +0000,49.0,0.0,,0.0,49.0,4.57,44.43,0.0,,,,,,Spain,direct,0,0.0,0,0,0,0,(Business),,1,0,0,demoPID,105759,,{},49.0,,,,1,monthly,,0.0,0,,,,,,,1,card,,,,,,,,,,,,,,
DEMOPID000447==,Acme Pro,Morgan Muller,morgan.muller64@example.com,morgan.muller64@example.com,0,2025-04-09,2025-04-09 22:52:25 +0000,19.0,0.0,,0.0,19.0,2.28,16.72,0.0,,,,,,Japan,direct,0,0.0,0,0,0,0,(Startup),,1,0,0,demoPID,102277,,{},19.0,,,,1,monthly,,0.0,0,,,,,,,1,card,,,,,,,,,,,,,,
DEMOPID001159==,Acme Pro,Drew Becker,drew.becker148@example.com,drew.becker148@example.com,0,2025-04-10,2025-04-10 03:33:06 +0000,99.0,0.0,,0.0,99.0,8.96,90.04,0.0,,,,,,India,direct,0,0.0,0,0,0,0,(Enterprise),,1,0,0,demoPID,105853,,{},99.0,,,,1,monthly,,0.0,0,,,,,,,1,card,,,,,,,,,,,,,,
DEMOPID000890==,Acme Pro,Jamie Rossi,jamie.rossi109@example.com,jamie.rossi109@example.com,0,2025-04-11,2025-04-11 02:25:43 +0000,19.0,0.0,,0.0,19.0,1.90,17.10,0.0,,,,,,Portugal,direct,0,0.0,0,0,0,0,(Startup),,1,0,0,demoPID,104465,,{},19.0,,,,1,monthly,,0.0,0,2026-05-23 00:00:00 UTC,2026-06-11,,,,,1,card,,,,,,,,,,,,,,
DEMOPID001381==,Acme Pro,Sam Patel,sam.patel175@example.com,sam.patel175@example.com,0,2025-04-12,2025-04-12 03:52:10 +0000,90.0,0.0,,0.0,90.0,11.26,78.74,0.0,,,,,,Poland,direct,0,0.0,0,0,0,0,(Personal),,0,0,0,demoPID,106931,,{},90.0,,,,1,yearly,,0.0,0,,,,,,,1,card,,,,,,,,,,,,,,
DEMOPID001118==,Acme Pro,Hayden Kim,hayden.kim145@example.com,hayden.kim145@example.com,0,2025-04-13,2025-04-13 01:23:57 +0000,29.4,0.0,,0.0,29.4,3.65,25.75,0.0,,,,,,Netherlands,direct,0,0.0,0,0,0,0,(Business),blackfriday,1,0,0,demoPID,105621,,{},49.0,,,,1,monthly,,0.0,0,,,,,,,1,card,,,,,,,,,,,,,,
DEMOPID001232==,Acme Pro,Drew Nguyen,drew.nguyen152@example.com,drew.nguyen152@example.com,0,2025-04-13,2025-04-13 13:13:08 +0000,9.0,0.0,,0.0,9.0,1.06,7.94,0.0,,,,,,Italy,direct,0,0.0,0,0,0,0,(Personal),,1,0,0,demoPID,106177,,{},9.0,,,,1,monthly,,0.0,0,,,,,,,1,card,,,,,,,,,,,,,,
DEMOPID000197==,Acme Pro,Skyler Kim,skyler.kim30@example.com,skyler.kim30@example.com,0,2025-04-13,2025-04-13 23:44:34 +0000,19.0,0.0,,0.0,19.0,2.22,16.78,0.0,,,,,,India,direct,0,0.0,0,0,0,0,(Startup),,1,0,0,demoPID,100975,,{},19.0,,,,1,monthly,,0.0,0,,,,,,,1,card,,,,,,,,,,,,,,
DEMOPID000339==,Acme Pro,Morgan Ortiz,morgan.ortiz51@example.com,morgan.ortiz51@example.com,0,2025-04-14,2025-04-14 12:23:02 +0000,99.0,0.0,,0.0,99.0,11.79,87.21,0.0,,,,,,Japan,direct,0,0.0,0,0,0,0,(Enterprise),,1,0,0,demoPID,101749,,{},99.0,,,,1,monthly,,0.0,0,2026-05-15 00:00:00 UTC,2026-06-14,,,,,1,card,,,,,,,,,,,,,,
DEMOPID001002==,Acme Pro,Drew Dubois,drew.dubois122@example.com,drew.dubois122@example.com,0,2025-04-15,2025-04-15 12:09:08 +0000,49.0,0.0,,0.0,49.0,5.26,43.74,0.0,,,,,,Italy,direct,0,0.0,0,0,0,0,(Business),,1,0,0,demoPID,105048,,{},49.0,,,,1,monthly,,0.0,0,,,,,,,1,card,,,,,,,,,,,,,,
DEMOPID000413==,Acme Pro,Robin Lee,robin.lee63@example.com,robin.lee63@example.com,0,2025-04-16,2025-04-16 00:13:59 +0000,41.6,0.0,,0.0,41.6,4.25,37.40,0.0,,,,,,Australia,direct,0,0.0,0,0,0,0,(Business),welcome15,1,0,0,demoPID,102115,,{},49.0,,,,1,monthly,,0.0,0,,,,,,,1,card,,,,,,,,,,,,,,
DEMOPID001208==,Acme Pro,Rowan Johnson,rowan.johnson150@example.com,rowan.johnson150@example.com,0,2025-04-17,2025-04-17 06:07:33 +0000,36.8,0.0,,0.0,36.8,4.13,32.62,0.0,,,,,,United Kingdom,direct,0,0.0,0,0,0,0,(Business),launch25,1,0,0,demoPID,106068,,{},49.0,,,,1,monthly,,0.0,0,,,,,,,1,card,,,,,,,,,,,,,,
DEMOPID000523==,Acme Pro,Skyler Smith,skyler.smith76@example.com,skyler.smith76@example.com,0,2025-04-18,2025-04-18 08:05:41 +0000,99.0,0.0,,0.0,99.0,9.54,89.46,0.0,,,,,,Germany,direct,0,0.0,0,0,0,0,(Enterprise),,0,0,0,demoPID,102691,,{},99.0,,,,1,monthly,,0.0,0,,,,,,,1,card,,,,,,,,,,,,,,
DEMOPID000980==,Acme Pro,Drew Garcia,drew.garcia119@example.com,drew.garcia119@example.com,0,2025-04-18,2025-04-18 21:15:36 +0000,19.0,0.0,,0.0,19.0,1.86,17.14,0.0,,,,,,Germany,direct,0,0.0,0,0,0,0,(Startup),,1,0,0,demoPID,104930,,{},19.0,,,,1,monthly,,0.0,0,2026-05-21 00:00:00 UTC,2026-06-18,,,,,1,card,,,,,,,,,,,,,,
DEMOPID000587==,Acme Pro,Hayden Nguyen,hayden.nguyen82@example.com,hayden.nguyen82@example.com,0,2025-04-20,2025-04-20 14:51:08 +0000,5.4,0.0,,0.0,5.4,0.68,4.72,0.0,,,,,,Brazil,direct,0,0.0,0,0,0,0,(Personal),blackfriday,1,0,0,demoPID,102983,,{},9.0,,,,1,monthly,,0.0,0,,,,,,,1,card,,,,,,,,,,,,,,
DEMOPID001352==,Acme Pro,Emerson Garcia,emerson.garcia171@example.com,emerson.garcia171@example.com,0,2025-04-20,2025-04-20 17:11:56 +0000,19.0,0.0,,0.0,19.0,2.05,16.95,0.0,,,,,,Spain,direct,0,0.0,0,0,0,0,(Startup),,1,0,0,demoPID,106798,,{},19.0,,,,1,monthly,,0.0,0,,,,,,,1,card,,,,,,,,,,,,,,
DEMOPID000141==,Acme Pro,Morgan Andersson,morgan.andersson18@example.com,morgan.andersson18@example.com,0,2025-04-21,2025-04-21 08:42:05 +0000,19.0,0.0,,0.0,19.0,2.19,16.81,0.0,,,,,,United Kingdom,direct,0,0.0,0,0,0,0,(Startup),,1,0,0,demoPID,100688,,{},19.0,,,,1,monthly,,0.0,0,,,,,,,1,card,,,,,,,,,,,,,,
DEMOPID001383==,Acme Pro,Hayden Rossi,hayden.rossi176@example.com,hayden.rossi176@example.com,0,2025-04-22,2025-04-22 09:20:36 +0000,490.0,0.0,,0.0,490.0,48.02,441.98,0.0,,,,,,Sweden,direct,0,0.0,0,0,0,0,(Business),,0,0,0,demoPID,106943,,{},490.0,,,,1,yearly,,0.0,0,2026-04-22 00:00:00 UTC,2027-04-22,,,,,1,card,,,,,,,,,,,,,,
DEMOPID000465==,Acme Pro,Cameron Lee,cameron.lee67@example.com,cameron.lee67@example.com,0,2025-04-23,2025-04-23 10:28:21 +0000,9.0,0.0,,0.0,9.0,1.10,7.90,0.0,,,,,,France,direct,0,0.0,0,0,0,0,(Personal),,1,0,0,demoPID,102383,,{},9.0,,,,1,monthly,,0.0,0,,,,,,,1,card,,,,,,,,,,,,,,
DEMOPID000726==,Acme Pro,Reese Tanaka,reese.tanaka96@example.com,reese.tanaka96@example.com,0,2025-04-23,2025-04-23 16:44:44 +0000,0.0,0.0,,0.0,0.0,0.00,0.00,0.0,,,,,,United States,direct,0,0.0,0,0,0,0,(Personal),nonprofit100,0,0,0,demoPID,103632,,{},90.0,,,,1,yearly,,0.0,0,,,,,,,1,card,,,,,,,,,,,,,,
DEMOPID000707==,Acme Pro,Casey Costa,casey.costa94@example.com,casey.costa94@example.com,0,2025-04-23,2025-04-23 19:07:18 +0000,49.0,0.0,,0.0,49.0,5.41,43.59,0.0,,,,,,Japan,direct,0,0.0,0,0,0,0,(Business),,0,0,0,demoPID,103546,,{},49.0,,,,1,monthly,,0.0,0,2026-05-29 00:00:00 UTC,2026-06-23,,,,,1,card,,,,,,,,,,,,,,
DEMOPID000375==,Acme Pro,Sam Lee,sam.lee58@example.com,sam.lee58@example.com,0,2025-04-24,2025-04-24 04:30:20 +0000,19.0,0.0,,0.0,19.0,1.85,17.15,0.0,,,,,,India,direct,0,0.0,0,0,0,0,(Startup),,1,0,0,demoPID,101948,,{},19.0,,,,1,monthly,,0.0,0,,,,,,,1,card,,,,,,,,,,,,,,
DEMOPID000909==,Acme Pro,Drew Dubois,drew.dubois111@example.com,drew.dubois111@example.com,0,2025-04-24,2025-04-24 20:33:34 +0000,19.0,0.0,,0.0,19.0,1.81,17.19,0.0,,,,,,Brazil,direct,0,0.0,0,0,0,0,(Startup),,1,0,0,demoPID,104568,,{},19.0,,,,1,monthly,,0.0,0,,,,,,,1,card,,,,,,,,,,,,,,
DEMOPID001444==,Acme Pro,Casey Andersson,casey.andersson189@example.com,casey.andersson189@example.com,0,2025-04-24,2025-04-24 23:39:59 +0000,7.7,0.0,,0.0,7.7,0.85,6.80,0.0,,,,,,Netherlands,direct,0,0.0,0,0,0,0,(Personal),welcome15,1,0,0,demoPID,107266,,{},9.0,,,,1,monthly,,0.0,0,,,,,,,1,card,,,,,,,,,,,,,,
DEMOPID000516==,Acme Pro,Jamie Costa,jamie.costa71@example.com,jamie.costa71@example.com,0,2025-04-25,2025-04-25 01:36:22 +0000,490.0,0.0,,0.0,490.0,60.05,429.95,0.0,,,,,,Portugal,direct,0,0.0,0,0,0,0,(Business),,0,0,0,demoPID,102655,,{},490.0,,,,1,yearly,,0.0,0,,,,,,,1,card,,,,,,,,,,,,,,
DEMOPID000163==,Acme Pro,Hayden Tanaka,hayden.tanaka20@example.com,hayden.tanaka20@example.com,0,2025-04-25,2025-04-25 07:53:58 +0000,9.0,0.0,,0.0,9.0,0.96,8.04,0.0,,,,,,Netherlands,direct,0,0.0,0,0,0,0,(Personal),,1,0,0,demoPID,100796,,{},9.0,,,,1,monthly,,0.0,0,,,,,,,1,card,,,,,,,,,,,,,,
DEMOPID000770==,Acme Pro,Reese Smith,reese.smith100@example.com,reese.smith100@example.com,0,2025-04-25,2025-04-25 23:12:18 +0000,0.0,0.0,,0.0,0.0,0.00,0.00,0.0,,,,,,Australia,direct,0,0.0,0,0,0,0,(Personal),oss100,1,0,0,demoPID,103866,,{},9.0,,,,1,monthly,,0.0,0,2026-05-29 00:00:00 UTC,2026-06-25,,,,,1,card,,,,,,,,,,,,,,
DEMOPID000821==,Acme Pro,Cameron Tanaka,cameron.tanaka105@example.com,cameron.tanaka105@example.com,0,2025-04-26,2025-04-26 04:23:25 +0000,19.0,0.0,,0.0,19.0,2.07,16.93,0.0,,,,,,Sweden,direct,0,0.0,0,0,0,0,(Startup),,1,0,0,demoPID,104107,,{},19.0,,,,1,monthly,,0.0,0,2026-05-28 00:00:00 UTC,2026-06-26,,,,,1,card,,,,,,,,,,,,,,
DEMOPID000018==,Acme Pro,Taylor Smith,taylor.smith0@example.com,taylor.smith0@example.com,0,2025-04-26,2025-04-26 12:17:04 +0000,9.0,0.0,,0.0,9.0,1.10,7.90,0.0,,,,,,Japan,direct,0,0.0,0,0,0,0,(Personal),,1,0,0,demoPID,100092,,{},9.0,,,,1,monthly,,0.0,0,,,,,,,1,card,,,,,,,,,,,,,,
DEMOPID000101==,Acme Pro,Parker Silva,parker.silva16@example.com,parker.silva16@example.com,0,2025-04-28,2025-04-28 11:14:41 +0000,19.0,0.0,,0.0,19.0,1.75,17.25,0.0,,,,,,Poland,direct,0,0.0,0,0,0,0,(Startup),,1,0,0,demoPID,100475,,{},19.0,,,,1,monthly,,0.0,0,2026-05-29 00:00:00 UTC,2026-06-28,,,,,1,card,,,,,,,,,,,,,,
DEMOPID000603==,Acme Pro,Emerson Rossi,emerson.rossi84@example.com,emerson.rossi84@example.com,0,2025-04-28,2025-04-28 15:34:19 +0000,49.0,0.0,,0.0,49.0,6.05,42.95,0.0,,,,,,Portugal,direct,0,0.0,0,0,0,0,(Business),,0,0,0,demoPID,103074,,{},49.0,,,,1,monthly,,0.0,0,,,,,,,1,card,,,,,,,,,,,,,,
DEMOPID000940==,Acme Pro,Drew Andersson,drew.andersson114@example.com,drew.andersson114@example.com,0,2025-04-28,2025-04-28 16:48:51 +0000,99.0,0.0,,0.0,99.0,11.39,87.61,0.0,,,,,,Sweden,direct,0,0.0,0,0,0,0,(Enterprise),,1,0,0,demoPID,104731,,{},99.0,,,,1,monthly,,0.0,0,,,,,,,1,card,,,,,,,,,,,,,,
DEMOPID000499==,Acme Pro,Hayden Ortiz,hayden.ortiz68@example.com,hayden.ortiz68@example.com,0,2025-04-28,2025-04-28 18:07:22 +0000,84.2,0.0,,0.0,84.2,9.63,74.52,0.0,,,,,,India,direct,0,0.0,0,0,0,0,(Enterprise),welcome15,1,0,0,demoPID,102578,,{},99.0,,,,1,monthly,,0.0,0,,,,,,,1,card,,,,,,,,,,,,,,
DEMOPID000730==,Acme Pro,Rowan Garcia,rowan.garcia97@example.com,rowan.garcia97@example.com,0,2025-04-28,2025-04-28 20:24:25 +0000,49.0,0.0,,0.0,49.0,4.85,44.15,0.0,,,,,,Netherlands,direct,0,0.0,0,0,0,0,(Business),,1,0,0,demoPID,103658,,{},49.0,,,,1,monthly,,0.0,0,,,,,,,1,card,,,,,,,,,,,,,,
DEMOPID000397==,Acme Pro,Hayden Schmidt,hayden.schmidt62@example.com,hayden.schmidt62@example.com,0,2025-04-29,2025-04-29 01:28:38 +0000,19.0,0.0,,0.0,19.0,1.79,17.21,0.0,,,,,,Australia,direct,0,0.0,0,0,0,0,(Startup),,1,0,0,demoPID,102033,,{},19.0,,,,1,monthly,,0.0,0,2026-05-28 00:00:00 UTC,2026-06-28,,,,,1,card,,,,,,,,,,,,,,
DEMOPID001336==,Acme Pro,Alex Walsh,alex.walsh170@example.com,alex.walsh170@example.com,0,2025-04-29,2025-04-29 11:22:26 +0000,9.0,0.0,,0.0,9.0,0.85,8.15,0.0,,,,,,United States,direct,0,0.0,0,0,0,0,(Personal),,0,0,0,demoPID,106702,,{},9.0,,,,1,monthly,,0.0,0,,,,,,,1,card,,,,,,,,,,,,,,
DEMOPID001287==,Acme Pro,Avery Andersson,avery.andersson161@example.com,avery.andersson161@example.com,0,2025-05-01,2025-05-01 20:11:48 +0000,49.0,0.0,,0.0,49.0,5.42,43.58,0.0,,,,,,Japan,direct,0,0.0,0,0,0,0,(Business),,1,0,0,demoPID,106451,,{},49.0,,,,1,monthly,,0.0,0,2026-06-02 00:00:00 UTC,2026-07-01,,,,,1,card,,,,,,,,,,,,,,
DEMOPID001414==,Acme Pro,Hayden Johnson,hayden.johnson182@example.com,hayden.johnson182@example.com,0,2025-05-02,2025-05-02 21:43:07 +0000,19.0,0.0,,0.0,19.0,1.73,17.27,0.0,,,,,,United States,direct,0,0.0,0,0,0,0,(Startup),,1,0,0,demoPID,107095,,{},19.0,,,,1,monthly,,0.0,0,,,,,,,1,card,,,,,,,,,,,,,,
DEMOPID000268==,Acme Pro,Jordan Rossi,jordan.rossi42@example.com,jordan.rossi42@example.com,0,2025-05-03,2025-05-03 07:19:51 +0000,16.1,0.0,,0.0,16.1,1.60,14.55,0.0,,,,,,Germany,direct,0,0.0,0,0,0,0,(Startup),welcome15,1,0,0,demoPID,101372,,{},19.0,,,,1,monthly,,0.0,0,,,,,,,1,card,,,,,,,,,,,,,,
DEMOPID000641==,Acme Pro,Jordan Novak,jordan.novak88@example.com,jordan.novak88@example.com,0,2025-05-03,2025-05-03 14:11:10 +0000,49.0,0.0,,0.0,49.0,6.27,42.73,0.0,,,,,,Italy,direct,0,0.0,0,0,0,0,(Business),,0,0,0,demoPID,103250,,{},49.0,,,,1,monthly,,0.0,0,,,,,,,1,card,,,,,,,,,,,,,,
DEMOPID001094==,Acme Pro,Sam Ortiz,sam.ortiz141@example.com,sam.ortiz141@example.com,0,2025-05-03,2025-05-03 17:28:03 +0000,0.0,0.0,,0.0,0.0,0.00,0.00,0.0,,,,,,Poland,direct,0,0.0,0,0,0,0,(Personal),maintainer,1,0,0,demoPID,105511,,{},9.0,,,,1,monthly,,0.0,0,2026-06-04 00:00:00 UTC,2026-07-03,,,,,1,card,,,,,,,,,,,,,,
DEMOPID000874==,Acme Pro,Rowan Ortiz,rowan.ortiz108@example.com,rowan.ortiz108@example.com,0,2025-05-03,2025-05-03 21:59:51 +0000,49.0,0.0,,0.0,49.0,4.43,44.57,0.0,,,,,,United States,direct,0,0.0,0,0,0,0,(Business),,1,0,0,demoPID,104366,,{},49.0,,,,1,monthly,,0.0,0,2026-06-04 00:00:00 UTC,2026-07-03,,,,,1,card,,,,,,,,,,,,,,
DEMOPID000240==,Acme Pro,Drew Silva,drew.silva40@example.com,drew.silva40@example.com,0,2025-05-04,2025-05-04 08:12:11 +0000,19.0,0.0,,0.0,19.0,1.79,17.21,0.0,,,,,,Germany,direct,0,0.0,0,0,0,0,(Startup),,0,0,0,demoPID,101209,,{},19.0,,,,1,monthly,,0.0,0,,,,,,,1,card,,,,,,,,,,,,,,
DEMOPID001178==,Acme Pro,Sam Lee,sam.lee149@example.com,sam.lee149@example.com,0,2025-05-04,2025-05-04 12:03:40 +0000,19.0,0.0,,0.0,19.0,2.23,16.77,0.0,,,,,,Germany,direct,0,0.0,0,0,0,0,(Startup),,1,0,0,demoPID,105935,,{},19.0,,,,1,monthly,,0.0,0,,,,,,,1,card,,,,,,,,,,,,,,
DEMOPID000837==,Acme Pro,Casey Tanaka,casey.tanaka107@example.com,casey.tanaka107@example.com,0,2025-05-04,2025-05-04 15:13:37 +0000,9.0,0.0,,0.0,9.0,1.05,7.95,0.0,,,,,,Brazil,direct,0,0.0,0,0,0,0,(Personal),,1,0,0,demoPID,104190,,{},9.0,,,,1,monthly,,0.0,0,2026-06-04 00:00:00 UTC,2026-07-04,,,,,1,card,,,,,,,,,,,,,,
DEMOPID000627==,Acme Pro,Morgan Schmidt,morgan.schmidt87@example.com,morgan.schmidt87@example.com,0,2025-05-04,2025-05-04 18:35:53 +0000,99.0,0.0,,0.0,99.0,9.11,89.89,0.0,,,,,,Sweden,direct,0,0.0,0,0,0,0,(Enterprise),,1,0,0,demoPID,103185,,{},99.0,,,,1,monthly,,0.0,0,,,,,,,1,card,,,,,,,,,,,,,,
DEMOPID000804==,Acme Pro,Sam Smith,sam.smith104@example.com,sam.smith104@example.com,0,2025-05-05,2025-05-05 20:54:32 +0000,49.0,0.0,,0.0,49.0,5.22,43.78,0.0,,,,,,Spain,direct,0,0.0,0,0,0,0,(Business),,0,0,0,demoPID,104023,,{},49.0,,,,1,monthly,,0.0,0,,,,,,,1,card,,,,,,,,,,,,,,
DEMOPID001051==,Acme Pro,Devin Ortiz,devin.ortiz132@example.com,devin.ortiz132@example.com,0,2025-05-06,2025-05-06 05:49:45 +0000,19.0,0.0,,0.0,19.0,2.37,16.63,0.0,,,,,,Brazil,direct,0,0.0,0,0,0,0,(Startup),,0,0,0,demoPID,105297,,{},19.0,,,,1,monthly,,0.0,0,,,,,,,1,card,,,,,,,,,,,,,,
DEMOPID000218==,Acme Pro,Taylor Rossi,taylor.rossi35@example.com,taylor.rossi35@example.com,0,2025-05-07,2025-05-07 21:07:26 +0000,19.0,0.0,,0.0,19.0,2.14,16.86,0.0,,,,,,Netherlands,direct,0,0.0,0,0,0,0,(Startup),,1,0,0,demoPID,101094,,{},19.0,,,,1,monthly,,0.0,0,,,,,,,1,card,,,,,,,,,,,,,,
DEMOPID000663==,Acme Pro,Alex Rossi,alex.rossi89@example.com,alex.rossi89@example.com,0,2025-05-09,2025-05-09 14:32:25 +0000,49.0,0.0,,0.0,49.0,4.95,44.05,0.0,,,,,,Poland,direct,0,0.0,0,0,0,0,(Business),,1,0,0,demoPID,103340,,{},49.0,,,,1,monthly,,0.0,0,,,,,,,1,card,,,,,,,,,,,,,,
DEMOPID000448==,Acme Pro,Morgan Muller,morgan.muller64@example.com,morgan.muller64@example.com,0,2025-05-09,2025-05-09 18:15:36 +0000,19.0,0.0,,0.0,19.0,1.94,17.06,0.0,,,,,,Japan,direct,0,0.0,0,0,0,0,(Startup),,1,0,0,demoPID,102279,,{},19.0,,,,1,monthly,,0.0,0,,,,,,,1,card,,,,,,,,,,,,,,
DEMOPID001142==,Acme Pro,Devin Andersson,devin.andersson147@example.com,devin.andersson147@example.com,0,2025-05-09,2025-05-09 19:17:17 +0000,49.0,0.0,,0.0,49.0,4.90,44.10,0.0,,,,,,Spain,direct,0,0.0,0,0,0,0,(Business),,1,0,0,demoPID,105764,,{},49.0,,,,1,monthly,,0.0,0,,,,,,,1,card,,,,,,,,,,,,,,
DEMOPID000791==,Acme Pro,Riley Rossi,riley.rossi103@example.com,riley.rossi103@example.com,0,2025-05-09,2025-05-09 22:21:02 +0000,9.0,0.0,,0.0,9.0,0.82,8.18,0.0,,,,,,Australia,direct,0,0.0,0,0,0,0,(Personal),,1,0,0,demoPID,103970,,{},9.0,,,,1,monthly,,0.0,0,,,,,,,1,card,,,,,,,,,,,,,,
DEMOPID000303==,Acme Pro,Sam Muller,sam.muller48@example.com,sam.muller48@example.com,0,2025-05-10,2025-05-10 11:28:48 +0000,90.0,0.0,,0.0,90.0,11.52,78.48,0.0,,,,,,Germany,direct,0,0.0,0,0,0,0,(Personal),,0,0,0,demoPID,101552,,{},90.0,,,,1,yearly,,0.0,0,,,,,,,1,card,,,,,,,,,,,,,,
DEMOPID001160==,Acme Pro,Drew Becker,drew.becker148@example.com,drew.becker148@example.com,0,2025-05-10,2025-05-10 23:18:16 +0000,99.0,0.0,,0.0,99.0,10.30,88.70,0.0,,,,,,India,direct,0,0.0,0,0,0,0,(Enterprise),,1,0,0,demoPID,105861,,{},99.0,,,,1,monthly,,0.0,0,,,,,,,1,card,,,,,,,,,,,,,,
DEMOPID000891==,Acme Pro,Jamie Rossi,jamie.rossi109@example.com,jamie.rossi109@example.com,0,2025-05-11,2025-05-11 05:30:20 +0000,19.0,0.0,,0.0,19.0,1.77,17.23,0.0,,,,,,Portugal,direct,0,0.0,0,0,0,0,(Startup),,1,0,0,demoPID,104471,,{},19.0,,,,1,monthly,,0.0,0,2026-05-23 00:00:00 UTC,2026-06-11,,,,,1,card,,,,,,,,,,,,,,
DEMOPID000544==,Acme Pro,Jordan Ferraro,jordan.ferraro80@example.com,jordan.ferraro80@example.com,0,2025-05-12,2025-05-12 18:40:48 +0000,49.0,0.0,,0.0,49.0,5.05,43.95,0.0,,,,,,Australia,direct,0,0.0,0,0,0,0,(Business),,0,0,0,demoPID,102780,,{},49.0,,,,1,monthly,,0.0,0,,,,,,,1,card,,,,,,,,,,,,,,
DEMOPID001119==,Acme Pro,Hayden Kim,hayden.kim145@example.com,hayden.kim145@example.com,0,2025-05-13,2025-05-13 00:45:35 +0000,29.4,0.0,,0.0,29.4,3.78,25.62,0.0,,,,,,Netherlands,direct,0,0.0,0,0,0,0,(Business),blackfriday,1,0,0,demoPID,105630,,{},49.0,,,,1,monthly,,0.0,0,,,,,,,1,card,,,,,,,,,,,,,,
DEMOPID001233==,Acme Pro,Drew Nguyen,drew.nguyen152@example.com,drew.nguyen152@example.com,0,2025-05-13,2025-05-13 20:05:01 +0000,9.0,0.0,,0.0,9.0,0.92,8.08,0.0,,,,,,Italy,direct,0,0.0,0,0,0,0,(Personal),,1,0,0,demoPID,106183,,{},9.0,,,,1,monthly,,0.0,0,,,,,,,1,card,,,,,,,,,,,,,,
DEMOPID000198==,Acme Pro,Skyler Kim,skyler.kim30@example.com,skyler.kim30@example.com,0,2025-05-13,2025-05-13 23:09:56 +0000,19.0,0.0,,0.0,19.0,2.16,16.84,0.0,,,,,,India,direct,0,0.0,0,0,0,0,(Startup),,1,0,0,demoPID,100982,,{},19.0,,,,1,monthly,,0.0,0,,,,,,,1,card,,,,,,,,,,,,,,
DEMOPID000362==,Acme Pro,Jamie Johnson,jamie.johnson57@example.com,jamie.johnson57@example.com,0,2025-05-14,2025-05-14 15:41:12 +0000,0.0,0.0,,0.0,0.0,0.00,0.00,0.0,,,,,,Germany,direct,0,0.0,0,0,0,0,(Startup),nonprofit100,0,0,0,demoPID,101882,,{},190.0,,,,1,yearly,,0.0,0,2026-05-27 00:00:00 UTC,2027-05-14,,,,,1,card,,,,,,,,,,,,,,
DEMOPID000340==,Acme Pro,Morgan Ortiz,morgan.ortiz51@example.com,morgan.ortiz51@example.com,0,2025-05-14,2025-05-14 17:12:23 +0000,99.0,0.0,,0.0,99.0,9.11,89.89,0.0,,,,,,Japan,direct,0,0.0,0,0,0,0,(Enterprise),,1,0,0,demoPID,101756,,{},99.0,,,,1,monthly,,0.0,0,2026-05-15 00:00:00 UTC,2026-06-14,,,,,1,card,,,,,,,,,,,,,,
DEMOPID000957==,Acme Pro,Alex Johnson,alex.johnson117@example.com,alex.johnson117@example.com,0,2025-05-14,2025-05-14 19:21:59 +0000,49.0,0.0,,0.0,49.0,4.59,44.41,0.0,,,,,,Spain,direct,0,0.0,0,0,0,0,(Business),,0,0,0,demoPID,104809,,{},49.0,,,,1,monthly,,0.0,0,,,,,,,1,card,,,,,,,,,,,,,,
DEMOPID001003==,Acme Pro,Drew Dubois,drew.dubois122@example.com,drew.dubois122@example.com,0,2025-05-15,2025-05-15 18:47:03 +0000,49.0,0.0,,0.0,49.0,4.57,44.43,0.0,,,,,,Italy,direct,0,0.0,0,0,0,0,(Business),,1,0,0,demoPID,105054,,{},49.0,,,,1,monthly,,0.0,0,,,,,,,1,card,,,,,,,,,,,,,,
DEMOPID000414==,Acme Pro,Robin Lee,robin.lee63@example.com,robin.lee63@example.com,0,2025-05-16,2025-05-16 03:47:48 +0000,41.6,0.0,,0.0,41.6,5.35,36.30,0.0,,,,,,Australia,direct,0,0.0,0,0,0,0,(Business),welcome15,1,0,0,demoPID,102119,,{},49.0,,,,1,monthly,,0.0,0,,,,,,,1,card,,,,,,,,,,,,,,
DEMOPID001209==,Acme Pro,Rowan Johnson,rowan.johnson150@example.com,rowan.johnson150@example.com,0,2025-05-17,2025-05-17 17:32:14 +0000,36.8,0.0,,0.0,36.8,4.22,32.53,0.0,,,,,,United Kingdom,direct,0,0.0,0,0,0,0,(Business),launch25,1,0,0,demoPID,106070,,{},49.0,,,,1,monthly,,0.0,0,,,,,,,1,card,,,,,,,,,,,,,,
DEMOPID000524==,Acme Pro,Skyler Smith,skyler.smith76@example.com,skyler.smith76@example.com,0,2025-05-18,2025-05-18 11:42:57 +0000,99.0,0.0,,0.0,99.0,9.90,89.10,0.0,,,,,,Germany,direct,0,0.0,0,0,0,0,(Enterprise),,1,0,0,demoPID,102697,,{},99.0,,,,1,monthly,,0.0,0,,,,,,,1,card,,,,,,,,,,,,,,
DEMOPID000981==,Acme Pro,Drew Garcia,drew.garcia119@example.com,drew.garcia119@example.com,0,2025-05-18,2025-05-18 17:26:47 +0000,19.0,0.0,,0.0,19.0,2.13,16.87,0.0,,,,,,Germany,direct,0,0.0,0,0,0,0,(Startup),,1,0,0,demoPID,104933,,{},19.0,,,,1,monthly,,0.0,0,2026-05-21 00:00:00 UTC,2026-06-18,,,,,1,card,,,,,,,,,,,,,,
DEMOPID000996==,Acme Pro,Quinn Lee,quinn.lee121@example.com,quinn.lee121@example.com,0,2025-05-20,2025-05-20 09:02:46 +0000,190.0,0.0,,0.0,190.0,21.62,168.38,0.0,,,,,,Spain,direct,0,0.0,0,0,0,0,(Startup),,1,0,0,demoPID,105009,,{},190.0,,,,1,yearly,,0.0,0,,,,,,,1,card,,,,,,,,,,,,,,
DEMOPID000588==,Acme Pro,Hayden Nguyen,hayden.nguyen82@example.com,hayden.nguyen82@example.com,0,2025-05-20,2025-05-20 10:07:02 +0000,5.4,0.0,,0.0,5.4,0.68,4.72,0.0,,,,,,Brazil,direct,0,0.0,0,0,0,0,(Personal),blackfriday,1,0,0,demoPID,102985,,{},9.0,,,,1,monthly,,0.0,0,,,,,,,1,card,,,,,,,,,,,,,,
DEMOPID001049==,Acme Pro,Alex Silva,alex.silva131@example.com,alex.silva131@example.com,0,2025-05-20,2025-05-20 14:40:23 +0000,392.0,0.0,,0.0,392.0,37.07,354.93,0.0,,,,,,Sweden,direct,0,0.0,0,0,0,0,(Business),friend20,0,0,0,demoPID,105292,,{},490.0,,,,1,yearly,,0.0,0,2026-05-23 00:00:00 UTC,2027-05-20,,,,,1,card,,,,,,,,,,,,,,
DEMOPID001353==,Acme Pro,Emerson Garcia,emerson.garcia171@example.com,emerson.garcia171@example.com,0,2025-05-20,2025-05-20 16:55:11 +0000,19.0,0.0,,0.0,19.0,2.19,16.81,0.0,,,,,,Spain,direct,0,0.0,0,0,0,0,(Startup),,1,0,0,demoPID,106799,,{},19.0,,,,1,monthly,,0.0,0,,,,,,,1,card,,,,,,,,,,,,,,
DEMOPID000191==,Acme Pro,Morgan Costa,morgan.costa28@example.com,morgan.costa28@example.com,0,2025-05-21,2025-05-21 15:51:18 +0000,490.0,0.0,,0.0,490.0,62.02,427.98,0.0,,,,,,Brazil,direct,0,0.0,0,0,0,0,(Business),,0,0,0,demoPID,100944,,{},490.0,,,,1,yearly,,0.0,0,,,,,,,1,card,,,,,,,,,,,,,,
DEMOPID000142==,Acme Pro,Morgan Andersson,morgan.andersson18@example.com,morgan.andersson18@example.com,0,2025-05-21,2025-05-21 17:04:10 +0000,19.0,0.0,,0.0,19.0,1.89,17.11,0.0,,,,,,United Kingdom,direct,0,0.0,0,0,0,0,(Startup),,1,0,0,demoPID,100691,,{},19.0,,,,1,monthly,,0.0,0,,,,,,,1,card,,,,,,,,,,,,,,
DEMOPID000708==,Acme Pro,Casey Costa,casey.costa94@example.com,casey.costa94@example.com,0,2025-05-23,2025-05-23 15:12:38 +0000,49.0,0.0,,0.0,49.0,5.95,43.05,0.0,,,,,,Japan,direct,0,0.0,0,0,0,0,(Business),,1,0,0,demoPID,103548,,{},49.0,,,,1,monthly,,0.0,0,2026-05-29 00:00:00 UTC,2026-06-23,,,,,1,card,,,,,,,,,,,,,,
DEMOPID000466==,Acme Pro,Cameron Lee,cameron.lee67@example.com,cameron.lee67@example.com,0,2025-05-23,2025-05-23 20:38:08 +0000,9.0,0.0,,0.0,9.0,1.10,7.90,0.0,,,,,,France,direct,0,0.0,0,0,0,0,(Personal),,1,0,0,demoPID,102390,,{},9.0,,,,1,monthly,,0.0,0,,,,,,,1,card,,,,,,,,,,,,,,
DEMOPID001445==,Acme Pro,Casey Andersson,casey.andersson189@example.com,casey.andersson189@example.com,0,2025-05-24,2025-05-24 01:33:01 +0000,7.7,0.0,,0.0,7.7,0.76,6.89,0.0,,,,,,Netherlands,direct,0,0.0,0,0,0,0,(Personal),welcome15,1,0,0,demoPID,107274,,{},9.0,,,,1,monthly,,0.0,0,,,,,,,1,card,,,,,,,,,,,,,,
DEMOPID000463==,Acme Pro,Jamie Walsh,jamie.walsh66@example.com,jamie.walsh66@example.com,0,2025-05-24,2025-05-24 08:26:19 +0000,5.4,0.0,,0.0,5.4,5.40,0.00,0.0,,,,,,Australia,direct,1,0.0,1,0,0,1,(Personal),blackfriday,0,0,0,demoPID,102373,,{},9.0,,,,1,monthly,,0.0,0,,,,,,,1,card,,,,,,,,,,,,,,
DEMOPID000910==,Acme Pro,Drew Dubois,drew.dubois111@example.com,drew.dubois111@example.com,0,2025-05-24,2025-05-24 09:16:35 +0000,19.0,0.0,,0.0,19.0,2.31,16.69,0.0,,,,,,Brazil,direct,0,0.0,0,0,0,0,(Startup),,1,0,0,demoPID,104574,,{},19.0,,,,1,monthly,,0.0,0,,,,,,,1,card,,,,,,,,,,,,,,
DEMOPID000376==,Acme Pro,Sam Lee,sam.lee58@example.com,sam.lee58@example.com,0,2025-05-24,2025-05-24 12:15:28 +0000,19.0,0.0,,0.0,19.0,1.72,17.28,0.0,,,,,,India,direct,0,0.0,0,0,0,0,(Startup),,1,0,0,demoPID,101952,,{},19.0,,,,1,monthly,,0.0,0,,,,,,,1,card,,,,,,,,,,,,,,
DEMOPID000692==,Acme Pro,Jordan Andersson,jordan.andersson92@example.com,jordan.andersson92@example.com,0,2025-05-25,2025-05-25 02:08:39 +0000,49.0,0.0,,0.0,49.0,5.37,43.63,0.0,,,,,,France,direct,0,0.0,0,0,0,0,(Business),,0,0,0,demoPID,103478,,{},49.0,,,,1,monthly,,0.0,0,2026-06-03 00:00:00 UTC,2026-06-25,,,,,1,card,,,,,,,,,,,,,,
DEMOPID000164==,Acme Pro,Hayden Tanaka,hayden.tanaka20@example.com,hayden.tanaka20@example.com,0,2025-05-25,2025-05-25 03:41:53 +0000,9.0,0.0,,0.0,9.0,0.98,8.02,0.0,,,,,,Netherlands,direct,0,0.0,0,0,0,0,(Personal),,1,0,0,demoPID,100798,,{},9.0,,,,1,monthly,,0.0,0,,,,,,,1,card,,,,,,,,,,,,,,
DEMOPID000771==,Acme Pro,Reese Smith,reese.smith100@example.com,reese.smith100@example.com,0,2025-05-25,2025-05-25 05:43:04 +0000,0.0,0.0,,0.0,0.0,0.00,0.00,0.0,,,,,,Australia,direct,0,0.0,0,0,0,0,(Personal),oss100,1,0,0,demoPID,103874,,{},9.0,,,,1,monthly,,0.0,0,2026-05-29 00:00:00 UTC,2026-06-25,,,,,1,card,,,,,,,,,,,,,,
DEMOPID000822==,Acme Pro,Cameron Tanaka,cameron.tanaka105@example.com,cameron.tanaka105@example.com,0,2025-05-26,2025-05-26 18:46:54 +0000,19.0,0.0,,0.0,19.0,2.39,16.61,0.0,,,,,,Sweden,direct,0,0.0,0,0,0,0,(Startup),,1,0,0,demoPID,104111,,{},19.0,,,,1,monthly,,0.0,0,2026-05-28 00:00:00 UTC,2026-06-26,,,,,1,card,,,,,,,,,,,,,,
DEMOPID000019==,Acme Pro,Taylor Smith,taylor.smith0@example.com,taylor.smith0@example.com,0,2025-05-26,2025-05-26 18:56:45 +0000,9.0,0.0,,0.0,9.0,1.14,7.86,0.0,,,,,,Japan,direct,0,0.0,0,0,0,0,(Personal),,1,0,0,demoPID,100096,,{},9.0,,,,1,monthly,,0.0,0,,,,,,,1,card,,,,,,,,,,,,,,
DEMOPID000604==,Acme Pro,Emerson Rossi,emerson.rossi84@example.com,emerson.rossi84@example.com,0,2025-05-28,2025-05-28 02:03:14 +0000,49.0,0.0,,0.0,49.0,5.37,43.63,0.0,,,,,,Portugal,direct,0,0.0,0,0,0,0,(Business),,1,0,0,demoPID,103077,,{},49.0,,,,1,monthly,,0.0,0,,,,,,,1,card,,,,,,,,,,,,,,
DEMOPID000731==,Acme Pro,Rowan Garcia,rowan.garcia97@example.com,rowan.garcia97@example.com,0,2025-05-28,2025-05-28 14:51:36 +0000,49.0,0.0,,0.0,49.0,4.56,44.44,0.0,,,,,,Netherlands,direct,0,0.0,0,0,0,0,(Business),,1,0,0,demoPID,103662,,{},49.0,,,,1,monthly,,0.0,0,,,,,,,1,card,,,,,,,,,,,,,,
DEMOPID000500==,Acme Pro,Hayden Ortiz,hayden.ortiz68@example.com,hayden.ortiz68@example.com,0,2025-05-28,2025-05-28 19:11:52 +0000,84.2,0.0,,0.0,84.2,10.42,73.73,0.0,,,,,,India,direct,0,0.0,0,0,0,0,(Enterprise),welcome15,1,0,0,demoPID,102584,,{},99.0,,,,1,monthly,,0.0,0,,,,,,,1,card,,,,,,,,,,,,,,
DEMOPID000102==,Acme Pro,Parker Silva,parker.silva16@example.com,parker.silva16@example.com,0,2025-05-28,2025-05-28 20:02:48 +0000,19.0,0.0,,0.0,19.0,2.30,16.70,0.0,,,,,,Poland,direct,0,0.0,0,0,0,0,(Startup),,1,0,0,demoPID,100477,,{},19.0,,,,1,monthly,,0.0,0,2026-05-29 00:00:00 UTC,2026-06-28,,,,,1,card,,,,,,,,,,,,,,
DEMOPID000941==,Acme Pro,Drew Andersson,drew.andersson114@example.com,drew.andersson114@example.com,0,2025-05-28,2025-05-28 23:34:51 +0000,99.0,0.0,,0.0,99.0,10.04,88.96,0.0,,,,,,Sweden,direct,0,0.0,0,0,0,0,(Enterprise),,1,0,0,demoPID,104736,,{},99.0,,,,1,monthly,,0.0,0,,,,,,,1,card,,,,,,,,,,,,,,
DEMOPID000398==,Acme Pro,Hayden Schmidt,hayden.schmidt62@example.com,hayden.schmidt62@example.com,0,2025-05-29,2025-05-29 01:25:28 +0000,19.0,0.0,,0.0,19.0,1.90,17.10,0.0,,,,,,Australia,direct,0,0.0,0,0,0,0,(Startup),,1,0,0,demoPID,102034,,{},19.0,,,,1,monthly,,0.0,0,2026-05-28 00:00:00 UTC,2026-06-28,,,,,1,card,,,,,,,,,,,,,,
DEMOPID001337==,Acme Pro,Alex Walsh,alex.walsh170@example.com,alex.walsh170@example.com,0,2025-05-29,2025-05-29 07:15:15 +0000,9.0,0.0,,0.0,9.0,0.83,8.17,0.0,,,,,,United States,direct,0,0.0,0,0,0,0,(Personal),,1,0,0,demoPID,106708,,{},9.0,,,,1,monthly,,0.0,0,,,,,,,1,card,,,,,,,,,,,,,,
DEMOPID001385==,Acme Pro,Casey Ortiz,casey.ortiz177@example.com,casey.ortiz177@example.com,0,2025-05-30,2025-05-30 06:05:26 +0000,190.0,0.0,,0.0,190.0,23.18,166.82,0.0,,,,,,India,direct,0,0.0,0,0,0,0,(Startup),,0,0,0,demoPID,106951,,{},190.0,,,,1,yearly,,0.0,0,,,,,,,1,card,,,,,,,,,,,,,,
DEMOPID001288==,Acme Pro,Avery Andersson,avery.andersson161@example.com,avery.andersson161@example.com,0,2025-06-01,2025-06-01 05:34:20 +0000,49.0,0.0,,0.0,49.0,5.58,43.42,0.0,,,,,,Japan,direct,0,0.0,0,0,0,0,(Business),,1,0,0,demoPID,106453,,{},49.0,,,,1,monthly,,0.0,0,2026-06-02 00:00:00 UTC,2026-07-01,,,,,1,card,,,,,,,,,,,,,,
DEMOPID001415==,Acme Pro,Hayden Johnson,hayden.johnson182@example.com,hayden.johnson182@example.com,0,2025-06-02,2025-06-02 03:53:20 +0000,19.0,0.0,,0.0,19.0,1.99,17.01,0.0,,,,,,United States,direct,0,0.0,0,0,0,0,(Startup),,1,0,0,demoPID,107102,,{},19.0,,,,1,monthly,,0.0,0,,,,,,,1,card,,,,,,,,,,,,,,
DEMOPID001095==,Acme Pro,Sam Ortiz,sam.ortiz141@example.com,sam.ortiz141@example.com,0,2025-06-03,2025-06-03 00:30:57 +0000,0.0,0.0,,0.0,0.0,0.00,0.00,0.0,,,,,,Poland,direct,0,0.0,0,0,0,0,(Personal),maintainer,1,0,0,demoPID,105514,,{},9.0,,,,1,monthly,,0.0,0,2026-06-04 00:00:00 UTC,2026-07-03,,,,,1,card,,,,,,,,,,,,,,
DEMOPID000875==,Acme Pro,Rowan Ortiz,rowan.ortiz108@example.com,rowan.ortiz108@example.com,0,2025-06-03,2025-06-03 01:50:38 +0000,49.0,0.0,,0.0,49.0,4.97,44.03,0.0,,,,,,United States,direct,0,0.0,0,0,0,0,(Business),,1,0,0,demoPID,104375,,{},49.0,,,,1,monthly,,0.0,0,2026-06-04 00:00:00 UTC,2026-07-03,,,,,1,card,,,,,,,,,,,,,,
DEMOPID000642==,Acme Pro,Jordan Novak,jordan.novak88@example.com,jordan.novak88@example.com,0,2025-06-03,2025-06-03 04:02:27 +0000,49.0,0.0,,0.0,49.0,5.99,43.01,0.0,,,,,,Italy,direct,0,0.0,0,0,0,0,(Business),,1,0,0,demoPID,103254,,{},49.0,,,,1,monthly,,0.0,0,,,,,,,1,card,,,,,,,,,,,,,,
DEMOPID000269==,Acme Pro,Jordan Rossi,jordan.rossi42@example.com,jordan.rossi42@example.com,0,2025-06-03,2025-06-03 06:23:43 +0000,16.1,0.0,,0.0,16.1,2.04,14.11,0.0,,,,,,Germany,direct,0,0.0,0,0,0,0,(Startup),welcome15,1,0,0,demoPID,101380,,{},19.0,,,,1,monthly,,0.0,0,,,,,,,1,card,,,,,,,,,,,,,,
DEMOPID001179==,Acme Pro,Sam Lee,sam.lee149@example.com,sam.lee149@example.com,0,2025-06-04,2025-06-04 10:05:53 +0000,19.0,0.0,,0.0,19.0,1.99,17.01,0.0,,,,,,Germany,direct,0,0.0,0,0,0,0,(Startup),,1,0,0,demoPID,105937,,{},19.0,,,,1,monthly,,0.0,0,,,,,,,1,card,,,,,,,,,,,,,,
DEMOPID000628==,Acme Pro,Morgan Schmidt,morgan.schmidt87@example.com,morgan.schmidt87@example.com,0,2025-06-04,2025-06-04 11:00:27 +0000,99.0,0.0,,0.0,99.0,9.52,89.48,0.0,,,,,,Sweden,direct,0,0.0,0,0,0,0,(Enterprise),,1,0,0,demoPID,103193,,{},99.0,,,,1,monthly,,0.0,0,,,,,,,1,card,,,,,,,,,,,,,,
DEMOPID000838==,Acme Pro,Casey Tanaka,casey.tanaka107@example.com,casey.tanaka107@example.com,0,2025-06-04,2025-06-04 13:01:15 +0000,9.0,0.0,,0.0,9.0,1.04,7.96,0.0,,,,,,Brazil,direct,0,0.0,0,0,0,0,(Personal),,1,0,0,demoPID,104193,,{},9.0,,,,1,monthly,,0.0,0,2026-06-04 00:00:00 UTC,2026-07-04,,,,,1,card,,,,,,,,,,,,,,
DEMOPID000241==,Acme Pro,Drew Silva,drew.silva40@example.com,drew.silva40@example.com,0,2025-06-04,2025-06-04 20:04:11 +0000,19.0,0.0,,0.0,19.0,2.29,16.71,0.0,,,,,,Germany,direct,0,0.0,0,0,0,0,(Startup),,1,0,0,demoPID,101212,,{},19.0,,,,1,monthly,,0.0,0,,,,,,,1,card,,,,,,,,,,,,,,
DEMOPID000805==,Acme Pro,Sam Smith,sam.smith104@example.com,sam.smith104@example.com,0,2025-06-05,2025-06-05 07:39:53 +0000,49.0,0.0,,0.0,49.0,4.73,44.27,0.0,,,,,,Spain,direct,0,0.0,0,0,0,0,(Business),,1,0,0,demoPID,104026,,{},49.0,,,,1,monthly,,0.0,0,,,,,,,1,card,,,,,,,,,,,,,,
DEMOPID001052==,Acme Pro,Devin Ortiz,devin.ortiz132@example.com,devin.ortiz132@example.com,0,2025-06-06,2025-06-06 09:46:49 +0000,19.0,0.0,,0.0,19.0,2.03,16.97,0.0,,,,,,Brazil,direct,0,0.0,0,0,0,0,(Startup),,1,0,0,demoPID,105298,,{},19.0,,,,1,monthly,,0.0,0,,,,,,,1,card,,,,,,,,,,,,,,
DEMOPID001019==,Acme Pro,Rowan Patel,rowan.patel124@example.com,rowan.patel124@example.com,0,2025-06-07,2025-06-07 00:18:55 +0000,0.0,0.0,,0.0,0.0,0.00,0.00,0.0,,,,,,United States,direct,0,0.0,0,0,0,0,(Startup),maintainer,0,0,0,demoPID,105128,,{},190.0,,,,1,yearly,,0.0,0,,,,,,,1,card,,,,,,,,,,,,,,
DEMOPID000219==,Acme Pro,Taylor Rossi,taylor.rossi35@example.com,taylor.rossi35@example.com,0,2025-06-07,2025-06-07 13:55:58 +0000,19.0,0.0,,0.0,19.0,2.37,16.63,0.0,,,,,,Netherlands,direct,0,0.0,0,0,0,0,(Startup),,1,0,0,demoPID,101100,,{},19.0,,,,1,monthly,,0.0,0,,,,,,,1,card,,,,,,,,,,,,,,
DEMOPID000292==,Acme Pro,Casey Johnson,casey.johnson45@example.com,casey.johnson45@example.com,0,2025-06-08,2025-06-08 06:56:02 +0000,161.5,0.0,,0.0,161.5,14.82,146.68,0.0,,,,,,France,direct,0,0.0,0,0,0,0,(Startup),welcome15,1,0,0,demoPID,101497,,{},190.0,,,,1,yearly,,0.0,0,,,,,,,1,card,,,,,,,,,,,,,,
DEMOPID001143==,Acme Pro,Devin Andersson,devin.andersson147@example.com,devin.andersson147@example.com,0,2025-06-09,2025-06-09 03:38:11 +0000,49.0,0.0,,0.0,49.0,4.44,44.56,0.0,,,,,,Spain,direct,0,0.0,0,0,0,0,(Business),,1,0,0,demoPID,105769,,{},49.0,,,,1,monthly,,0.0,0,,,,,,,1,card,,,,,,,,,,,,,,
DEMOPID000792==,Acme Pro,Riley Rossi,riley.rossi103@example.com,riley.rossi103@example.com,0,2025-06-09,2025-06-09 05:50:16 +0000,9.0,0.0,,0.0,9.0,0.84,8.16,0.0,,,,,,Australia,direct,0,0.0,0,0,0,0,(Personal),,1,0,0,demoPID,103972,,{},9.0,,,,1,monthly,,0.0,0,,,,,,,1,card,,,,,,,,,,,,,,
DEMOPID000664==,Acme Pro,Alex Rossi,alex.rossi89@example.com,alex.rossi89@example.com,0,2025-06-09,2025-06-09 07:23:31 +0000,49.0,0.0,,0.0,49.0,5.75,43.25,0.0,,,,,,Poland,direct,0,0.0,0,0,0,0,(Business),,1,0,0,demoPID,103342,,{},49.0,,,,1,monthly,,0.0,0,,,,,,,1,card,,,,,,,,,,,,,,
DEMOPID000449==,Acme Pro,Morgan Muller,morgan.muller64@example.com,morgan.muller64@example.com,0,2025-06-09,2025-06-09 17:21:24 +0000,19.0,0.0,,0.0,19.0,2.22,16.78,0.0,,,,,,Japan,direct,0,0.0,0,0,0,0,(Startup),,1,0,0,demoPID,102286,,{},19.0,,,,1,monthly,,0.0,0,,,,,,,1,card,,,,,,,,,,,,,,
DEMOPID001283==,Acme Pro,Reese Silva,reese.silva160@example.com,reese.silva160@example.com,0,2025-06-10,2025-06-10 18:27:55 +0000,0.0,0.0,,0.0,0.0,0.00,0.00,0.0,,,,,,Sweden,direct,0,0.0,0,0,0,0,(Enterprise),maintainer,0,0,0,demoPID,106434,,{},990.0,,,,1,yearly,,0.0,0,,,,,,,1,card,,,,,,,,,,,,,,
DEMOPID001161==,Acme Pro,Drew Becker,drew.becker148@example.com,drew.becker148@example.com,0,2025-06-10,2025-06-10 19:05:03 +0000,99.0,0.0,,0.0,99.0,9.04,89.96,0.0,,,,,,India,direct,0,0.0,0,0,0,0,(Enterprise),,1,0,0,demoPID,105865,,{},99.0,,,,1,monthly,,0.0,0,,,,,,,1,card,,,,,,,,,,,,,,
DEMOPID001311==,Acme Pro,Hayden Smith,hayden.smith164@example.com,hayden.smith164@example.com,0,2025-06-11,2025-06-11 03:11:53 +0000,9.0,0.0,,0.0,9.0,1.05,7.95,0.0,,,,,,Japan,direct,0,0.0,0,0,0,0,(Personal),,0,0,0,demoPID,106568,,{},9.0,,,,1,monthly,,0.0,0,,,,,,,1,card,,,,,,,,,,,,,,
DEMOPID000892==,Acme Pro,Jamie Rossi,jamie.rossi109@example.com,jamie.rossi109@example.com,0,2025-06-11,2025-06-11 18:17:11 +0000,19.0,0.0,,0.0,19.0,1.88,17.12,0.0,,,,,,Portugal,direct,0,0.0,0,0,0,0,(Startup),,1,0,0,demoPID,104477,,{},19.0,,,,1,monthly,,0.0,0,2026-05-23 00:00:00 UTC,2026-06-11,,,,,1,card,,,,,,,,,,,,,,
DEMOPID000545==,Acme Pro,Jordan Ferraro,jordan.ferraro80@example.com,jordan.ferraro80@example.com,0,2025-06-12,2025-06-12 13:46:54 +0000,49.0,0.0,,0.0,49.0,5.02,43.98,0.0,,,,,,Australia,direct,0,0.0,0,0,0,0,(Business),,1,0,0,demoPID,102782,,{},49.0,,,,1,monthly,,0.0,0,,,,,,,1,card,,,,,,,,,,,,,,
DEMOPID001234==,Acme Pro,Drew Nguyen,drew.nguyen152@example.com,drew.nguyen152@example.com,0,2025-06-13,2025-06-13 05:45:29 +0000,9.0,0.0,,0.0,9.0,1.05,7.95,0.0,,,,,,Italy,direct,0,0.0,0,0,0,0,(Personal),,1,0,0,demoPID,106191,,{},9.0,,,,1,monthly,,0.0,0,,,,,,,1,card,,,,,,,,,,,,,,
DEMOPID001120==,Acme Pro,Hayden Kim,hayden.kim145@example.com,hayden.kim145@example.com,0,2025-06-13,2025-06-13 09:55:01 +0000,29.4,0.0,,0.0,29.4,2.78,26.62,0.0,,,,,,Netherlands,direct,0,0.0,0,0,0,0,(Business),blackfriday,1,0,0,demoPID,105636,,{},49.0,,,,1,monthly,,0.0,0,,,,,,,1,card,,,,,,,,,,,,,,
DEMOPID000199==,Acme Pro,Skyler Kim,skyler.kim30@example.com,skyler.kim30@example.com,0,2025-06-13,2025-06-13 15:39:26 +0000,19.0,0.0,,0.0,19.0,2.21,16.79,0.0,,,,,,India,direct,0,0.0,0,0,0,0,(Startup),,1,0,0,demoPID,100989,,{},19.0,,,,1,monthly,,0.0,0,,,,,,,1,card,,,,,,,,,,,,,,
DEMOPID000341==,Acme Pro,Morgan Ortiz,morgan.ortiz51@example.com,morgan.ortiz51@example.com,0,2025-06-14,2025-06-14 12:32:28 +0000,99.0,0.0,,0.0,99.0,10.05,88.95,0.0,,,,,,Japan,direct,0,0.0,0,0,0,0,(Enterprise),,1,0,0,demoPID,101765,,{},99.0,,,,1,monthly,,0.0,0,2026-05-15 00:00:00 UTC,2026-06-14,,,,,1,card,,,,,,,,,,,,,,
DEMOPID000958==,Acme Pro,Alex Johnson,alex.johnson117@example.com,alex.johnson117@example.com,0,2025-06-14,2025-06-14 20:09:44 +0000,49.0,0.0,,0.0,49.0,4.53,44.47,0.0,,,,,,Spain,direct,0,0.0,0,0,0,0,(Business),,1,0,0,demoPID,104810,,{},49.0,,,,1,monthly,,0.0,0,,,,,,,1,card,,,,,,,,,,,,,,
DEMOPID001366==,Acme Pro,Alex Johnson,alex.johnson172@example.com,alex.johnson172@example.com,0,2025-06-14,2025-06-14 23:53:08 +0000,99.0,0.0,,0.0,99.0,10.48,88.52,0.0,,,,,,Poland,direct,0,0.0,0,0,0,0,(Enterprise),,0,0,0,demoPID,106858,,{},99.0,,,,1,monthly,,0.0,0,2026-06-04 00:00:00 UTC,2026-06-14,,,,,1,card,,,,,,,,,,,,,,
DEMOPID001004==,Acme Pro,Drew Dubois,drew.dubois122@example.com,drew.dubois122@example.com,0,2025-06-15,2025-06-15 02:25:32 +0000,49.0,0.0,,0.0,49.0,5.19,43.81,0.0,,,,,,Italy,direct,0,0.0,0,0,0,0,(Business),,1,0,0,demoPID,105063,,{},49.0,,,,1,monthly,,0.0,0,,,,,,,1,card,,,,,,,,,,,,,,
DEMOPID000415==,Acme Pro,Robin Lee,robin.lee63@example.com,robin.lee63@example.com,0,2025-06-16,2025-06-16 22:38:45 +0000,41.6,0.0,,0.0,41.6,5.27,36.38,0.0,,,,,,Australia,direct,0,0.0,0,0,0,0,(Business),welcome15,1,0,0,demoPID,102127,,{},49.0,,,,1,monthly,,0.0,0,,,,,,,1,card,,,,,,,,,,,,,,
DEMOPID000744==,Acme Pro,Reese Garcia,reese.garcia98@example.com,reese.garcia98@example.com,0,2025-06-17,2025-06-17 13:02:59 +0000,49.0,0.0,,0.0,49.0,4.62,44.38,0.0,,,,,,Canada,direct,0,0.0,0,0,0,0,(Business),,0,0,0,demoPID,103726,,{},49.0,,,,1,monthly,,0.0,0,,,,,,,1,card,,,,,,,,,,,,,,
DEMOPID001210==,Acme Pro,Rowan Johnson,rowan.johnson150@example.com,rowan.johnson150@example.com,0,2025-06-17,2025-06-17 21:13:17 +0000,36.8,0.0,,0.0,36.8,4.44,32.31,0.0,,,,,,United Kingdom,direct,0,0.0,0,0,0,0,(Business),launch25,1,0,0,demoPID,106078,,{},49.0,,,,1,monthly,,0.0,0,,,,,,,1,card,,,,,,,,,,,,,,
DEMOPID000982==,Acme Pro,Drew Garcia,drew.garcia119@example.com,drew.garcia119@example.com,0,2025-06-18,2025-06-18 18:22:43 +0000,19.0,0.0,,0.0,19.0,2.29,16.71,0.0,,,,,,Germany,direct,0,0.0,0,0,0,0,(Startup),,1,0,0,demoPID,104935,,{},19.0,,,,1,monthly,,0.0,0,2026-05-21 00:00:00 UTC,2026-06-18,,,,,1,card,,,,,,,,,,,,,,
DEMOPID000525==,Acme Pro,Skyler Smith,skyler.smith76@example.com,skyler.smith76@example.com,0,2025-06-18,2025-06-18 20:19:46 +0000,99.0,0.0,,0.0,99.0,9.12,89.88,0.0,,,,,,Germany,direct,0,0.0,0,0,0,0,(Enterprise),,1,0,0,demoPID,102700,,{},99.0,,,,1,monthly,,0.0,0,,,,,,,1,card,,,,,,,,,,,,,,
DEMOPID000589==,Acme Pro,Hayden Nguyen,hayden.nguyen82@example.com,hayden.nguyen82@example.com,0,2025-06-20,2025-06-20 18:27:52 +0000,5.4,0.0,,0.0,5.4,0.50,4.90,0.0,,,,,,Brazil,direct,0,0.0,0,0,0,0,(Personal),blackfriday,1,0,0,demoPID,102993,,{},9.0,,,,1,monthly,,0.0,0,,,,,,,1,card,,,,,,,,,,,,,,
DEMOPID001354==,Acme Pro,Emerson Garcia,emerson.garcia171@example.com,emerson.garcia171@example.com,0,2025-06-20,2025-06-20 23:29:17 +0000,19.0,0.0,,0.0,19.0,1.87,17.13,0.0,,,,,,Spain,direct,0,0.0,0,0,0,0,(Startup),,1,0,0,demoPID,106807,,{},19.0,,,,1,monthly,,0.0,0,,,,,,,1,card,,,,,,,,,,,,,,
DEMOPID000143==,Acme Pro,Morgan Andersson,morgan.andersson18@example.com,morgan.andersson18@example.com,0,2025-06-21,2025-06-21 22:38:30 +0000,19.0,0.0,,0.0,19.0,2.02,16.98,0.0,,,,,,United Kingdom,direct,0,0.0,0,0,0,0,(Startup),,1,0,0,demoPID,100692,,{},19.0,,,,1,monthly,,0.0,0,,,,,,,1,card,,,,,,,,,,,,,,
DEMOPID000709==,Acme Pro,Casey Costa,casey.costa94@example.com,casey.costa94@example.com,0,2025-06-23,2025-06-23 16:12:22 +0000,49.0,0.0,,0.0,49.0,5.93,43.07,0.0,,,,,,Japan,direct,0,0.0,0,0,0,0,(Business),,1,0,0,demoPID,103552,,{},49.0,,,,1,monthly,,0.0,0,2026-05-29 00:00:00 UTC,2026-06-23,,,,,1,card,,,,,,,,,,,,,,
DEMOPID000467==,Acme Pro,Cameron Lee,cameron.lee67@example.com,cameron.lee67@example.com,0,2025-06-23,2025-06-23 22:12:30 +0000,9.0,0.0,,0.0,9.0,0.93,8.07,0.0,,,,,,France,direct,0,0.0,0,0,0,0,(Personal),,1,0,0,demoPID,102395,,{},9.0,,,,1,monthly,,0.0,0,,,,,,,1,card,,,,,,,,,,,,,,
DEMOPID000377==,Acme Pro,Sam Lee,sam.lee58@example.com,sam.lee58@example.com,0,2025-06-24,2025-06-24 09:37:46 +0000,19.0,0.0,,0.0,19.0,2.44,16.56,0.0,,,,,,India,direct,0,0.0,0,0,0,0,(Startup),,1,0,0,demoPID,101957,,{},19.0,,,,1,monthly,,0.0,0,,,,,,,1,card,,,,,,,,,,,,,,
DEMOPID001446==,Acme Pro,Casey Andersson,casey.andersson189@example.com,casey.andersson189@example.com,0,2025-06-24,2025-06-24 17:04:17 +0000,7.7,0.0,,0.0,7.7,0.86,6.79,0.0,,,,,,Netherlands,direct,0,0.0,0,0,0,0,(Personal),welcome15,1,0,0,demoPID,107281,,{},9.0,,,,1,monthly,,0.0,0,,,,,,,1,card,,,,,,,,,,,,,,
DEMOPID000911==,Acme Pro,Drew Dubois,drew.dubois111@example.com,drew.dubois111@example.com,0,2025-06-24,2025-06-24 22:10:03 +0000,19.0,0.0,,0.0,19.0,2.01,16.99,0.0,,,,,,Brazil,direct,0,0.0,0,0,0,0,(Startup),,1,0,0,demoPID,104575,,{},19.0,,,,1,monthly,,0.0,0,,,,,,,1,card,,,,,,,,,,,,,,
DEMOPID000772==,Acme Pro,Reese Smith,reese.smith100@example.com,reese.smith100@example.com,0,2025-06-25,2025-06-25 05:47:32 +0000,0.0,0.0,,0.0,0.0,0.00,0.00,0.0,,,,,,Australia,direct,0,0.0,0,0,0,0,(Personal),oss100,1,0,0,demoPID,103877,,{},9.0,,,,1,monthly,,0.0,0,2026-05-29 00:00:00 UTC,2026-06-25,,,,,1,card,,,,,,,,,,,,,,
DEMOPID000693==,Acme Pro,Jordan Andersson,jordan.andersson92@example.com,jordan.andersson92@example.com,0,2025-06-25,2025-06-25 12:27:30 +0000,49.0,0.0,,0.0,49.0,5.65,43.35,0.0,,,,,,France,direct,0,0.0,0,0,0,0,(Business),,1,0,0,demoPID,103485,,{},49.0,,,,1,monthly,,0.0,0,2026-06-03 00:00:00 UTC,2026-06-25,,,,,1,card,,,,,,,,,,,,,,
DEMOPID000165==,Acme Pro,Hayden Tanaka,hayden.tanaka20@example.com,hayden.tanaka20@example.com,0,2025-06-25,2025-06-25 22:18:32 +0000,9.0,0.0,,0.0,9.0,0.99,8.01,0.0,,,,,,Netherlands,direct,0,0.0,0,0,0,0,(Personal),,1,0,0,demoPID,100801,,{},9.0,,,,1,monthly,,0.0,0,,,,,,,1,card,,,,,,,,,,,,,,
DEMOPID000068==,Acme Pro,Reese Nguyen,reese.nguyen10@example.com,reese.nguyen10@example.com,0,2025-06-26,2025-06-26 07:14:01 +0000,90.0,0.0,,0.0,90.0,9.20,80.80,0.0,,,,,,Canada,direct,0,0.0,0,0,0,0,(Personal),,0,0,0,demoPID,100322,,{},90.0,,,,1,yearly,,0.0,0,2026-02-16 00:00:00 UTC,2026-06-26,,,,,1,card,,,,,,,,,,,,,,
DEMOPID000020==,Acme Pro,Taylor Smith,taylor.smith0@example.com,taylor.smith0@example.com,0,2025-06-26,2025-06-26 15:25:56 +0000,9.0,0.0,,0.0,9.0,0.89,8.11,0.0,,,,,,Japan,direct,0,0.0,0,0,0,0,(Personal),,1,0,0,demoPID,100102,,{},9.0,,,,1,monthly,,0.0,0,,,,,,,1,card,,,,,,,,,,,,,,
DEMOPID000823==,Acme Pro,Cameron Tanaka,cameron.tanaka105@example.com,cameron.tanaka105@example.com,0,2025-06-26,2025-06-26 16:32:05 +0000,19.0,0.0,,0.0,19.0,1.81,17.19,0.0,,,,,,Sweden,direct,0,0.0,0,0,0,0,(Startup),,1,0,0,demoPID,104116,,{},19.0,,,,1,monthly,,0.0,0,2026-05-28 00:00:00 UTC,2026-06-26,,,,,1,card,,,,,,,,,,,,,,
DEMOPID000942==,Acme Pro,Drew Andersson,drew.andersson114@example.com,drew.andersson114@example.com,0,2025-06-28,2025-06-28 02:11:08 +0000,99.0,0.0,,0.0,99.0,10.55,88.45,0.0,,,,,,Sweden,direct,0,0.0,0,0,0,0,(Enterprise),,1,0,0,demoPID,104741,,{},99.0,,,,1,monthly,,0.0,0,,,,,,,1,card,,,,,,,,,,,,,,
DEMOPID000103==,Acme Pro,Parker Silva,parker.silva16@example.com,parker.silva16@example.com,0,2025-06-28,2025-06-28 06:53:01 +0000,19.0,0.0,,0.0,19.0,2.43,16.57,0.0,,,,,,Poland,direct,0,0.0,0,0,0,0,(Startup),,1,0,0,demoPID,100478,,{},19.0,,,,1,monthly,,0.0,0,2026-05-29 00:00:00 UTC,2026-06-28,,,,,1,card,,,,,,,,,,,,,,
DEMOPID000605==,Acme Pro,Emerson Rossi,emerson.rossi84@example.com,emerson.rossi84@example.com,0,2025-06-28,2025-06-28 15:00:21 +0000,49.0,0.0,,0.0,49.0,4.45,44.55,0.0,,,,,,Portugal,direct,0,0.0,0,0,0,0,(Business),,1,0,0,demoPID,103081,,{},49.0,,,,1,monthly,,0.0,0,,,,,,,1,card,,,,,,,,,,,,,,
DEMOPID000732==,Acme Pro,Rowan Garcia,rowan.garcia97@example.com,rowan.garcia97@example.com,0,2025-06-28,2025-06-28 15:28:20 +0000,49.0,0.0,,0.0,49.0,4.58,44.42,0.0,,,,,,Netherlands,direct,0,0.0,0,0,0,0,(Business),,1,0,0,demoPID,103670,,{},49.0,,,,1,monthly,,0.0,0,,,,,,,1,card,,,,,,,,,,,,,,
DEMOPID000501==,Acme Pro,Hayden Ortiz,hayden.ortiz68@example.com,hayden.ortiz68@example.com,0,2025-06-28,2025-06-28 18:05:43 +0000,84.2,0.0,,0.0,84.2,10.67,73.48,0.0,,,,,,India,direct,0,0.0,0,0,0,0,(Enterprise),welcome15,1,0,0,demoPID,102589,,{},99.0,,,,1,monthly,,0.0,0,,,,,,,1,card,,,,,,,,,,,,,,
DEMOPID000399==,Acme Pro,Hayden Schmidt,hayden.schmidt62@example.com,hayden.schmidt62@example.com,0,2025-06-29,2025-06-29 01:08:32 +0000,19.0,0.0,,0.0,19.0,2.12,16.88,0.0,,,,,,Australia,direct,0,0.0,0,0,0,0,(Startup),,1,0,0,demoPID,102038,,{},19.0,,,,1,monthly,,0.0,0,2026-05-28 00:00:00 UTC,2026-06-28,,,,,1,card,,,,,,,,,,,,,,
DEMOPID001025==,Acme Pro,Reese Kim,reese.kim128@example.com,reese.kim128@example.com,0,2025-06-29,2025-06-29 16:58:08 +0000,41.6,0.0,,0.0,41.6,4.90,36.75,0.0,,,,,,Italy,direct,0,0.0,0,0,0,0,(Business),welcome15,0,0,0,demoPID,105156,,{},49.0,,,,1,monthly,,0.0,0,2026-05-30 00:00:00 UTC,2026-06-28,,,,,1,card,,,,,,,,,,,,,,
DEMOPID001338==,Acme Pro,Alex Walsh,alex.walsh170@example.com,alex.walsh170@example.com,0,2025-06-29,2025-06-29 22:04:55 +0000,9.0,0.0,,0.0,9.0,1.02,7.98,0.0,,,,,,United States,direct,0,0.0,0,0,0,0,(Personal),,1,0,0,demoPID,106713,,{},9.0,,,,1,monthly,,0.0,0,,,,,,,1,card,,,,,,,,,,,,,,
DEMOPID001289==,Acme Pro,Avery Andersson,avery.andersson161@example.com,avery.andersson161@example.com,0,2025-07-01,2025-07-01 21:51:19 +0000,49.0,0.0,,0.0,49.0,6.03,42.97,0.0,,,,,,Japan,direct,0,0.0,0,0,0,0,(Business),,1,0,0,demoPID,106459,,{},49.0,,,,1,monthly,,0.0,0,2026-06-02 00:00:00 UTC,2026-07-01,,,,,1,card,,,,,,,,,,,,,,
DEMOPID001416==,Acme Pro,Hayden Johnson,hayden.johnson182@example.com,hayden.johnson182@example.com,0,2025-07-02,2025-07-02 14:53:45 +0000,19.0,0.0,,0.0,19.0,1.73,17.27,0.0,,,,,,United States,direct,0,0.0,0,0,0,0,(Startup),,1,0,0,demoPID,107105,,{},19.0,,,,1,monthly,,0.0,0,,,,,,,1,card,,,,,,,,,,,,,,
DEMOPID001096==,Acme Pro,Sam Ortiz,sam.ortiz141@example.com,sam.ortiz141@example.com,0,2025-07-03,2025-07-03 03:24:03 +0000,0.0,0.0,,0.0,0.0,0.00,0.00,0.0,,,,,,Poland,direct,0,0.0,0,0,0,0,(Personal),maintainer,1,0,0,demoPID,105515,,{},9.0,,,,1,monthly,,0.0,0,2026-06-04 00:00:00 UTC,2026-07-03,,,,,1,card,,,,,,,,,,,,,,
DEMOPID000876==,Acme Pro,Rowan Ortiz,rowan.ortiz108@example.com,rowan.ortiz108@example.com,0,2025-07-03,2025-07-03 07:39:10 +0000,49.0,0.0,,0.0,49.0,5.42,43.58,0.0,,,,,,United States,direct,0,0.0,0,0,0,0,(Business),,1,0,0,demoPID,104384,,{},49.0,,,,1,monthly,,0.0,0,2026-06-04 00:00:00 UTC,2026-07-03,,,,,1,card,,,,,,,,,,,,,,
DEMOPID000270==,Acme Pro,Jordan Rossi,jordan.rossi42@example.com,jordan.rossi42@example.com,0,2025-07-03,2025-07-03 09:49:24 +0000,16.1,0.0,,0.0,16.1,1.75,14.40,0.0,,,,,,Germany,direct,0,0.0,0,0,0,0,(Startup),welcome15,1,0,0,demoPID,101388,,{},19.0,,,,1,monthly,,0.0,0,,,,,,,1,card,,,,,,,,,,,,,,
DEMOPID000643==,Acme Pro,Jordan Novak,jordan.novak88@example.com,jordan.novak88@example.com,0,2025-07-03,2025-07-03 13:12:52 +0000,49.0,0.0,,0.0,49.0,6.35,42.65,0.0,,,,,,Italy,direct,0,0.0,0,0,0,0,(Business),,1,0,0,demoPID,103256,,{},49.0,,,,1,monthly,,0.0,0,,,,,,,1,card,,,,,,,,,,,,,,
DEMOPID001180==,Acme Pro,Sam Lee,sam.lee149@example.com,sam.lee149@example.com,0,2025-07-04,2025-07-04 09:41:12 +0000,19.0,0.0,,0.0,19.0,2.29,16.71,0.0,,,,,,Germany,direct,0,0.0,0,0,0,0,(Startup),,1,0,0,demoPID,105945,,{},19.0,,,,1,monthly,,0.0,0,,,,,,,1,card,,,,,,,,,,,,,,
DEMOPID000839==,Acme Pro,Casey Tanaka,casey.tanaka107@example.com,casey.tanaka107@example.com,0,2025-07-04,2025-07-04 18:10:08 +0000,9.0,0.0,,0.0,9.0,0.86,8.14,0.0,,,,,,Brazil,direct,0,0.0,0,0,0,0,(Personal),,1,0,0,demoPID,104194,,{},9.0,,,,1,monthly,,0.0,0,2026-06-04 00:00:00 UTC,2026-07-04,,,,,1,card,,,,,,,,,,,,,,
DEMOPID000242==,Acme Pro,Drew Silva,drew.silva40@example.com,drew.silva40@example.com,0,2025-07-04,2025-07-04 18:48:37 +0000,19.0,0.0,,0.0,19.0,2.06,16.94,0.0,,,,,,Germany,direct,0,0.0,0,0,0,0,(Startup),,1,0,0,demoPID,101220,,{},19.0,,,,1,monthly,,0.0,0,,,,,,,1,card,,,,,,,,,,,,,,
DEMOPID000629==,Acme Pro,Morgan Schmidt,morgan.schmidt87@example.com,morgan.schmidt87@example.com,0,2025-07-04,2025-07-04 21:40:38 +0000,99.0,0.0,,0.0,99.0,10.08,88.92,0.0,,,,,,Sweden,direct,0,0.0,0,0,0,0,(Enterprise),,1,0,0,demoPID,103195,,{},99.0,,,,1,monthly,,0.0,0,,,,,,,1,card,,,,,,,,,,,,,,
DEMOPID000806==,Acme Pro,Sam Smith,sam.smith104@example.com,sam.smith104@example.com,0,2025-07-05,2025-07-05 05:42:51 +0000,49.0,0.0,,0.0,49.0,4.79,44.21,0.0,,,,,,Spain,direct,0,0.0,0,0,0,0,(Business),,1,0,0,demoPID,104031,,{},49.0,,,,1,monthly,,0.0,0,,,,,,,1,card,,,,,,,,,,,,,,
DEMOPID001053==,Acme Pro,Devin Ortiz,devin.ortiz132@example.com,devin.ortiz132@example.com,0,2025-07-06,2025-07-06 05:07:57 +0000,19.0,0.0,,0.0,19.0,1.93,17.07,0.0,,,,,,Brazil,direct,0,0.0,0,0,0,0,(Startup),,1,0,0,demoPID,105306,,{},19.0,,,,1,monthly,,0.0,0,,,,,,,1,card,,,,,,,,,,,,,,
DEMOPID000220==,Acme Pro,Taylor Rossi,taylor.rossi35@example.com,taylor.rossi35@example.com,0,2025-07-07,2025-07-07 19:19:22 +0000,19.0,0.0,,0.0,19.0,2.45,16.55,0.0,,,,,,Netherlands,direct,0,0.0,0,0,0,0,(Startup),,1,0,0,demoPID,101101,,{},19.0,,,,1,monthly,,0.0,0,,,,,,,1,card,,,,,,,,,,,,,,
DEMOPID000793==,Acme Pro,Riley Rossi,riley.rossi103@example.com,riley.rossi103@example.com,0,2025-07-09,2025-07-09 07:58:16 +0000,9.0,0.0,,0.0,9.0,0.84,8.16,0.0,,,,,,Australia,direct,0,0.0,0,0,0,0,(Personal),,1,0,0,demoPID,103981,,{},9.0,,,,1,monthly,,0.0,0,,,,,,,1,card,,,,,,,,,,,,,,
DEMOPID001144==,Acme Pro,Devin Andersson,devin.andersson147@example.com,devin.andersson147@example.com,0,2025-07-09,2025-07-09 11:51:11 +0000,49.0,0.0,,0.0,49.0,5.70,43.30,0.0,,,,,,Spain,direct,0,0.0,0,0,0,0,(Business),,1,0,0,demoPID,105772,,{},49.0,,,,1,monthly,,0.0,0,,,,,,,1,card,,,,,,,,,,,,,,
DEMOPID000665==,Acme Pro,Alex Rossi,alex.rossi89@example.com,alex.rossi89@example.com,0,2025-07-09,2025-07-09 15:37:35 +0000,49.0,0.0,,0.0,49.0,4.76,44.24,0.0,,,,,,Poland,direct,0,0.0,0,0,0,0,(Business),,1,0,0,demoPID,103350,,{},49.0,,,,1,monthly,,0.0,0,,,,,,,1,card,,,,,,,,,,,,,,
DEMOPID000450==,Acme Pro,Morgan Muller,morgan.muller64@example.com,morgan.muller64@example.com,0,2025-07-09,2025-07-09 22:46:05 +0000,19.0,0.0,,0.0,19.0,2.31,16.69,0.0,,,,,,Japan,direct,0,0.0,0,0,0,0,(Startup),,1,0,0,demoPID,102289,,{},19.0,,,,1,monthly,,0.0,0,,,,,,,1,card,,,,,,,,,,,,,,
DEMOPID001162==,Acme Pro,Drew Becker,drew.becker148@example.com,drew.becker148@example.com,0,2025-07-10,2025-07-10 20:07:45 +0000,99.0,0.0,,0.0,99.0,12.67,86.33,0.0,,,,,,India,direct,0,0.0,0,0,0,0,(Enterprise),,1,0,0,demoPID,105869,,{},99.0,,,,1,monthly,,0.0,0,,,,,,,1,card,,,,,,,,,,,,,,
DEMOPID000893==,Acme Pro,Jamie Rossi,jamie.rossi109@example.com,jamie.rossi109@example.com,0,2025-07-11,2025-07-11 06:15:47 +0000,19.0,0.0,,0.0,19.0,2.09,16.91,0.0,,,,,,Portugal,direct,0,0.0,0,0,0,0,(Startup),,1,0,0,demoPID,104481,,{},19.0,,,,1,monthly,,0.0,0,2026-05-23 00:00:00 UTC,2026-06-11,,,,,1,card,,,,,,,,,,,,,,
DEMOPID001312==,Acme Pro,Hayden Smith,hayden.smith164@example.com,hayden.smith164@example.com,0,2025-07-11,2025-07-11 13:13:32 +0000,9.0,0.0,,0.0,9.0,1.16,7.84,0.0,,,,,,Japan,direct,0,0.0,0,0,0,0,(Personal),,1,0,0,demoPID,106574,,{},9.0,,,,1,monthly,,0.0,0,,,,,,,1,card,,,,,,,,,,,,,,
DEMOPID000546==,Acme Pro,Jordan Ferraro,jordan.ferraro80@example.com,jordan.ferraro80@example.com,0,2025-07-12,2025-07-12 02:59:27 +0000,49.0,0.0,,0.0,49.0,4.52,44.48,0.0,,,,,,Australia,direct,0,0.0,0,0,0,0,(Business),,1,0,0,demoPID,102786,,{},49.0,,,,1,monthly,,0.0,0,,,,,,,1,card,,,,,,,,,,,,,,
DEMOPID000200==,Acme Pro,Skyler Kim,skyler.kim30@example.com,skyler.kim30@example.com,0,2025-07-13,2025-07-13 11:13:28 +0000,19.0,0.0,,0.0,19.0,1.73,17.27,0.0,,,,,,India,direct,0,0.0,0,0,0,0,(Startup),,1,0,0,demoPID,100994,,{},19.0,,,,1,monthly,,0.0,0,,,,,,,1,card,,,,,,,,,,,,,,
DEMOPID001235==,Acme Pro,Drew Nguyen,drew.nguyen152@example.com,drew.nguyen152@example.com,0,2025-07-13,2025-07-13 14:49:08 +0000,9.0,0.0,,0.0,9.0,1.16,7.84,0.0,,,,,,Italy,direct,0,0.0,0,0,0,0,(Personal),,1,0,0,demoPID,106192,,{},9.0,,,,1,monthly,,0.0,0,,,,,,,1,card,,,,,,,,,,,,,,
DEMOPID001121==,Acme Pro,Hayden Kim,hayden.kim145@example.com,hayden.kim145@example.com,0,2025-07-13,2025-07-13 18:25:40 +0000,29.4,0.0,,0.0,29.4,3.15,26.25,0.0,,,,,,Netherlands,direct,0,0.0,0,0,0,0,(Business),blackfriday,1,0,0,demoPID,105640,,{},49.0,,,,1,monthly,,0.0,0,,,,,,,1,card,,,,,,,,,,,,,,
DEMOPID000959==,Acme Pro,Alex Johnson,alex.johnson117@example.com,alex.johnson117@example.com,0,2025-07-14,2025-07-14 04:31:14 +0000,49.0,0.0,,0.0,49.0,5.96,43.04,0.0,,,,,,Spain,direct,0,0.0,0,0,0,0,(Business),,1,0,0,demoPID,104819,,{},49.0,,,,1,monthly,,0.0,0,,,,,,,1,card,,,,,,,,,,,,,,
DEMOPID000342==,Acme Pro,Morgan Ortiz,morgan.ortiz51@example.com,morgan.ortiz51@example.com,0,2025-07-14,2025-07-14 19:43:39 +0000,99.0,0.0,,0.0,99.0,10.02,88.98,0.0,,,,,,Japan,direct,0,0.0,0,0,0,0,(Enterprise),,1,0,0,demoPID,101774,,{},99.0,,,,1,monthly,,0.0,0,2026-05-15 00:00:00 UTC,2026-06-14,,,,,1,card,,,,,,,,,,,,,,
DEMOPID001367==,Acme Pro,Alex Johnson,alex.johnson172@example.com,alex.johnson172@example.com,0,2025-07-14,2025-07-14 23:32:59 +0000,99.0,0.0,,0.0,99.0,9.35,89.65,0.0,,,,,,Poland,direct,0,0.0,0,0,0,0,(Enterprise),,1,0,0,demoPID,106862,,{},99.0,,,,1,monthly,,0.0,0,2026-06-04 00:00:00 UTC,2026-06-14,,,,,1,card,,,,,,,,,,,,,,
DEMOPID001005==,Acme Pro,Drew Dubois,drew.dubois122@example.com,drew.dubois122@example.com,0,2025-07-15,2025-07-15 04:48:08 +0000,49.0,0.0,,0.0,49.0,5.93,43.07,0.0,,,,,,Italy,direct,0,0.0,0,0,0,0,(Business),,1,0,0,demoPID,105070,,{},49.0,,,,1,monthly,,0.0,0,,,,,,,1,card,,,,,,,,,,,,,,
DEMOPID000416==,Acme Pro,Robin Lee,robin.lee63@example.com,robin.lee63@example.com,0,2025-07-16,2025-07-16 07:35:20 +0000,41.6,0.0,,0.0,41.6,4.41,37.24,0.0,,,,,,Australia,direct,0,0.0,0,0,0,0,(Business),welcome15,1,0,0,demoPID,102131,,{},49.0,,,,1,monthly,,0.0,0,,,,,,,1,card,,,,,,,,,,,,,,
DEMOPID000037==,Acme Pro,Robin Tanaka,robin.tanaka3@example.com,robin.tanaka3@example.com,0,2025-07-17,2025-07-17 01:14:04 +0000,11.4,0.0,,0.0,11.4,1.35,10.05,0.0,,,,,,Italy,direct,0,0.0,0,0,0,0,(Startup),blackfriday,0,0,0,demoPID,100187,,{},19.0,,,,1,monthly,,0.0,0,2026-05-17 00:00:00 UTC,2026-06-17,,,,,1,card,,,,,,,,,,,,,,
DEMOPID001211==,Acme Pro,Rowan Johnson,rowan.johnson150@example.com,rowan.johnson150@example.com,0,2025-07-17,2025-07-17 04:43:54 +0000,36.8,0.0,,0.0,36.8,3.59,33.16,0.0,,,,,,United Kingdom,direct,0,0.0,0,0,0,0,(Business),launch25,1,0,0,demoPID,106079,,{},49.0,,,,1,monthly,,0.0,0,,,,,,,1,card,,,,,,,,,,,,,,
DEMOPID000745==,Acme Pro,Reese Garcia,reese.garcia98@example.com,reese.garcia98@example.com,0,2025-07-17,2025-07-17 14:29:42 +0000,49.0,0.0,,0.0,49.0,5.92,43.08,0.0,,,,,,Canada,direct,0,0.0,0,0,0,0,(Business),,1,0,0,demoPID,103728,,{},49.0,,,,1,monthly,,0.0,0,,,,,,,1,card,,,,,,,,,,,,,,
DEMOPID000526==,Acme Pro,Skyler Smith,skyler.smith76@example.com,skyler.smith76@example.com,0,2025-07-18,2025-07-18 02:45:06 +0000,99.0,0.0,,0.0,99.0,10.61,88.39,0.0,,,,,,Germany,direct,0,0.0,0,0,0,0,(Enterprise),,1,0,0,demoPID,102704,,{},99.0,,,,1,monthly,,0.0,0,,,,,,,1,card,,,,,,,,,,,,,,
DEMOPID000983==,Acme Pro,Drew Garcia,drew.garcia119@example.com,drew.garcia119@example.com,0,2025-07-18,2025-07-18 13:56:06 +0000,19.0,0.0,,0.0,19.0,2.24,16.76,0.0,,,,,,Germany,direct,0,0.0,0,0,0,0,(Startup),,1,0,0,demoPID,104943,,{},19.0,,,,1,monthly,,0.0,0,2026-05-21 00:00:00 UTC,2026-06-18,,,,,1,card,,,,,,,,,,,,,,
DEMOPID001038==,Acme Pro,Cameron Rossi,cameron.rossi130@example.com,cameron.rossi130@example.com,0,2025-07-19,2025-07-19 23:36:38 +0000,19.0,0.0,,0.0,19.0,2.17,16.83,0.0,,,,,,Poland,direct,0,0.0,0,0,0,0,(Startup),,0,0,0,demoPID,105224,,{},19.0,,,,1,monthly,,0.0,0,2026-05-29 00:00:00 UTC,2026-06-19,,,,,1,card,,,,,,,,,,,,,,
DEMOPID000590==,Acme Pro,Hayden Nguyen,hayden.nguyen82@example.com,hayden.nguyen82@example.com,0,2025-07-20,2025-07-20 12:43:27 +0000,5.4,0.0,,0.0,5.4,0.59,4.81,0.0,,,,,,Brazil,direct,0,0.0,0,0,0,0,(Personal),blackfriday,1,0,0,demoPID,103000,,{},9.0,,,,1,monthly,,0.0,0,,,,,,,1,card,,,,,,,,,,,,,,
DEMOPID001355==,Acme Pro,Emerson Garcia,emerson.garcia171@example.com,emerson.garcia171@example.com,0,2025-07-20,2025-07-20 13:59:36 +0000,19.0,0.0,,0.0,19.0,2.32,16.68,0.0,,,,,,Spain,direct,0,0.0,0,0,0,0,(Startup),,1,0,0,demoPID,106816,,{},19.0,,,,1,monthly,,0.0,0,,,,,,,1,card,,,,,,,,,,,,,,
DEMOPID000144==,Acme Pro,Morgan Andersson,morgan.andersson18@example.com,morgan.andersson18@example.com,0,2025-07-21,2025-07-21 09:45:18 +0000,19.0,0.0,,0.0,19.0,1.73,17.27,0.0,,,,,,United Kingdom,direct,0,0.0,0,0,0,0,(Startup),,1,0,0,demoPID,100697,,{},19.0,,,,1,monthly,,0.0,0,,,,,,,1,card,,,,,,,,,,,,,,
DEMOPID000710==,Acme Pro,Casey Costa,casey.costa94@example.com,casey.costa94@example.com,0,2025-07-23,2025-07-23 01:35:31 +0000,49.0,0.0,,0.0,49.0,4.99,44.01,0.0,,,,,,Japan,direct,0,0.0,0,0,0,0,(Business),,1,0,0,demoPID,103559,,{},49.0,,,,1,monthly,,0.0,0,2026-05-29 00:00:00 UTC,2026-06-23,,,,,1,card,,,,,,,,,,,,,,
DEMOPID000468==,Acme Pro,Cameron Lee,cameron.lee67@example.com,cameron.lee67@example.com,0,2025-07-23,2025-07-23 12:20:18 +0000,9.0,0.0,,0.0,9.0,0.87,8.13,0.0,,,,,,France,direct,0,0.0,0,0,0,0,(Personal),,1,0,0,demoPID,102401,,{},9.0,,,,1,monthly,,0.0,0,,,,,,,1,card,,,,,,,,,,,,,,
DEMOPID001447==,Acme Pro,Casey Andersson,casey.andersson189@example.com,casey.andersson189@example.com,0,2025-07-24,2025-07-24 03:31:39 +0000,7.7,0.0,,0.0,7.7,0.96,6.69,0.0,,,,,,Netherlands,direct,0,0.0,0,0,0,0,(Personal),welcome15,1,0,0,demoPID,107288,,{},9.0,,,,1,monthly,,0.0,0,,,,,,,1,card,,,,,,,,,,,,,,
DEMOPID000378==,Acme Pro,Sam Lee,sam.lee58@example.com,sam.lee58@example.com,0,2025-07-24,2025-07-24 11:44:15 +0000,19.0,0.0,,0.0,19.0,1.91,17.09,0.0,,,,,,India,direct,0,0.0,0,0,0,0,(Startup),,1,0,0,demoPID,101958,,{},19.0,,,,1,monthly,,0.0,0,,,,,,,1,card,,,,,,,,,,,,,,
DEMOPID000912==,Acme Pro,Drew Dubois,drew.dubois111@example.com,drew.dubois111@example.com,0,2025-07-24,2025-07-24 15:53:40 +0000,19.0,0.0,,0.0,19.0,2.33,16.67,0.0,,,,,,Brazil,direct,0,0.0,0,0,0,0,(Startup),,1,0,0,demoPID,104579,,{},19.0,,,,1,monthly,,0.0,0,,,,,,,1,card,,,,,,,,,,,,,,
DEMOPID000773==,Acme Pro,Reese Smith,reese.smith100@example.com,reese.smith100@example.com,0,2025-07-25,2025-07-25 12:02:27 +0000,0.0,0.0,,0.0,0.0,0.00,0.00,0.0,,,,,,Australia,direct,0,0.0,0,0,0,0,(Personal),oss100,1,0,0,demoPID,103879,,{},9.0,,,,1,monthly,,0.0,0,2026-05-29 00:00:00 UTC,2026-06-25,,,,,1,card,,,,,,,,,,,,,,
DEMOPID000166==,Acme Pro,Hayden Tanaka,hayden.tanaka20@example.com,hayden.tanaka20@example.com,0,2025-07-25,2025-07-25 15:30:15 +0000,9.0,0.0,,0.0,9.0,0.96,8.04,0.0,,,,,,Netherlands,direct,0,0.0,0,0,0,0,(Personal),,1,0,0,demoPID,100806,,{},9.0,,,,1,monthly,,0.0,0,,,,,,,1,card,,,,,,,,,,,,,,
DEMOPID000694==,Acme Pro,Jordan Andersson,jordan.andersson92@example.com,jordan.andersson92@example.com,0,2025-07-25,2025-07-25 17:12:46 +0000,49.0,0.0,,0.0,49.0,4.42,44.58,0.0,,,,,,France,direct,0,0.0,0,0,0,0,(Business),,1,0,0,demoPID,103492,,{},49.0,,,,1,monthly,,0.0,0,2026-06-03 00:00:00 UTC,2026-06-25,,,,,1,card,,,,,,,,,,,,,,
DEMOPID000824==,Acme Pro,Cameron Tanaka,cameron.tanaka105@example.com,cameron.tanaka105@example.com,0,2025-07-26,2025-07-26 00:42:15 +0000,19.0,0.0,,0.0,19.0,1.99,17.01,0.0,,,,,,Sweden,direct,0,0.0,0,0,0,0,(Startup),,1,0,0,demoPID,104123,,{},19.0,,,,1,monthly,,0.0,0,2026-05-28 00:00:00 UTC,2026-06-26,,,,,1,card,,,,,,,,,,,,,,
DEMOPID000021==,Acme Pro,Taylor Smith,taylor.smith0@example.com,taylor.smith0@example.com,0,2025-07-26,2025-07-26 04:15:47 +0000,9.0,0.0,,0.0,9.0,0.86,8.14,0.0,,,,,,Japan,direct,0,0.0,0,0,0,0,(Personal),,1,0,0,demoPID,100110,,{},9.0,,,,1,monthly,,0.0,0,,,,,,,1,card,,,,,,,,,,,,,,
DEMOPID000502==,Acme Pro,Hayden Ortiz,hayden.ortiz68@example.com,hayden.ortiz68@example.com,0,2025-07-28,2025-07-28 07:19:07 +0000,84.2,0.0,,0.0,84.2,8.63,75.52,0.0,,,,,,India,direct,0,0.0,0,0,0,0,(Enterprise),welcome15,1,0,0,demoPID,102592,,{},99.0,,,,1,monthly,,0.0,0,,,,,,,1,card,,,,,,,,,,,,,,
DEMOPID000606==,Acme Pro,Emerson Rossi,emerson.rossi84@example.com,emerson.rossi84@example.com,0,2025-07-28,2025-07-28 10:45:11 +0000,49.0,0.0,,0.0,49.0,5.99,43.01,0.0,,,,,,Portugal,direct,0,0.0,0,0,0,0,(Business),,1,0,0,demoPID,103085,,{},49.0,,,,1,monthly,,0.0,0,,,,,,,1,card,,,,,,,,,,,,,,
DEMOPID000943==,Acme Pro,Drew Andersson,drew.andersson114@example.com,drew.andersson114@example.com,0,2025-07-28,2025-07-28 14:39:28 +0000,99.0,0.0,,0.0,99.0,9.35,89.65,0.0,,,,,,Sweden,direct,0,0.0,0,0,0,0,(Enterprise),,1,0,0,demoPID,104746,,{},99.0,,,,1,monthly,,0.0,0,,,,,,,1,card,,,,,,,,,,,,,,
DEMOPID000104==,Acme Pro,Parker Silva,parker.silva16@example.com,parker.silva16@example.com,0,2025-07-28,2025-07-28 15:42:07 +0000,19.0,0.0,,0.0,19.0,1.89,17.11,0.0,,,,,,Poland,direct,0,0.0,0,0,0,0,(Startup),,1,0,0,demoPID,100481,,{},19.0,,,,1,monthly,,0.0,0,2026-05-29 00:00:00 UTC,2026-06-28,,,,,1,card,,,,,,,,,,,,,,
DEMOPID000733==,Acme Pro,Rowan Garcia,rowan.garcia97@example.com,rowan.garcia97@example.com,0,2025-07-28,2025-07-28 23:41:01 +0000,49.0,0.0,,0.0,49.0,6.33,42.67,0.0,,,,,,Netherlands,direct,0,0.0,0,0,0,0,(Business),,1,0,0,demoPID,103672,,{},49.0,,,,1,monthly,,0.0,0,,,,,,,1,card,,,,,,,,,,,,,,
DEMOPID001026==,Acme Pro,Reese Kim,reese.kim128@example.com,reese.kim128@example.com,0,2025-07-29,2025-07-29 04:41:59 +0000,41.6,0.0,,0.0,41.6,5.41,36.24,0.0,,,,,,Italy,direct,0,0.0,0,0,0,0,(Business),welcome15,1,0,0,demoPID,105163,,{},49.0,,,,1,monthly,,0.0,0,2026-05-30 00:00:00 UTC,2026-06-28,,,,,1,card,,,,,,,,,,,,,,
DEMOPID001339==,Acme Pro,Alex Walsh,alex.walsh170@example.com,alex.walsh170@example.com,0,2025-07-29,2025-07-29 05:01:34 +0000,9.0,0.0,,0.0,9.0,0.85,8.15,0.0,,,,,,United States,direct,0,0.0,0,0,0,0,(Personal),,1,0,0,demoPID,106718,,{},9.0,,,,1,monthly,,0.0,0,,,,,,,1,card,,,,,,,,,,,,,,
DEMOPID000400==,Acme Pro,Hayden Schmidt,hayden.schmidt62@example.com,hayden.schmidt62@example.com,0,2025-07-29,2025-07-29 23:36:20 +0000,19.0,0.0,,0.0,19.0,1.89,17.11,0.0,,,,,,Australia,direct,0,0.0,0,0,0,0,(Startup),,1,0,0,demoPID,102043,,{},19.0,,,,1,monthly,,0.0,0,2026-05-28 00:00:00 UTC,2026-06-28,,,,,1,card,,,,,,,,,,,,,,
DEMOPID001068==,Acme Pro,Robin Muller,robin.muller136@example.com,robin.muller136@example.com,0,2025-07-30,2025-07-30 00:07:01 +0000,19.0,0.0,,0.0,19.0,2.45,16.55,0.0,,,,,,Spain,direct,0,0.0,0,0,0,0,(Startup),,0,0,0,demoPID,105375,,{},19.0,,,,1,monthly,,0.0,0,,,,,,,1,card,,,,,,,,,,,,,,
DEMOPID001290==,Acme Pro,Avery Andersson,avery.andersson161@example.com,avery.andersson161@example.com,0,2025-08-01,2025-08-01 22:23:06 +0000,49.0,0.0,,0.0,49.0,5.75,43.25,0.0,,,,,,Japan,direct,0,0.0,0,0,0,0,(Business),,1,0,0,demoPID,106464,,{},49.0,,,,1,monthly,,0.0,0,2026-06-02 00:00:00 UTC,2026-07-01,,,,,1,card,,,,,,,,,,,,,,
DEMOPID001379==,Acme Pro,Skyler Novak,skyler.novak174@example.com,skyler.novak174@example.com,0,2025-08-02,2025-08-02 05:58:28 +0000,99.0,0.0,,0.0,99.0,12.31,86.69,0.0,,,,,,United States,direct,0,0.0,0,0,0,0,(Enterprise),,0,0,0,demoPID,106918,,{},99.0,,,,1,monthly,,0.0,0,,,,,,,1,card,,,,,,,,,,,,,,
DEMOPID001417==,Acme Pro,Hayden Johnson,hayden.johnson182@example.com,hayden.johnson182@example.com,0,2025-08-02,2025-08-02 08:38:42 +0000,19.0,0.0,,0.0,19.0,2.06,16.94,0.0,,,,,,United States,direct,0,0.0,0,0,0,0,(Startup),,1,0,0,demoPID,107113,,{},19.0,,,,1,monthly,,0.0,0,,,,,,,1,card,,,,,,,,,,,,,,
DEMOPID000271==,Acme Pro,Jordan Rossi,jordan.rossi42@example.com,jordan.rossi42@example.com,0,2025-08-03,2025-08-03 05:52:12 +0000,16.1,0.0,,0.0,16.1,1.79,14.36,0.0,,,,,,Germany,direct,0,0.0,0,0,0,0,(Startup),welcome15,1,0,0,demoPID,101397,,{},19.0,,,,1,monthly,,0.0,0,,,,,,,1,card,,,,,,,,,,,,,,
DEMOPID000644==,Acme Pro,Jordan Novak,jordan.novak88@example.com,jordan.novak88@example.com,0,2025-08-03,2025-08-03 08:20:58 +0000,49.0,0.0,,0.0,49.0,6.04,42.96,0.0,,,,,,Italy,direct,0,0.0,0,0,0,0,(Business),,1,0,0,demoPID,103259,,{},49.0,,,,1,monthly,,0.0,0,,,,,,,1,card,,,,,,,,,,,,,,
DEMOPID001097==,Acme Pro,Sam Ortiz,sam.ortiz141@example.com,sam.ortiz141@example.com,0,2025-08-03,2025-08-03 13:25:11 +0000,0.0,0.0,,0.0,0.0,0.00,0.00,0.0,,,,,,Poland,direct,0,0.0,0,0,0,0,(Personal),maintainer,1,0,0,demoPID,105517,,{},9.0,,,,1,monthly,,0.0,0,2026-06-04 00:00:00 UTC,2026-07-03,,,,,1,card,,,,,,,,,,,,,,
DEMOPID000877==,Acme Pro,Rowan Ortiz,rowan.ortiz108@example.com,rowan.ortiz108@example.com,0,2025-08-03,2025-08-03 20:00:10 +0000,49.0,0.0,,0.0,49.0,5.12,43.88,0.0,,,,,,United States,direct,0,0.0,0,0,0,0,(Business),,1,0,0,demoPID,104385,,{},49.0,,,,1,monthly,,0.0,0,2026-06-04 00:00:00 UTC,2026-07-03,,,,,1,card,,,,,,,,,,,,,,
DEMOPID000630==,Acme Pro,Morgan Schmidt,morgan.schmidt87@example.com,morgan.schmidt87@example.com,0,2025-08-04,2025-08-04 00:13:10 +0000,99.0,0.0,,0.0,99.0,9.70,89.30,0.0,,,,,,Sweden,direct,0,0.0,0,0,0,0,(Enterprise),,1,0,0,demoPID,103203,,{},99.0,,,,1,monthly,,0.0,0,,,,,,,1,card,,,,,,,,,,,,,,
DEMOPID001181==,Acme Pro,Sam Lee,sam.lee149@example.com,sam.lee149@example.com,0,2025-08-04,2025-08-04 12:42:12 +0000,19.0,0.0,,0.0,19.0,2.13,16.87,0.0,,,,,,Germany,direct,0,0.0,0,0,0,0,(Startup),,1,0,0,demoPID,105948,,{},19.0,,,,1,monthly,,0.0,0,,,,,,,1,card,,,,,,,,,,,,,,
DEMOPID000840==,Acme Pro,Casey Tanaka,casey.tanaka107@example.com,casey.tanaka107@example.com,0,2025-08-04,2025-08-04 18:09:03 +0000,9.0,0.0,,0.0,9.0,0.82,8.18,0.0,,,,,,Brazil,direct,0,0.0,0,0,0,0,(Personal),,1,0,0,demoPID,104203,,{},9.0,,,,1,monthly,,0.0,0,2026-06-04 00:00:00 UTC,2026-07-04,,,,,1,card,,,,,,,,,,,,,,
DEMOPID000243==,Acme Pro,Drew Silva,drew.silva40@example.com,drew.silva40@example.com,0,2025-08-04,2025-08-04 18:41:40 +0000,19.0,0.0,,0.0,19.0,2.23,16.77,0.0,,,,,,Germany,direct,0,0.0,0,0,0,0,(Startup),,1,0,0,demoPID,101228,,{},19.0,,,,1,monthly,,0.0,0,,,,,,,1,card,,,,,,,,,,,,,,
DEMOPID000807==,Acme Pro,Sam Smith,sam.smith104@example.com,sam.smith104@example.com,0,2025-08-05,2025-08-05 17:29:41 +0000,49.0,0.0,,0.0,49.0,6.08,42.92,0.0,,,,,,Spain,direct,0,0.0,0,0,0,0,(Business),,1,0,0,demoPID,104032,,{},49.0,,,,1,monthly,,0.0,0,,,,,,,1,card,,,,,,,,,,,,,,
DEMOPID001054==,Acme Pro,Devin Ortiz,devin.ortiz132@example.com,devin.ortiz132@example.com,0,2025-08-06,2025-08-06 00:39:48 +0000,19.0,0.0,,0.0,19.0,2.44,16.56,0.0,,,,,,Brazil,direct,0,0.0,0,0,0,0,(Startup),,1,0,0,demoPID,105309,,{},19.0,,,,1,monthly,,0.0,0,,,,,,,1,card,,,,,,,,,,,,,,
DEMOPID000221==,Acme Pro,Taylor Rossi,taylor.rossi35@example.com,taylor.rossi35@example.com,0,2025-08-07,2025-08-07 06:09:42 +0000,19.0,0.0,,0.0,19.0,2.15,16.85,0.0,,,,,,Netherlands,direct,0,0.0,0,0,0,0,(Startup),,1,0,0,demoPID,101103,,{},19.0,,,,1,monthly,,0.0,0,,,,,,,1,card,,,,,,,,,,,,,,
DEMOPID000290==,Acme Pro,Parker Andersson,parker.andersson44@example.com,parker.andersson44@example.com,0,2025-08-07,2025-08-07 23:48:21 +0000,367.5,0.0,,0.0,367.5,44.42,323.08,0.0,,,,,,United States,direct,0,0.0,0,0,0,0,(Business),launch25,0,0,0,demoPID,101490,,{},490.0,,,,1,yearly,,0.0,0,,,,,,,1,card,,,,,,,,,,,,,,
DEMOPID001145==,Acme Pro,Devin Andersson,devin.andersson147@example.com,devin.andersson147@example.com,0,2025-08-09,2025-08-09 07:31:11 +0000,49.0,0.0,,0.0,49.0,5.94,43.06,0.0,,,,,,Spain,direct,0,0.0,0,0,0,0,(Business),,1,0,0,demoPID,105777,,{},49.0,,,,1,monthly,,0.0,0,,,,,,,1,card,,,,,,,,,,,,,,
DEMOPID000666==,Acme Pro,Alex Rossi,alex.rossi89@example.com,alex.rossi89@example.com,0,2025-08-09,2025-08-09 08:47:53 +0000,49.0,0.0,,0.0,49.0,5.08,43.92,0.0,,,,,,Poland,direct,0,0.0,0,0,0,0,(Business),,1,0,0,demoPID,103356,,{},49.0,,,,1,monthly,,0.0,0,,,,,,,1,card,,,,,,,,,,,,,,
DEMOPID000451==,Acme Pro,Morgan Muller,morgan.muller64@example.com,morgan.muller64@example.com,0,2025-08-09,2025-08-09 11:03:06 +0000,19.0,0.0,,0.0,19.0,2.28,16.72,0.0,,,,,,Japan,direct,0,0.0,0,0,0,0,(Startup),,1,0,0,demoPID,102298,,{},19.0,,,,1,monthly,,0.0,0,,,,,,,1,card,,,,,,,,,,,,,,
DEMOPID000794==,Acme Pro,Riley Rossi,riley.rossi103@example.com,riley.rossi103@example.com,0,2025-08-09,2025-08-09 20:25:27 +0000,9.0,0.0,,0.0,9.0,0.95,8.05,0.0,,,,,,Australia,direct,0,0.0,0,0,0,0,(Personal),,1,0,0,demoPID,103988,,{},9.0,,,,1,monthly,,0.0,0,,,,,,,1,card,,,,,,,,,,,,,,
DEMOPID001163==,Acme Pro,Drew Becker,drew.becker148@example.com,drew.becker148@example.com,0,2025-08-10,2025-08-10 19:08:24 +0000,99.0,0.0,,0.0,99.0,9.25,89.75,0.0,,,,,,India,direct,0,0.0,0,0,0,0,(Enterprise),,1,0,0,demoPID,105871,,{},99.0,,,,1,monthly,,0.0,0,,,,,,,1,card,,,,,,,,,,,,,,
DEMOPID000894==,Acme Pro,Jamie Rossi,jamie.rossi109@example.com,jamie.rossi109@example.com,0,2025-08-11,2025-08-11 06:14:12 +0000,19.0,0.0,,0.0,19.0,2.37,16.63,0.0,,,,,,Portugal,direct,0,0.0,0,0,0,0,(Startup),,1,0,0,demoPID,104485,,{},19.0,,,,1,monthly,,0.0,0,2026-05-23 00:00:00 UTC,2026-06-11,,,,,1,card,,,,,,,,,,,,,,
DEMOPID001313==,Acme Pro,Hayden Smith,hayden.smith164@example.com,hayden.smith164@example.com,0,2025-08-11,2025-08-11 10:07:29 +0000,9.0,0.0,,0.0,9.0,0.96,8.04,0.0,,,,,,Japan,direct,0,0.0,0,0,0,0,(Personal),,1,0,0,demoPID,106578,,{},9.0,,,,1,monthly,,0.0,0,,,,,,,1,card,,,,,,,,,,,,,,
DEMOPID000547==,Acme Pro,Jordan Ferraro,jordan.ferraro80@example.com,jordan.ferraro80@example.com,0,2025-08-12,2025-08-12 19:03:19 +0000,49.0,0.0,,0.0,49.0,5.30,43.70,0.0,,,,,,Australia,direct,0,0.0,0,0,0,0,(Business),,1,0,0,demoPID,102788,,{},49.0,,,,1,monthly,,0.0,0,,,,,,,1,card,,,,,,,,,,,,,,
DEMOPID000201==,Acme Pro,Skyler Kim,skyler.kim30@example.com,skyler.kim30@example.com,0,2025-08-13,2025-08-13 11:06:43 +0000,19.0,0.0,,0.0,19.0,2.43,16.57,0.0,,,,,,India,direct,0,0.0,0,0,0,0,(Startup),,1,0,0,demoPID,101002,,{},19.0,,,,1,monthly,,0.0,0,,,,,,,1,card,,,,,,,,,,,,,,
DEMOPID001236==,Acme Pro,Drew Nguyen,drew.nguyen152@example.com,drew.nguyen152@example.com,0,2025-08-13,2025-08-13 11:40:29 +0000,9.0,0.0,,0.0,9.0,0.88,8.12,0.0,,,,,,Italy,direct,0,0.0,0,0,0,0,(Personal),,1,0,0,demoPID,106199,,{},9.0,,,,1,monthly,,0.0,0,,,,,,,1,card,,,,,,,,,,,,,,
DEMOPID001122==,Acme Pro,Hayden Kim,hayden.kim145@example.com,hayden.kim145@example.com,0,2025-08-13,2025-08-13 12:24:27 +0000,29.4,0.0,,0.0,29.4,3.48,25.92,0.0,,,,,,Netherlands,direct,0,0.0,0,0,0,0,(Business),blackfriday,1,0,0,demoPID,105646,,{},49.0,,,,1,monthly,,0.0,0,,,,,,,1,card,,,,,,,,,,,,,,
DEMOPID000343==,Acme Pro,Morgan Ortiz,morgan.ortiz51@example.com,morgan.ortiz51@example.com,0,2025-08-14,2025-08-14 03:25:23 +0000,99.0,0.0,,0.0,99.0,9.42,89.58,0.0,,,,,,Japan,direct,0,0.0,0,0,0,0,(Enterprise),,1,0,0,demoPID,101776,,{},99.0,,,,1,monthly,,0.0,0,2026-05-15 00:00:00 UTC,2026-06-14,,,,,1,card,,,,,,,,,,,,,,
DEMOPID001368==,Acme Pro,Alex Johnson,alex.johnson172@example.com,alex.johnson172@example.com,0,2025-08-14,2025-08-14 18:49:59 +0000,99.0,0.0,,0.0,99.0,10.98,88.02,0.0,,,,,,Poland,direct,0,0.0,0,0,0,0,(Enterprise),,1,0,0,demoPID,106864,,{},99.0,,,,1,monthly,,0.0,0,2026-06-04 00:00:00 UTC,2026-06-14,,,,,1,card,,,,,,,,,,,,,,
DEMOPID000960==,Acme Pro,Alex Johnson,alex.johnson117@example.com,alex.johnson117@example.com,0,2025-08-14,2025-08-14 20:48:22 +0000,49.0,0.0,,0.0,49.0,6.33,42.67,0.0,,,,,,Spain,direct,0,0.0,0,0,0,0,(Business),,1,0,0,demoPID,104825,,{},49.0,,,,1,monthly,,0.0,0,,,,,,,1,card,,,,,,,,,,,,,,
DEMOPID001006==,Acme Pro,Drew Dubois,drew.dubois122@example.com,drew.dubois122@example.com,0,2025-08-15,2025-08-15 15:25:41 +0000,49.0,0.0,,0.0,49.0,5.51,43.49,0.0,,,,,,Italy,direct,0,0.0,0,0,0,0,(Business),,1,0,0,demoPID,105078,,{},49.0,,,,1,monthly,,0.0,0,,,,,,,1,card,,,,,,,,,,,,,,
DEMOPID000417==,Acme Pro,Robin Lee,robin.lee63@example.com,robin.lee63@example.com,0,2025-08-16,2025-08-16 17:41:22 +0000,41.6,0.0,,0.0,41.6,4.38,37.27,0.0,,,,,,Australia,direct,0,0.0,0,0,0,0,(Business),welcome15,1,0,0,demoPID,102136,,{},49.0,,,,1,monthly,,0.0,0,,,,,,,1,card,,,,,,,,,,,,,,
DEMOPID000038==,Acme Pro,Robin Tanaka,robin.tanaka3@example.com,robin.tanaka3@example.com,0,2025-08-17,2025-08-17 02:32:15 +0000,11.4,0.0,,0.0,11.4,1.42,9.98,0.0,,,,,,Italy,direct,0,0.0,0,0,0,0,(Startup),blackfriday,1,0,0,demoPID,100188,,{},19.0,,,,1,monthly,,0.0,0,2026-05-17 00:00:00 UTC,2026-06-17,,,,,1,card,,,,,,,,,,,,,,
DEMOPID001212==,Acme Pro,Rowan Johnson,rowan.johnson150@example.com,rowan.johnson150@example.com,0,2025-08-17,2025-08-17 05:42:59 +0000,36.8,0.0,,0.0,36.8,4.04,32.71,0.0,,,,,,United Kingdom,direct,0,0.0,0,0,0,0,(Business),launch25,1,0,0,demoPID,106087,,{},49.0,,,,1,monthly,,0.0,0,,,,,,,1,card,,,,,,,,,,,,,,
DEMOPID000746==,Acme Pro,Reese Garcia,reese.garcia98@example.com,reese.garcia98@example.com,0,2025-08-17,2025-08-17 15:00:33 +0000,49.0,0.0,,0.0,49.0,4.67,44.33,0.0,,,,,,Canada,direct,0,0.0,0,0,0,0,(Business),,1,0,0,demoPID,103737,,{},49.0,,,,1,monthly,,0.0,0,,,,,,,1,card,,,,,,,,,,,,,,
DEMOPID000527==,Acme Pro,Skyler Smith,skyler.smith76@example.com,skyler.smith76@example.com,0,2025-08-18,2025-08-18 02:08:37 +0000,99.0,0.0,,0.0,99.0,9.76,89.24,0.0,,,,,,Germany,direct,0,0.0,0,0,0,0,(Enterprise),,1,0,0,demoPID,102705,,{},99.0,,,,1,monthly,,0.0,0,,,,,,,1,card,,,,,,,,,,,,,,
DEMOPID000984==,Acme Pro,Drew Garcia,drew.garcia119@example.com,drew.garcia119@example.com,0,2025-08-18,2025-08-18 17:25:32 +0000,19.0,0.0,,0.0,19.0,2.31,16.69,0.0,,,,,,Germany,direct,0,0.0,0,0,0,0,(Startup),,1,0,0,demoPID,104946,,{},19.0,,,,1,monthly,,0.0,0,2026-05-21 00:00:00 UTC,2026-06-18,,,,,1,card,,,,,,,,,,,,,,
DEMOPID001039==,Acme Pro,Cameron Rossi,cameron.rossi130@example.com,cameron.rossi130@example.com,0,2025-08-19,2025-08-19 22:50:02 +0000,19.0,0.0,,0.0,19.0,2.11,16.89,0.0,,,,,,Poland,direct,0,0.0,0,0,0,0,(Startup),,1,0,0,demoPID,105233,,{},19.0,,,,1,monthly,,0.0,0,2026-05-29 00:00:00 UTC,2026-06-19,,,,,1,card,,,,,,,,,,,,,,
DEMOPID000591==,Acme Pro,Hayden Nguyen,hayden.nguyen82@example.com,hayden.nguyen82@example.com,0,2025-08-20,2025-08-20 05:17:17 +0000,5.4,0.0,,0.0,5.4,0.56,4.84,0.0,,,,,,Brazil,direct,0,0.0,0,0,0,0,(Personal),blackfriday,1,0,0,demoPID,103003,,{},9.0,,,,1,monthly,,0.0,0,,,,,,,1,card,,,,,,,,,,,,,,
DEMOPID001432==,Acme Pro,Emerson Johnson,emerson.johnson185@example.com,emerson.johnson185@example.com,0,2025-08-20,2025-08-20 08:37:05 +0000,0.0,0.0,,0.0,0.0,0.00,0.00,0.0,,,,,,Australia,direct,0,0.0,0,0,0,0,(Personal),core-team,0,0,0,demoPID,107189,,{},9.0,,,,1,monthly,,0.0,0,,,,,,,1,card,,,,,,,,,,,,,,
DEMOPID001356==,Acme Pro,Emerson Garcia,emerson.garcia171@example.com,emerson.garcia171@example.com,0,2025-08-20,2025-08-20 11:29:09 +0000,19.0,0.0,,0.0,19.0,2.11,16.89,0.0,,,,,,Spain,direct,0,0.0,0,0,0,0,(Startup),,1,0,0,demoPID,106817,,{},19.0,,,,1,monthly,,0.0,0,,,,,,,1,card,,,,,,,,,,,,,,
DEMOPID000145==,Acme Pro,Morgan Andersson,morgan.andersson18@example.com,morgan.andersson18@example.com,0,2025-08-21,2025-08-21 07:59:16 +0000,19.0,0.0,,0.0,19.0,1.76,17.24,0.0,,,,,,United Kingdom,direct,0,0.0,0,0,0,0,(Startup),,1,0,0,demoPID,100705,,{},19.0,,,,1,monthly,,0.0,0,,,,,,,1,card,,,,,,,,,,,,,,
DEMOPID000469==,Acme Pro,Cameron Lee,cameron.lee67@example.com,cameron.lee67@example.com,0,2025-08-23,2025-08-23 07:20:24 +0000,9.0,0.0,,0.0,9.0,1.16,7.84,0.0,,,,,,France,direct,0,0.0,0,0,0,0,(Personal),,1,0,0,demoPID,102409,,{},9.0,,,,1,monthly,,0.0,0,,,,,,,1,card,,,,,,,,,,,,,,
DEMOPID000711==,Acme Pro,Casey Costa,casey.costa94@example.com,casey.costa94@example.com,0,2025-08-23,2025-08-23 15:21:15 +0000,49.0,0.0,,0.0,49.0,5.76,43.24,0.0,,,,,,Japan,direct,0,0.0,0,0,0,0,(Business),,1,0,0,demoPID,103563,,{},49.0,,,,1,monthly,,0.0,0,2026-05-29 00:00:00 UTC,2026-06-23,,,,,1,card,,,,,,,,,,,,,,
DEMOPID000913==,Acme Pro,Drew Dubois,drew.dubois111@example.com,drew.dubois111@example.com,0,2025-08-24,2025-08-24 10:16:23 +0000,19.0,0.0,,0.0,19.0,2.05,16.95,0.0,,,,,,Brazil,direct,0,0.0,0,0,0,0,(Startup),,1,0,0,demoPID,104581,,{},19.0,,,,1,monthly,,0.0,0,,,,,,,1,card,,,,,,,,,,,,,,
DEMOPID001448==,Acme Pro,Casey Andersson,casey.andersson189@example.com,casey.andersson189@example.com,0,2025-08-24,2025-08-24 13:01:10 +0000,7.7,0.0,,0.0,7.7,0.83,6.82,0.0,,,,,,Netherlands,direct,0,0.0,0,0,0,0,(Personal),welcome15,1,0,0,demoPID,107294,,{},9.0,,,,1,monthly,,0.0,0,,,,,,,1,card,,,,,,,,,,,,,,
DEMOPID000379==,Acme Pro,Sam Lee,sam.lee58@example.com,sam.lee58@example.com,0,2025-08-24,2025-08-24 14:19:10 +0000,19.0,0.0,,0.0,19.0,2.22,16.78,0.0,,,,,,India,direct,0,0.0,0,0,0,0,(Startup),,1,0,0,demoPID,101959,,{},19.0,,,,1,monthly,,0.0,0,,,,,,,1,card,,,,,,,,,,,,,,
DEMOPID001016==,Acme Pro,Taylor Kim,taylor.kim123@example.com,taylor.kim123@example.com,0,2025-08-25,2025-08-25 04:44:44 +0000,19.0,0.0,,0.0,19.0,2.18,16.82,0.0,,,,,,Sweden,direct,0,0.0,0,0,0,0,(Startup),,0,0,0,demoPID,105120,,{},19.0,,,,1,monthly,,0.0,0,,,,,,,1,card,,,,,,,,,,,,,,
DEMOPID000695==,Acme Pro,Jordan Andersson,jordan.andersson92@example.com,jordan.andersson92@example.com,0,2025-08-25,2025-08-25 10:48:53 +0000,49.0,0.0,,0.0,49.0,6.27,42.73,0.0,,,,,,France,direct,0,0.0,0,0,0,0,(Business),,1,0,0,demoPID,103498,,{},49.0,,,,1,monthly,,0.0,0,2026-06-03 00:00:00 UTC,2026-06-25,,,,,1,card,,,,,,,,,,,,,,
DEMOPID000167==,Acme Pro,Hayden Tanaka,hayden.tanaka20@example.com,hayden.tanaka20@example.com,0,2025-08-25,2025-08-25 12:12:58 +0000,9.0,0.0,,0.0,9.0,1.01,7.99,0.0,,,,,,Netherlands,direct,0,0.0,0,0,0,0,(Personal),,1,0,0,demoPID,100814,,{},9.0,,,,1,monthly,,0.0,0,,,,,,,1,card,,,,,,,,,,,,,,
DEMOPID000774==,Acme Pro,Reese Smith,reese.smith100@example.com,reese.smith100@example.com,0,2025-08-25,2025-08-25 17:16:08 +0000,0.0,0.0,,0.0,0.0,0.00,0.00,0.0,,,,,,Australia,direct,0,0.0,0,0,0,0,(Personal),oss100,1,0,0,demoPID,103884,,{},9.0,,,,1,monthly,,0.0,0,2026-05-29 00:00:00 UTC,2026-06-25,,,,,1,card,,,,,,,,,,,,,,
DEMOPID000825==,Acme Pro,Cameron Tanaka,cameron.tanaka105@example.com,cameron.tanaka105@example.com,0,2025-08-26,2025-08-26 04:28:10 +0000,19.0,0.0,,0.0,19.0,2.29,16.71,0.0,,,,,,Sweden,direct,0,0.0,0,0,0,0,(Startup),,1,0,0,demoPID,104126,,{},19.0,,,,1,monthly,,0.0,0,2026-05-28 00:00:00 UTC,2026-06-26,,,,,1,card,,,,,,,,,,,,,,
DEMOPID000022==,Acme Pro,Taylor Smith,taylor.smith0@example.com,taylor.smith0@example.com,0,2025-08-26,2025-08-26 23:37:27 +0000,9.0,0.0,,0.0,9.0,1.00,8.00,0.0,,,,,,Japan,direct,0,0.0,0,0,0,0,(Personal),,1,0,0,demoPID,100119,,{},9.0,,,,1,monthly,,0.0,0,,,,,,,1,card,,,,,,,,,,,,,,
DEMOPID000734==,Acme Pro,Rowan Garcia,rowan.garcia97@example.com,rowan.garcia97@example.com,0,2025-08-28,2025-08-28 01:35:35 +0000,49.0,0.0,,0.0,49.0,5.20,43.80,0.0,,,,,,Netherlands,direct,0,0.0,0,0,0,0,(Business),,1,0,0,demoPID,103674,,{},49.0,,,,1,monthly,,0.0,0,,,,,,,1,card,,,,,,,,,,,,,,
DEMOPID000503==,Acme Pro,Hayden Ortiz,hayden.ortiz68@example.com,hayden.ortiz68@example.com,0,2025-08-28,2025-08-28 04:32:24 +0000,84.2,0.0,,0.0,84.2,8.83,75.32,0.0,,,,,,India,direct,0,0.0,0,0,0,0,(Enterprise),welcome15,1,0,0,demoPID,102595,,{},99.0,,,,1,monthly,,0.0,0,,,,,,,1,card,,,,,,,,,,,,,,
DEMOPID000607==,Acme Pro,Emerson Rossi,emerson.rossi84@example.com,emerson.rossi84@example.com,0,2025-08-28,2025-08-28 04:37:45 +0000,49.0,0.0,,0.0,49.0,4.53,44.47,0.0,,,,,,Portugal,direct,0,0.0,0,0,0,0,(Business),,1,0,0,demoPID,103091,,{},49.0,,,,1,monthly,,0.0,0,,,,,,,1,card,,,,,,,,,,,,,,
DEMOPID000105==,Acme Pro,Parker Silva,parker.silva16@example.com,parker.silva16@example.com,0,2025-08-28,2025-08-28 08:49:23 +0000,19.0,0.0,,0.0,19.0,2.06,16.94,0.0,,,,,,Poland,direct,0,0.0,0,0,0,0,(Startup),,1,0,0,demoPID,100485,,{},19.0,,,,1,monthly,,0.0,0,2026-05-29 00:00:00 UTC,2026-06-28,,,,,1,card,,,,,,,,,,,,,,
DEMOPID000944==,Acme Pro,Drew Andersson,drew.andersson114@example.com,drew.andersson114@example.com,0,2025-08-28,2025-08-28 15:12:20 +0000,99.0,0.0,,0.0,99.0,11.68,87.32,0.0,,,,,,Sweden,direct,0,0.0,0,0,0,0,(Enterprise),,1,0,0,demoPID,104751,,{},99.0,,,,1,monthly,,0.0,0,,,,,,,1,card,,,,,,,,,,,,,,
DEMOPID001324==,Acme Pro,Cameron Patel,cameron.patel166@example.com,cameron.patel166@example.com,0,2025-08-28,2025-08-28 19:25:31 +0000,490.0,0.0,,0.0,490.0,53.43,436.57,0.0,,,,,,Portugal,direct,0,0.0,0,0,0,0,(Business),,0,0,0,demoPID,106622,,{},490.0,,,,1,yearly,,0.0,0,,,,,,,1,card,,,,,,,,,,,,,,
DEMOPID000401==,Acme Pro,Hayden Schmidt,hayden.schmidt62@example.com,hayden.schmidt62@example.com,0,2025-08-29,2025-08-29 04:42:33 +0000,19.0,0.0,,0.0,19.0,1.89,17.11,0.0,,,,,,Australia,direct,0,0.0,0,0,0,0,(Startup),,1,0,0,demoPID,102049,,{},19.0,,,,1,monthly,,0.0,0,2026-05-28 00:00:00 UTC,2026-06-28,,,,,1,card,,,,,,,,,,,,,,
DEMOPID000305==,Acme Pro,Drew Patel,drew.patel49@example.com,drew.patel49@example.com,0,2025-08-29,2025-08-29 06:39:18 +0000,69.3,0.0,,0.0,69.3,8.19,61.11,0.0,,,,,,United Kingdom,direct,0,0.0,0,0,0,0,(Enterprise),earlybird,0,0,0,demoPID,101559,,{},99.0,,,,1,monthly,,0.0,0,,,,,,,1,card,,,,,,,,,,,,,,
DEMOPID001027==,Acme Pro,Reese Kim,reese.kim128@example.com,reese.kim128@example.com,0,2025-08-29,2025-08-29 17:34:46 +0000,41.6,0.0,,0.0,41.6,4.28,37.37,0.0,,,,,,Italy,direct,0,0.0,0,0,0,0,(Business),welcome15,1,0,0,demoPID,105166,,{},49.0,,,,1,monthly,,0.0,0,2026-05-30 00:00:00 UTC,2026-06-28,,,,,1,card,,,,,,,,,,,,,,
DEMOPID001340==,Acme Pro,Alex Walsh,alex.walsh170@example.com,alex.walsh170@example.com,0,2025-08-29,2025-08-29 21:55:27 +0000,9.0,0.0,,0.0,9.0,0.82,8.18,0.0,,,,,,United States,direct,0,0.0,0,0,0,0,(Personal),,1,0,0,demoPID,106724,,{},9.0,,,,1,monthly,,0.0,0,,,,,,,1,card,,,,,,,,,,,,,,
DEMOPID001069==,Acme Pro,Robin Muller,robin.muller136@example.com,robin.muller136@example.com,0,2025-08-30,2025-08-30 03:47:54 +0000,19.0,0.0,,0.0,19.0,2.19,16.81,0.0,,,,,,Spain,direct,0,0.0,0,0,0,0,(Startup),,1,0,0,demoPID,105383,,{},19.0,,,,1,monthly,,0.0,0,,,,,,,1,card,,,,,,,,,,,,,,
DEMOPID000904==,Acme Pro,Drew Smith,drew.smith110@example.com,drew.smith110@example.com,0,2025-08-30,2025-08-30 08:30:39 +0000,0.0,0.0,,0.0,0.0,0.00,0.00,0.0,,,,,,United States,direct,0,0.0,0,0,0,0,(Business),maintainer,0,0,0,demoPID,104541,,{},49.0,,,,1,monthly,,0.0,0,,,,,,,1,card,,,,,,,,,,,,,,
DEMOPID000356==,Acme Pro,Drew Andersson,drew.andersson54@example.com,drew.andersson54@example.com,0,2025-08-31,2025-08-31 07:17:35 +0000,190.0,0.0,,0.0,190.0,18.56,171.44,0.0,,,,,,Australia,direct,0,0.0,0,0,0,0,(Startup),,0,0,0,demoPID,101848,,{},190.0,,,,1,yearly,,0.0,0,,,,,,,1,card,,,,,,,,,,,,,,
DEMOPID001291==,Acme Pro,Avery Andersson,avery.andersson161@example.com,avery.andersson161@example.com,0,2025-09-01,2025-09-01 04:00:08 +0000,49.0,0.0,,0.0,49.0,5.55,43.45,0.0,,,,,,Japan,direct,0,0.0,0,0,0,0,(Business),,1,0,0,demoPID,106473,,{},49.0,,,,1,monthly,,0.0,0,2026-06-02 00:00:00 UTC,2026-07-01,,,,,1,card,,,,,,,,,,,,,,
DEMOPID000994==,Acme Pro,Avery Ferraro,avery.ferraro120@example.com,avery.ferraro120@example.com,0,2025-09-01,2025-09-01 07:14:16 +0000,142.5,0.0,,0.0,142.5,17.90,124.60,0.0,,,,,,Australia,direct,0,0.0,0,0,0,0,(Startup),launch25,0,0,0,demoPID,104999,,{},190.0,,,,1,yearly,,0.0,0,,,,,,,1,card,,,,,,,,,,,,,,
DEMOPID001418==,Acme Pro,Hayden Johnson,hayden.johnson182@example.com,hayden.johnson182@example.com,0,2025-09-02,2025-09-02 01:41:39 +0000,19.0,0.0,,0.0,19.0,1.96,17.04,0.0,,,,,,United States,direct,0,0.0,0,0,0,0,(Startup),,1,0,0,demoPID,107114,,{},19.0,,,,1,monthly,,0.0,0,,,,,,,1,card,,,,,,,,,,,,,,
DEMOPID001380==,Acme Pro,Skyler Novak,skyler.novak174@example.com,skyler.novak174@example.com,0,2025-09-02,2025-09-02 20:26:50 +0000,99.0,0.0,,0.0,99.0,12.39,86.61,0.0,,,,,,United States,direct,0,0.0,0,0,0,0,(Enterprise),,1,0,0,demoPID,106924,,{},99.0,,,,1,monthly,,0.0,0,,,,,,,1,card,,,,,,,,,,,,,,
DEMOPID000272==,Acme Pro,Jordan Rossi,jordan.rossi42@example.com,jordan.rossi42@example.com,0,2025-09-03,2025-09-03 01:41:30 +0000,16.1,0.0,,0.0,16.1,2.02,14.13,0.0,,,,,,Germany,direct,0,0.0,0,0,0,0,(Startup),welcome15,1,0,0,demoPID,101400,,{},19.0,,,,1,monthly,,0.0,0,,,,,,,1,card,,,,,,,,,,,,,,
DEMOPID000878==,Acme Pro,Rowan Ortiz,rowan.ortiz108@example.com,rowan.ortiz108@example.com,0,2025-09-03,2025-09-03 12:22:42 +0000,49.0,0.0,,0.0,49.0,6.36,42.64,0.0,,,,,,United States,direct,0,0.0,0,0,0,0,(Business),,1,0,0,demoPID,104387,,{},49.0,,,,1,monthly,,0.0,0,2026-06-04 00:00:00 UTC,2026-07-03,,,,,1,card,,,,,,,,,,,,,,
DEMOPID000645==,Acme Pro,Jordan Novak,jordan.novak88@example.com,jordan.novak88@example.com,0,2025-09-03,2025-09-03 17:25:35 +0000,49.0,0.0,,0.0,49.0,4.58,44.42,0.0,,,,,,Italy,direct,0,0.0,0,0,0,0,(Business),,1,0,0,demoPID,103261,,{},49.0,,,,1,monthly,,0.0,0,,,,,,,1,card,,,,,,,,,,,,,,
DEMOPID001098==,Acme Pro,Sam Ortiz,sam.ortiz141@example.com,sam.ortiz141@example.com,0,2025-09-03,2025-09-03 19:22:19 +0000,0.0,0.0,,0.0,0.0,0.00,0.00,0.0,,,,,,Poland,direct,0,0.0,0,0,0,0,(Personal),maintainer,1,0,0,demoPID,105525,,{},9.0,,,,1,monthly,,0.0,0,2026-06-04 00:00:00 UTC,2026-07-03,,,,,1,card,,,,,,,,,,,,,,
DEMOPID001182==,Acme Pro,Sam Lee,sam.lee149@example.com,sam.lee149@example.com,0,2025-09-04,2025-09-04 03:40:44 +0000,19.0,0.0,,0.0,19.0,2.24,16.76,0.0,,,,,,Germany,direct,0,0.0,0,0,0,0,(Startup),,1,0,0,demoPID,105953,,{},19.0,,,,1,monthly,,0.0,0,,,,,,,1,card,,,,,,,,,,,,,,
DEMOPID000841==,Acme Pro,Casey Tanaka,casey.tanaka107@example.com,casey.tanaka107@example.com,0,2025-09-04,2025-09-04 05:33:25 +0000,9.0,0.0,,0.0,9.0,0.90,8.10,0.0,,,,,,Brazil,direct,0,0.0,0,0,0,0,(Personal),,1,0,0,demoPID,104206,,{},9.0,,,,1,monthly,,0.0,0,2026-06-04 00:00:00 UTC,2026-07-04,,,,,1,card,,,,,,,,,,,,,,
DEMOPID000631==,Acme Pro,Morgan Schmidt,morgan.schmidt87@example.com,morgan.schmidt87@example.com,0,2025-09-04,2025-09-04 15:54:07 +0000,99.0,0.0,,0.0,99.0,12.78,86.22,0.0,,,,,,Sweden,direct,0,0.0,0,0,0,0,(Enterprise),,1,0,0,demoPID,103208,,{},99.0,,,,1,monthly,,0.0,0,,,,,,,1,card,,,,,,,,,,,,,,
DEMOPID000244==,Acme Pro,Drew Silva,drew.silva40@example.com,drew.silva40@example.com,0,2025-09-04,2025-09-04 20:20:09 +0000,19.0,0.0,,0.0,19.0,2.37,16.63,0.0,,,,,,Germany,direct,0,0.0,0,0,0,0,(Startup),,1,0,0,demoPID,101234,,{},19.0,,,,1,monthly,,0.0,0,,,,,,,1,card,,,,,,,,,,,,,,
DEMOPID000519==,Acme Pro,Casey Nguyen,casey.nguyen73@example.com,casey.nguyen73@example.com,0,2025-09-05,2025-09-05 02:40:50 +0000,490.0,0.0,,0.0,490.0,51.45,438.55,0.0,,,,,,Brazil,direct,0,0.0,0,0,0,0,(Business),,0,0,0,demoPID,102672,,{},490.0,,,,1,yearly,,0.0,0,,,,,,,1,card,,,,,,,,,,,,,,
DEMOPID000808==,Acme Pro,Sam Smith,sam.smith104@example.com,sam.smith104@example.com,0,2025-09-05,2025-09-05 21:04:16 +0000,49.0,0.0,,0.0,49.0,4.55,44.45,0.0,,,,,,Spain,direct,0,0.0,0,0,0,0,(Business),,1,0,0,demoPID,104041,,{},49.0,,,,1,monthly,,0.0,0,,,,,,,1,card,,,,,,,,,,,,,,
DEMOPID001055==,Acme Pro,Devin Ortiz,devin.ortiz132@example.com,devin.ortiz132@example.com,0,2025-09-06,2025-09-06 15:54:31 +0000,19.0,0.0,,0.0,19.0,1.72,17.28,0.0,,,,,,Brazil,direct,0,0.0,0,0,0,0,(Startup),,1,0,0,demoPID,105314,,{},19.0,,,,1,monthly,,0.0,0,,,,,,,1,card,,,,,,,,,,,,,,
DEMOPID000222==,Acme Pro,Taylor Rossi,taylor.rossi35@example.com,taylor.rossi35@example.com,0,2025-09-07,2025-09-07 03:22:54 +0000,19.0,0.0,,0.0,19.0,1.88,17.12,0.0,,,,,,Netherlands,direct,0,0.0,0,0,0,0,(Startup),,1,0,0,demoPID,101111,,{},19.0,,,,1,monthly,,0.0,0,,,,,,,1,card,,,,,,,,,,,,,,
DEMOPID000088==,Acme Pro,Jamie Patel,jamie.patel15@example.com,jamie.patel15@example.com,0,2025-09-08,2025-09-08 02:08:09 +0000,39.2,0.0,,0.0,39.2,4.93,34.27,0.0,,,,,,Portugal,direct,0,0.0,0,0,0,0,(Business),friend20,0,0,0,demoPID,100414,,{},49.0,,,,1,monthly,,0.0,0,2026-05-18 00:00:00 UTC,2026-06-08,,,,,1,card,,,,,,,,,,,,,,
DEMOPID000452==,Acme Pro,Morgan Muller,morgan.muller64@example.com,morgan.muller64@example.com,0,2025-09-09,2025-09-09 02:21:38 +0000,19.0,0.0,,0.0,19.0,1.89,17.11,0.0,,,,,,Japan,direct,0,0.0,0,0,0,0,(Startup),,1,0,0,demoPID,102305,,{},19.0,,,,1,monthly,,0.0,0,,,,,,,1,card,,,,,,,,,,,,,,
DEMOPID001146==,Acme Pro,Devin Andersson,devin.andersson147@example.com,devin.andersson147@example.com,0,2025-09-09,2025-09-09 10:05:09 +0000,49.0,0.0,,0.0,49.0,6.10,42.90,0.0,,,,,,Spain,direct,0,0.0,0,0,0,0,(Business),,1,0,0,demoPID,105786,,{},49.0,,,,1,monthly,,0.0,0,,,,,,,1,card,,,,,,,,,,,,,,
DEMOPID000667==,Acme Pro,Alex Rossi,alex.rossi89@example.com,alex.rossi89@example.com,0,2025-09-09,2025-09-09 12:03:10 +0000,49.0,0.0,,0.0,49.0,4.97,44.03,0.0,,,,,,Poland,direct,0,0.0,0,0,0,0,(Business),,1,0,0,demoPID,103358,,{},49.0,,,,1,monthly,,0.0,0,,,,,,,1,card,,,,,,,,,,,,,,
DEMOPID000795==,Acme Pro,Riley Rossi,riley.rossi103@example.com,riley.rossi103@example.com,0,2025-09-09,2025-09-09 21:07:34 +0000,9.0,0.0,,0.0,9.0,0.82,8.18,0.0,,,,,,Australia,direct,0,0.0,0,0,0,0,(Personal),,1,0,0,demoPID,103994,,{},9.0,,,,1,monthly,,0.0,0,,,,,,,1,card,,,,,,,,,,,,,,
DEMOPID000357==,Acme Pro,Quinn Nguyen,quinn.nguyen55@example.com,quinn.nguyen55@example.com,0,2025-09-10,2025-09-10 21:34:24 +0000,490.0,0.0,,0.0,490.0,46.49,443.51,0.0,,,,,,Canada,direct,0,0.0,0,0,0,0,(Business),,0,0,0,demoPID,101853,,{},490.0,,,,1,yearly,,0.0,0,,,,,,,1,card,,,,,,,,,,,,,,
DEMOPID001164==,Acme Pro,Drew Becker,drew.becker148@example.com,drew.becker148@example.com,0,2025-09-10,2025-09-10 22:11:16 +0000,99.0,0.0,,0.0,99.0,12.46,86.54,0.0,,,,,,India,direct,0,0.0,0,0,0,0,(Enterprise),,1,0,0,demoPID,105874,,{},99.0,,,,1,monthly,,0.0,0,,,,,,,1,card,,,,,,,,,,,,,,
DEMOPID000895==,Acme Pro,Jamie Rossi,jamie.rossi109@example.com,jamie.rossi109@example.com,0,2025-09-11,2025-09-11 11:09:49 +0000,19.0,0.0,,0.0,19.0,2.35,16.65,0.0,,,,,,Portugal,direct,0,0.0,0,0,0,0,(Startup),,1,0,0,demoPID,104489,,{},19.0,,,,1,monthly,,0.0,0,2026-05-23 00:00:00 UTC,2026-06-11,,,,,1,card,,,,,,,,,,,,,,
DEMOPID001314==,Acme Pro,Hayden Smith,hayden.smith164@example.com,hayden.smith164@example.com,0,2025-09-11,2025-09-11 15:48:23 +0000,9.0,0.0,,0.0,9.0,1.00,8.00,0.0,,,,,,Japan,direct,0,0.0,0,0,0,0,(Personal),,1,0,0,demoPID,106580,,{},9.0,,,,1,monthly,,0.0,0,,,,,,,1,card,,,,,,,,,,,,,,
DEMOPID000548==,Acme Pro,Jordan Ferraro,jordan.ferraro80@example.com,jordan.ferraro80@example.com,0,2025-09-12,2025-09-12 22:08:44 +0000,49.0,0.0,,0.0,49.0,4.64,44.36,0.0,,,,,,Australia,direct,0,0.0,0,0,0,0,(Business),,1,0,0,demoPID,102791,,{},49.0,,,,1,monthly,,0.0,0,,,,,,,1,card,,,,,,,,,,,,,,
DEMOPID001237==,Acme Pro,Drew Nguyen,drew.nguyen152@example.com,drew.nguyen152@example.com,0,2025-09-13,2025-09-13 02:24:57 +0000,9.0,0.0,,0.0,9.0,1.12,7.88,0.0,,,,,,Italy,direct,0,0.0,0,0,0,0,(Personal),,1,0,0,demoPID,106200,,{},9.0,,,,1,monthly,,0.0,0,,,,,,,1,card,,,,,,,,,,,,,,
DEMOPID001123==,Acme Pro,Hayden Kim,hayden.kim145@example.com,hayden.kim145@example.com,0,2025-09-13,2025-09-13 05:30:08 +0000,29.4,0.0,,0.0,29.4,2.89,26.51,0.0,,,,,,Netherlands,direct,0,0.0,0,0,0,0,(Business),blackfriday,1,0,0,demoPID,105655,,{},49.0,,,,1,monthly,,0.0,0,,,,,,,1,card,,,,,,,,,,,,,,
DEMOPID000676==,Acme Pro,Robin Ferraro,robin.ferraro90@example.com,robin.ferraro90@example.com,0,2025-09-13,2025-09-13 08:41:45 +0000,49.0,0.0,,0.0,49.0,6.10,42.90,0.0,,,,,,India,direct,0,0.0,0,0,0,0,(Business),,0,0,0,demoPID,103397,,{},49.0,,,,1,monthly,,0.0,0,,,,,,,1,card,,,,,,,,,,,,,,
DEMOPID000202==,Acme Pro,Skyler Kim,skyler.kim30@example.com,skyler.kim30@example.com,0,2025-09-13,2025-09-13 20:22:03 +0000,19.0,0.0,,0.0,19.0,2.12,16.88,0.0,,,,,,India,direct,0,0.0,0,0,0,0,(Startup),,1,0,0,demoPID,101008,,{},19.0,,,,1,monthly,,0.0,0,,,,,,,1,card,,,,,,,,,,,,,,
DEMOPID000961==,Acme Pro,Alex Johnson,alex.johnson117@example.com,alex.johnson117@example.com,0,2025-09-14,2025-09-14 00:44:24 +0000,49.0,0.0,,0.0,49.0,5.85,43.15,0.0,,,,,,Spain,direct,0,0.0,0,0,0,0,(Business),,1,0,0,demoPID,104833,,{},49.0,,,,1,monthly,,0.0,0,,,,,,,1,card,,,,,,,,,,,,,,
DEMOPID001369==,Acme Pro,Alex Johnson,alex.johnson172@example.com,alex.johnson172@example.com,0,2025-09-14,2025-09-14 02:15:38 +0000,99.0,0.0,,0.0,99.0,9.91,89.09,0.0,,,,,,Poland,direct,0,0.0,0,0,0,0,(Enterprise),,1,0,0,demoPID,106873,,{},99.0,,,,1,monthly,,0.0,0,2026-06-04 00:00:00 UTC,2026-06-14,,,,,1,card,,,,,,,,,,,,,,
DEMOPID000344==,Acme Pro,Morgan Ortiz,morgan.ortiz51@example.com,morgan.ortiz51@example.com,0,2025-09-14,2025-09-14 11:48:09 +0000,99.0,0.0,,0.0,99.0,11.12,87.88,0.0,,,,,,Japan,direct,0,0.0,0,0,0,0,(Enterprise),,1,0,0,demoPID,101782,,{},99.0,,,,1,monthly,,0.0,0,2026-05-15 00:00:00 UTC,2026-06-14,,,,,1,card,,,,,,,,,,,,,,
DEMOPID001007==,Acme Pro,Drew Dubois,drew.dubois122@example.com,drew.dubois122@example.com,0,2025-09-15,2025-09-15 23:33:15 +0000,49.0,0.0,,0.0,49.0,5.51,43.49,0.0,,,,,,Italy,direct,0,0.0,0,0,0,0,(Business),,1,0,0,demoPID,105082,,{},49.0,,,,1,monthly,,0.0,0,,,,,,,1,card,,,,,,,,,,,,,,
DEMOPID000418==,Acme Pro,Robin Lee,robin.lee63@example.com,robin.lee63@example.com,0,2025-09-16,2025-09-16 16:56:31 +0000,41.6,0.0,,0.0,41.6,4.18,37.47,0.0,,,,,,Australia,direct,0,0.0,0,0,0,0,(Business),welcome15,1,0,0,demoPID,102141,,{},49.0,,,,1,monthly,,0.0,0,,,,,,,1,card,,,,,,,,,,,,,,
DEMOPID000039==,Acme Pro,Robin Tanaka,robin.tanaka3@example.com,robin.tanaka3@example.com,0,2025-09-17,2025-09-17 06:34:08 +0000,11.4,0.0,,0.0,11.4,1.33,10.07,0.0,,,,,,Italy,direct,0,0.0,0,0,0,0,(Startup),blackfriday,1,0,0,demoPID,100193,,{},19.0,,,,1,monthly,,0.0,0,2026-05-17 00:00:00 UTC,2026-06-17,,,,,1,card,,,,,,,,,,,,,,
DEMOPID001213==,Acme Pro,Rowan Johnson,rowan.johnson150@example.com,rowan.johnson150@example.com,0,2025-09-17,2025-09-17 11:18:13 +0000,36.8,0.0,,0.0,36.8,3.39,33.36,0.0,,,,,,United Kingdom,direct,0,0.0,0,0,0,0,(Business),launch25,1,0,0,demoPID,106088,,{},49.0,,,,1,monthly,,0.0,0,,,,,,,1,card,,,,,,,,,,,,,,
DEMOPID000747==,Acme Pro,Reese Garcia,reese.garcia98@example.com,reese.garcia98@example.com,0,2025-09-17,2025-09-17 13:53:37 +0000,49.0,0.0,,0.0,49.0,5.49,43.51,0.0,,,,,,Canada,direct,0,0.0,0,0,0,0,(Business),,1,0,0,demoPID,103738,,{},49.0,,,,1,monthly,,0.0,0,,,,,,,1,card,,,,,,,,,,,,,,
DEMOPID000528==,Acme Pro,Skyler Smith,skyler.smith76@example.com,skyler.smith76@example.com,0,2025-09-18,2025-09-18 14:00:00 +0000,99.0,0.0,,0.0,99.0,10.97,88.03,0.0,,,,,,Germany,direct,0,0.0,0,0,0,0,(Enterprise),,1,0,0,demoPID,102709,,{},99.0,,,,1,monthly,,0.0,0,,,,,,,1,card,,,,,,,,,,,,,,
DEMOPID000985==,Acme Pro,Drew Garcia,drew.garcia119@example.com,drew.garcia119@example.com,0,2025-09-18,2025-09-18 17:38:28 +0000,19.0,0.0,,0.0,19.0,2.21,16.79,0.0,,,,,,Germany,direct,0,0.0,0,0,0,0,(Startup),,1,0,0,demoPID,104952,,{},19.0,,,,1,monthly,,0.0,0,2026-05-21 00:00:00 UTC,2026-06-18,,,,,1,card,,,,,,,,,,,,,,
DEMOPID001040==,Acme Pro,Cameron Rossi,cameron.rossi130@example.com,cameron.rossi130@example.com,0,2025-09-19,2025-09-19 14:52:56 +0000,19.0,0.0,,0.0,19.0,1.79,17.21,0.0,,,,,,Poland,direct,0,0.0,0,0,0,0,(Startup),,1,0,0,demoPID,105242,,{},19.0,,,,1,monthly,,0.0,0,2026-05-29 00:00:00 UTC,2026-06-19,,,,,1,card,,,,,,,,,,,,,,
DEMOPID000592==,Acme Pro,Hayden Nguyen,hayden.nguyen82@example.com,hayden.nguyen82@example.com,0,2025-09-20,2025-09-20 01:39:39 +0000,5.4,0.0,,0.0,5.4,0.68,4.72,0.0,,,,,,Brazil,direct,0,0.0,0,0,0,0,(Personal),blackfriday,1,0,0,demoPID,103011,,{},9.0,,,,1,monthly,,0.0,0,,,,,,,1,card,,,,,,,,,,,,,,
DEMOPID001357==,Acme Pro,Emerson Garcia,emerson.garcia171@example.com,emerson.garcia171@example.com,0,2025-09-20,2025-09-20 21:48:19 +0000,19.0,0.0,,0.0,19.0,1.82,17.18,0.0,,,,,,Spain,direct,0,0.0,0,0,0,0,(Startup),,1,0,0,demoPID,106821,,{},19.0,,,,1,monthly,,0.0,0,,,,,,,1,card,,,,,,,,,,,,,,
DEMOPID000146==,Acme Pro,Morgan Andersson,morgan.andersson18@example.com,morgan.andersson18@example.com,0,2025-09-21,2025-09-21 17:14:41 +0000,19.0,0.0,,0.0,19.0,2.03,16.97,0.0,,,,,,United Kingdom,direct,0,0.0,0,0,0,0,(Startup),,1,0,0,demoPID,100709,,{},19.0,,,,1,monthly,,0.0,0,,,,,,,1,card,,,,,,,,,,,,,,
DEMOPID000067==,Acme Pro,Reese Ortiz,reese.ortiz9@example.com,reese.ortiz9@example.com,0,2025-09-22,2025-09-22 10:50:59 +0000,90.0,0.0,,0.0,90.0,8.75,81.25,0.0,,,,,,Japan,direct,0,0.0,0,0,0,0,(Personal),,0,0,0,demoPID,100316,,{},90.0,,,,1,yearly,,0.0,0,,,,,,,1,card,,,,,,,,,,,,,,
DEMOPID000712==,Acme Pro,Casey Costa,casey.costa94@example.com,casey.costa94@example.com,0,2025-09-23,2025-09-23 02:58:07 +0000,49.0,0.0,,0.0,49.0,4.43,44.57,0.0,,,,,,Japan,direct,0,0.0,0,0,0,0,(Business),,1,0,0,demoPID,103564,,{},49.0,,,,1,monthly,,0.0,0,2026-05-29 00:00:00 UTC,2026-06-23,,,,,1,card,,,,,,,,,,,,,,
DEMOPID000470==,Acme Pro,Cameron Lee,cameron.lee67@example.com,cameron.lee67@example.com,0,2025-09-23,2025-09-23 12:23:07 +0000,9.0,0.0,,0.0,9.0,1.10,7.90,0.0,,,,,,France,direct,0,0.0,0,0,0,0,(Personal),,1,0,0,demoPID,102414,,{},9.0,,,,1,monthly,,0.0,0,,,,,,,1,card,,,,,,,,,,,,,,
DEMOPID000181==,Acme Pro,Hayden Novak,hayden.novak22@example.com,hayden.novak22@example.com,0,2025-09-23,2025-09-23 22:55:06 +0000,490.0,0.0,,0.0,490.0,59.00,431.00,0.0,,,,,,France,direct,0,0.0,0,0,0,0,(Business),,1,0,0,demoPID,100900,,{},490.0,,,,1,yearly,,0.0,0,,,,,,,1,card,,,,,,,,,,,,,,
DEMOPID000914==,Acme Pro,Drew Dubois,drew.dubois111@example.com,drew.dubois111@example.com,0,2025-09-24,2025-09-24 08:22:01 +0000,19.0,0.0,,0.0,19.0,2.14,16.86,0.0,,,,,,Brazil,direct,0,0.0,0,0,0,0,(Startup),,1,0,0,demoPID,104587,,{},19.0,,,,1,monthly,,0.0,0,,,,,,,1,card,,,,,,,,,,,,,,
DEMOPID001449==,Acme Pro,Casey Andersson,casey.andersson189@example.com,casey.andersson189@example.com,0,2025-09-24,2025-09-24 15:22:28 +0000,7.7,0.0,,0.0,7.7,0.91,6.74,0.0,,,,,,Netherlands,direct,0,0.0,0,0,0,0,(Personal),welcome15,1,0,0,demoPID,107299,,{},9.0,,,,1,monthly,,0.0,0,,,,,,,1,card,,,,,,,,,,,,,,
DEMOPID000380==,Acme Pro,Sam Lee,sam.lee58@example.com,sam.lee58@example.com,0,2025-09-24,2025-09-24 22:49:19 +0000,19.0,0.0,,0.0,19.0,2.23,16.77,0.0,,,,,,India,direct,0,0.0,0,0,0,0,(Startup),,1,0,0,demoPID,101966,,{},19.0,,,,1,monthly,,0.0,0,,,,,,,1,card,,,,,,,,,,,,,,
DEMOPID000923==,Acme Pro,Parker Patel,parker.patel112@example.com,parker.patel112@example.com,0,2025-09-25,2025-09-25 00:08:46 +0000,190.0,0.0,,0.0,190.0,18.50,171.50,0.0,,,,,,Italy,direct,0,0.0,0,0,0,0,(Startup),,0,0,0,demoPID,104634,,{},190.0,,,,1,yearly,,0.0,0,,,,,,,1,card,,,,,,,,,,,,,,
DEMOPID000168==,Acme Pro,Hayden Tanaka,hayden.tanaka20@example.com,hayden.tanaka20@example.com,0,2025-09-25,2025-09-25 04:55:04 +0000,9.0,0.0,,0.0,9.0,1.08,7.92,0.0,,,,,,Netherlands,direct,0,0.0,0,0,0,0,(Personal),,1,0,0,demoPID,100823,,{},9.0,,,,1,monthly,,0.0,0,,,,,,,1,card,,,,,,,,,,,,,,
DEMOPID000215==,Acme Pro,Skyler Becker,skyler.becker34@example.com,skyler.becker34@example.com,0,2025-09-25,2025-09-25 14:25:26 +0000,0.0,0.0,,0.0,0.0,0.00,0.00,0.0,,,,,,Spain,direct,0,0.0,0,0,0,0,(Startup),nonprofit100,0,0,0,demoPID,101077,,{},190.0,,,,1,yearly,,0.0,0,,,,,,,1,card,,,,,,,,,,,,,,
DEMOPID000775==,Acme Pro,Reese Smith,reese.smith100@example.com,reese.smith100@example.com,0,2025-09-25,2025-09-25 18:54:16 +0000,0.0,0.0,,0.0,0.0,0.00,0.00,0.0,,,,,,Australia,direct,0,0.0,0,0,0,0,(Personal),oss100,1,0,0,demoPID,103887,,{},9.0,,,,1,monthly,,0.0,0,2026-05-29 00:00:00 UTC,2026-06-25,,,,,1,card,,,,,,,,,,,,,,
DEMOPID000696==,Acme Pro,Jordan Andersson,jordan.andersson92@example.com,jordan.andersson92@example.com,0,2025-09-25,2025-09-25 21:00:40 +0000,49.0,0.0,,0.0,49.0,4.78,44.22,0.0,,,,,,France,direct,0,0.0,0,0,0,0,(Business),,1,0,0,demoPID,103507,,{},49.0,,,,1,monthly,,0.0,0,2026-06-03 00:00:00 UTC,2026-06-25,,,,,1,card,,,,,,,,,,,,,,
DEMOPID001017==,Acme Pro,Taylor Kim,taylor.kim123@example.com,taylor.kim123@example.com,0,2025-09-25,2025-09-25 21:33:02 +0000,19.0,0.0,,0.0,19.0,2.00,17.00,0.0,,,,,,Sweden,direct,0,0.0,0,0,0,0,(Startup),,1,0,0,demoPID,105121,,{},19.0,,,,1,monthly,,0.0,0,,,,,,,1,card,,,,,,,,,,,,,,
DEMOPID000023==,Acme Pro,Taylor Smith,taylor.smith0@example.com,taylor.smith0@example.com,0,2025-09-26,2025-09-26 04:32:31 +0000,9.0,0.0,,0.0,9.0,0.94,8.06,0.0,,,,,,Japan,direct,0,0.0,0,0,0,0,(Personal),,1,0,0,demoPID,100126,,{},9.0,,,,1,monthly,,0.0,0,,,,,,,1,card,,,,,,,,,,,,,,
DEMOPID000826==,Acme Pro,Cameron Tanaka,cameron.tanaka105@example.com,cameron.tanaka105@example.com,0,2025-09-26,2025-09-26 18:42:55 +0000,19.0,0.0,,0.0,19.0,2.14,16.86,0.0,,,,,,Sweden,direct,0,0.0,0,0,0,0,(Startup),,1,0,0,demoPID,104129,,{},19.0,,,,1,monthly,,0.0,0,2026-05-28 00:00:00 UTC,2026-06-26,,,,,1,card,,,,,,,,,,,,,,
DEMOPID000608==,Acme Pro,Emerson Rossi,emerson.rossi84@example.com,emerson.rossi84@example.com,0,2025-09-28,2025-09-28 16:55:23 +0000,49.0,0.0,,0.0,49.0,5.93,43.07,0.0,,,,,,Portugal,direct,0,0.0,0,0,0,0,(Business),,1,0,0,demoPID,103094,,{},49.0,,,,1,monthly,,0.0,0,,,,,,,1,card,,,,,,,,,,,,,,
DEMOPID000945==,Acme Pro,Drew Andersson,drew.andersson114@example.com,drew.andersson114@example.com,0,2025-09-28,2025-09-28 17:01:11 +0000,99.0,0.0,,0.0,99.0,9.51,89.49,0.0,,,,,,Sweden,direct,0,0.0,0,0,0,0,(Enterprise),,1,0,0,demoPID,104752,,{},99.0,,,,1,monthly,,0.0,0,,,,,,,1,card,,,,,,,,,,,,,,
DEMOPID000504==,Acme Pro,Hayden Ortiz,hayden.ortiz68@example.com,hayden.ortiz68@example.com,0,2025-09-28,2025-09-28 18:24:27 +0000,84.2,0.0,,0.0,84.2,9.58,74.57,0.0,,,,,,India,direct,0,0.0,0,0,0,0,(Enterprise),welcome15,1,0,0,demoPID,102602,,{},99.0,,,,1,monthly,,0.0,0,,,,,,,1,card,,,,,,,,,,,,,,
DEMOPID000735==,Acme Pro,Rowan Garcia,rowan.garcia97@example.com,rowan.garcia97@example.com,0,2025-09-28,2025-09-28 19:39:40 +0000,49.0,0.0,,0.0,49.0,6.03,42.97,0.0,,,,,,Netherlands,direct,0,0.0,0,0,0,0,(Business),,1,0,0,demoPID,103675,,{},49.0,,,,1,monthly,,0.0,0,,,,,,,1,card,,,,,,,,,,,,,,
DEMOPID000106==,Acme Pro,Parker Silva,parker.silva16@example.com,parker.silva16@example.com,0,2025-09-28,2025-09-28 23:45:07 +0000,19.0,0.0,,0.0,19.0,2.17,16.83,0.0,,,,,,Poland,direct,0,0.0,0,0,0,0,(Startup),,1,0,0,demoPID,100488,,{},19.0,,,,1,monthly,,0.0,0,2026-05-29 00:00:00 UTC,2026-06-28,,,,,1,card,,,,,,,,,,,,,,
DEMOPID001028==,Acme Pro,Reese Kim,reese.kim128@example.com,reese.kim128@example.com,0,2025-09-29,2025-09-29 04:46:01 +0000,41.6,0.0,,0.0,41.6,4.06,37.59,0.0,,,,,,Italy,direct,0,0.0,0,0,0,0,(Business),welcome15,1,0,0,demoPID,105168,,{},49.0,,,,1,monthly,,0.0,0,2026-05-30 00:00:00 UTC,2026-06-28,,,,,1,card,,,,,,,,,,,,,,
DEMOPID000306==,Acme Pro,Drew Patel,drew.patel49@example.com,drew.patel49@example.com,0,2025-09-29,2025-09-29 04:54:04 +0000,69.3,0.0,,0.0,69.3,6.79,62.51,0.0,,,,,,United Kingdom,direct,0,0.0,0,0,0,0,(Enterprise),earlybird,1,0,0,demoPID,101567,,{},99.0,,,,1,monthly,,0.0,0,,,,,,,1,card,,,,,,,,,,,,,,
DEMOPID001341==,Acme Pro,Alex Walsh,alex.walsh170@example.com,alex.walsh170@example.com,0,2025-09-29,2025-09-29 08:01:44 +0000,9.0,0.0,,0.0,9.0,1.13,7.87,0.0,,,,,,United States,direct,0,0.0,0,0,0,0,(Personal),,1,0,0,demoPID,106733,,{},9.0,,,,1,monthly,,0.0,0,,,,,,,1,card,,,,,,,,,,,,,,
DEMOPID000402==,Acme Pro,Hayden Schmidt,hayden.schmidt62@example.com,hayden.schmidt62@example.com,0,2025-09-29,2025-09-29 08:03:35 +0000,19.0,0.0,,0.0,19.0,2.02,16.98,0.0,,,,,,Australia,direct,0,0.0,0,0,0,0,(Startup),,1,0,0,demoPID,102053,,{},19.0,,,,1,monthly,,0.0,0,2026-05-28 00:00:00 UTC,2026-06-28,,,,,1,card,,,,,,,,,,,,,,
DEMOPID001247==,Acme Pro,Avery Johnson,avery.johnson154@example.com,avery.johnson154@example.com,0,2025-09-29,2025-09-29 21:44:51 +0000,19.0,0.0,,0.0,19.0,2.18,16.82,0.0,,,,,,Germany,direct,0,0.0,0,0,0,0,(Startup),,0,0,0,demoPID,106262,,{},19.0,,,,1,monthly,,0.0,0,,,,,,,1,card,,,,,,,,,,,,,,
DEMOPID001070==,Acme Pro,Robin Muller,robin.muller136@example.com,robin.muller136@example.com,0,2025-09-30,2025-09-30 13:26:02 +0000,19.0,0.0,,0.0,19.0,2.32,16.68,0.0,,,,,,Spain,direct,0,0.0,0,0,0,0,(Startup),,1,0,0,demoPID,105387,,{},19.0,,,,1,monthly,,0.0,0,,,,,,,1,card,,,,,,,,,,,,,,
DEMOPID001292==,Acme Pro,Avery Andersson,avery.andersson161@example.com,avery.andersson161@example.com,0,2025-10-01,2025-10-01 15:26:21 +0000,49.0,0.0,,0.0,49.0,4.96,44.04,0.0,,,,,,Japan,direct,0,0.0,0,0,0,0,(Business),,1,0,0,demoPID,106482,,{},49.0,,,,1,monthly,,0.0,0,2026-06-02 00:00:00 UTC,2026-07-01,,,,,1,card,,,,,,,,,,,,,,
DEMOPID001264==,Acme Pro,Cameron Muller,cameron.muller157@example.com,cameron.muller157@example.com,0,2025-10-02,2025-10-02 18:42:09 +0000,99.0,0.0,,0.0,99.0,12.46,86.54,0.0,,,,,,Sweden,direct,0,0.0,0,0,0,0,(Enterprise),,0,0,0,demoPID,106337,,{},99.0,,,,1,monthly,,0.0,0,,,,,,,1,card,,,,,,,,,,,,,,
DEMOPID000187==,Acme Pro,Skyler Kim,skyler.kim25@example.com,skyler.kim25@example.com,0,2025-10-02,2025-10-02 21:25:17 +0000,0.0,0.0,,0.0,0.0,0.00,0.00,0.0,,,,,,United Kingdom,direct,0,0.0,0,0,0,0,(Enterprise),core-team,0,0,0,demoPID,100923,,{},990.0,,,,1,yearly,,0.0,0,,,,,,,1,card,,,,,,,,,,,,,,
DEMOPID001419==,Acme Pro,Hayden Johnson,hayden.johnson182@example.com,hayden.johnson182@example.com,0,2025-10-02,2025-10-02 23:46:58 +0000,19.0,0.0,,0.0,19.0,1.96,17.04,0.0,,,,,,United States,direct,0,0.0,0,0,0,0,(Startup),,1,0,0,demoPID,107122,,{},19.0,,,,1,monthly,,0.0,0,,,,,,,1,card,,,,,,,,,,,,,,
DEMOPID000540==,Acme Pro,Riley Becker,riley.becker78@example.com,riley.becker78@example.com,0,2025-10-03,2025-10-03 00:23:59 +0000,190.0,0.0,,0.0,190.0,21.11,168.89,0.0,,,,,,Spain,direct,0,0.0,0,0,0,0,(Startup),,1,0,0,demoPID,102760,,{},190.0,,,,1,yearly,,0.0,0,2026-02-06 00:00:00 UTC,2026-10-03,,,,,1,card,,,,,,,,,,,,,,
DEMOPID000273==,Acme Pro,Jordan Rossi,jordan.rossi42@example.com,jordan.rossi42@example.com,0,2025-10-03,2025-10-03 03:45:54 +0000,16.1,0.0,,0.0,16.1,1.81,14.34,0.0,,,,,,Germany,direct,0,0.0,0,0,0,0,(Startup),welcome15,1,0,0,demoPID,101406,,{},19.0,,,,1,monthly,,0.0,0,,,,,,,1,card,,,,,,,,,,,,,,
DEMOPID000879==,Acme Pro,Rowan Ortiz,rowan.ortiz108@example.com,rowan.ortiz108@example.com,0,2025-10-03,2025-10-03 06:33:00 +0000,49.0,0.0,,0.0,49.0,5.20,43.80,0.0,,,,,,United States,direct,0,0.0,0,0,0,0,(Business),,1,0,0,demoPID,104394,,{},49.0,,,,1,monthly,,0.0,0,2026-06-04 00:00:00 UTC,2026-07-03,,,,,1,card,,,,,,,,,,,,,,
DEMOPID001099==,Acme Pro,Sam Ortiz,sam.ortiz141@example.com,sam.ortiz141@example.com,0,2025-10-03,2025-10-03 06:45:48 +0000,0.0,0.0,,0.0,0.0,0.00,0.00,0.0,,,,,,Poland,direct,0,0.0,0,0,0,0,(Personal),maintainer,1,0,0,demoPID,105531,,{},9.0,,,,1,monthly,,0.0,0,2026-06-04 00:00:00 UTC,2026-07-03,,,,,1,card,,,,,,,,,,,,,,
DEMOPID000646==,Acme Pro,Jordan Novak,jordan.novak88@example.com,jordan.novak88@example.com,0,2025-10-03,2025-10-03 16:29:58 +0000,49.0,0.0,,0.0,49.0,6.09,42.91,0.0,,,,,,Italy,direct,0,0.0,0,0,0,0,(Business),,1,0,0,demoPID,103267,,{},49.0,,,,1,monthly,,0.0,0,,,,,,,1,card,,,,,,,,,,,,,,
DEMOPID000245==,Acme Pro,Drew Silva,drew.silva40@example.com,drew.silva40@example.com,0,2025-10-04,2025-10-04 14:40:19 +0000,19.0,0.0,,0.0,19.0,1.76,17.24,0.0,,,,,,Germany,direct,0,0.0,0,0,0,0,(Startup),,1,0,0,demoPID,101242,,{},19.0,,,,1,monthly,,0.0,0,,,,,,,1,card,,,,,,,,,,,,,,
DEMOPID000632==,Acme Pro,Morgan Schmidt,morgan.schmidt87@example.com,morgan.schmidt87@example.com,0,2025-10-04,2025-10-04 15:31:57 +0000,99.0,0.0,,0.0,99.0,12.02,86.98,0.0,,,,,,Sweden,direct,0,0.0,0,0,0,0,(Enterprise),,1,0,0,demoPID,103213,,{},99.0,,,,1,monthly,,0.0,0,,,,,,,1,card,,,,,,,,,,,,,,
DEMOPID001183==,Acme Pro,Sam Lee,sam.lee149@example.com,sam.lee149@example.com,0,2025-10-04,2025-10-04 20:28:47 +0000,19.0,0.0,,0.0,19.0,2.08,16.92,0.0,,,,,,Germany,direct,0,0.0,0,0,0,0,(Startup),,1,0,0,demoPID,105959,,{},19.0,,,,1,monthly,,0.0,0,,,,,,,1,card,,,,,,,,,,,,,,
DEMOPID000842==,Acme Pro,Casey Tanaka,casey.tanaka107@example.com,casey.tanaka107@example.com,0,2025-10-04,2025-10-04 23:42:52 +0000,9.0,0.0,,0.0,9.0,1.13,7.87,0.0,,,,,,Brazil,direct,0,0.0,0,0,0,0,(Personal),,1,0,0,demoPID,104207,,{},9.0,,,,1,monthly,,0.0,0,2026-06-04 00:00:00 UTC,2026-07-04,,,,,1,card,,,,,,,,,,,,,,
DEMOPID000809==,Acme Pro,Sam Smith,sam.smith104@example.com,sam.smith104@example.com,0,2025-10-05,2025-10-05 18:31:21 +0000,49.0,0.0,,0.0,49.0,4.80,44.20,0.0,,,,,,Spain,direct,0,0.0,0,0,0,0,(Business),,1,0,0,demoPID,104043,,{},49.0,,,,1,monthly,,0.0,0,,,,,,,1,card,,,,,,,,,,,,,,
DEMOPID000557==,Acme Pro,Alex Nguyen,alex.nguyen81@example.com,alex.nguyen81@example.com,0,2025-10-06,2025-10-06 13:58:46 +0000,14.2,0.0,,0.0,14.2,1.47,12.78,0.0,,,,,,United States,direct,0,0.0,0,0,0,0,(Startup),launch25,0,0,0,demoPID,102822,,{},19.0,,,,1,monthly,,0.0,0,,,,,,,1,card,,,,,,,,,,,,,,
DEMOPID001056==,Acme Pro,Devin Ortiz,devin.ortiz132@example.com,devin.ortiz132@example.com,0,2025-10-06,2025-10-06 19:56:31 +0000,19.0,0.0,,0.0,19.0,2.32,16.68,0.0,,,,,,Brazil,direct,0,0.0,0,0,0,0,(Startup),,1,0,0,demoPID,105323,,{},19.0,,,,1,monthly,,0.0,0,,,,,,,1,card,,,,,,,,,,,,,,
DEMOPID000054==,Acme Pro,Emerson Becker,emerson.becker6@example.com,emerson.becker6@example.com,0,2025-10-07,2025-10-07 02:00:29 +0000,99.0,0.0,,0.0,99.0,12.59,86.41,0.0,,,,,,France,direct,0,0.0,0,0,0,0,(Enterprise),,0,0,0,demoPID,100276,,{},99.0,,,,1,monthly,,0.0,0,,,,,,,1,card,,,,,,,,,,,,,,
DEMOPID000223==,Acme Pro,Taylor Rossi,taylor.rossi35@example.com,taylor.rossi35@example.com,0,2025-10-07,2025-10-07 08:36:14 +0000,19.0,0.0,,0.0,19.0,1.99,17.01,0.0,,,,,,Netherlands,direct,0,0.0,0,0,0,0,(Startup),,1,0,0,demoPID,101120,,{},19.0,,,,1,monthly,,0.0,0,,,,,,,1,card,,,,,,,,,,,,,,
DEMOPID000089==,Acme Pro,Jamie Patel,jamie.patel15@example.com,jamie.patel15@example.com,0,2025-10-08,2025-10-08 04:45:13 +0000,39.2,0.0,,0.0,39.2,4.13,35.07,0.0,,,,,,Portugal,direct,0,0.0,0,0,0,0,(Business),friend20,1,0,0,demoPID,100418,,{},49.0,,,,1,monthly,,0.0,0,2026-05-18 00:00:00 UTC,2026-06-08,,,,,1,card,,,,,,,,,,,,,,
DEMOPID000453==,Acme Pro,Morgan Muller,morgan.muller64@example.com,morgan.muller64@example.com,0,2025-10-09,2025-10-09 10:01:40 +0000,19.0,0.0,,0.0,19.0,2.45,16.55,0.0,,,,,,Japan,direct,0,0.0,0,0,0,0,(Startup),,1,0,0,demoPID,102312,,{},19.0,,,,1,monthly,,0.0,0,,,,,,,1,card,,,,,,,,,,,,,,
DEMOPID001147==,Acme Pro,Devin Andersson,devin.andersson147@example.com,devin.andersson147@example.com,0,2025-10-09,2025-10-09 13:49:24 +0000,49.0,0.0,,0.0,49.0,6.05,42.95,0.0,,,,,,Spain,direct,0,0.0,0,0,0,0,(Business),,1,0,0,demoPID,105789,,{},49.0,,,,1,monthly,,0.0,0,,,,,,,1,card,,,,,,,,,,,,,,
DEMOPID000056==,Acme Pro,Casey Dubois,casey.dubois7@example.com,casey.dubois7@example.com,0,2025-10-09,2025-10-09 17:19:59 +0000,9.0,0.0,,0.0,9.0,0.81,8.19,0.0,,,,,,Italy,direct,0,0.0,0,0,0,0,(Personal),,0,0,0,demoPID,100287,,{},9.0,,,,1,monthly,,0.0,0,,,,,,,1,card,,,,,,,,,,,,,,
DEMOPID000796==,Acme Pro,Riley Rossi,riley.rossi103@example.com,riley.rossi103@example.com,0,2025-10-09,2025-10-09 19:04:48 +0000,9.0,0.0,,0.0,9.0,1.04,7.96,0.0,,,,,,Australia,direct,0,0.0,0,0,0,0,(Personal),,1,0,0,demoPID,103995,,{},9.0,,,,1,monthly,,0.0,0,,,,,,,1,card,,,,,,,,,,,,,,
DEMOPID000668==,Acme Pro,Alex Rossi,alex.rossi89@example.com,alex.rossi89@example.com,0,2025-10-09,2025-10-09 20:14:43 +0000,49.0,0.0,,0.0,49.0,6.09,42.91,0.0,,,,,,Poland,direct,0,0.0,0,0,0,0,(Business),,1,0,0,demoPID,103362,,{},49.0,,,,1,monthly,,0.0,0,,,,,,,1,card,,,,,,,,,,,,,,
DEMOPID001165==,Acme Pro,Drew Becker,drew.becker148@example.com,drew.becker148@example.com,0,2025-10-10,2025-10-10 02:40:29 +0000,99.0,0.0,,0.0,99.0,10.76,88.24,0.0,,,,,,India,direct,0,0.0,0,0,0,0,(Enterprise),,1,0,0,demoPID,105879,,{},99.0,,,,1,monthly,,0.0,0,,,,,,,1,card,,,,,,,,,,,,,,
DEMOPID001315==,Acme Pro,Hayden Smith,hayden.smith164@example.com,hayden.smith164@example.com,0,2025-10-11,2025-10-11 01:05:20 +0000,9.0,0.0,,0.0,9.0,1.01,7.99,0.0,,,,,,Japan,direct,0,0.0,0,0,0,0,(Personal),,1,0,0,demoPID,106585,,{},9.0,,,,1,monthly,,0.0,0,,,,,,,1,card,,,,,,,,,,,,,,
DEMOPID000896==,Acme Pro,Jamie Rossi,jamie.rossi109@example.com,jamie.rossi109@example.com,0,2025-10-11,2025-10-11 02:43:42 +0000,19.0,0.0,,0.0,19.0,1.80,17.20,0.0,,,,,,Portugal,direct,0,0.0,0,0,0,0,(Startup),,1,0,0,demoPID,104491,,{},19.0,,,,1,monthly,,0.0,0,2026-05-23 00:00:00 UTC,2026-06-11,,,,,1,card,,,,,,,,,,,,,,
DEMOPID000549==,Acme Pro,Jordan Ferraro,jordan.ferraro80@example.com,jordan.ferraro80@example.com,0,2025-10-12,2025-10-12 11:33:33 +0000,49.0,0.0,,0.0,49.0,4.73,44.27,0.0,,,,,,Australia,direct,0,0.0,0,0,0,0,(Business),,1,0,0,demoPID,102792,,{},49.0,,,,1,monthly,,0.0,0,,,,,,,1,card,,,,,,,,,,,,,,
DEMOPID000203==,Acme Pro,Skyler Kim,skyler.kim30@example.com,skyler.kim30@example.com,0,2025-10-13,2025-10-13 03:54:52 +0000,19.0,0.0,,0.0,19.0,1.92,17.08,0.0,,,,,,India,direct,0,0.0,0,0,0,0,(Startup),,1,0,0,demoPID,101015,,{},19.0,,,,1,monthly,,0.0,0,,,,,,,1,card,,,,,,,,,,,,,,
DEMOPID001238==,Acme Pro,Drew Nguyen,drew.nguyen152@example.com,drew.nguyen152@example.com,0,2025-10-13,2025-10-13 09:27:48 +0000,9.0,0.0,,0.0,9.0,1.00,8.00,0.0,,,,,,Italy,direct,0,0.0,0,0,0,0,(Personal),,1,0,0,demoPID,106206,,{},9.0,,,,1,monthly,,0.0,0,,,,,,,1,card,,,,,,,,,,,,,,
DEMOPID001124==,Acme Pro,Hayden Kim,hayden.kim145@example.com,hayden.kim145@example.com,0,2025-10-13,2025-10-13 11:53:26 +0000,29.4,0.0,,0.0,29.4,3.30,26.10,0.0,,,,,,Netherlands,direct,0,0.0,0,0,0,0,(Business),blackfriday,1,0,0,demoPID,105659,,{},49.0,,,,1,monthly,,0.0,0,,,,,,,1,card,,,,,,,,,,,,,,
DEMOPID000677==,Acme Pro,Robin Ferraro,robin.ferraro90@example.com,robin.ferraro90@example.com,0,2025-10-13,2025-10-13 16:48:15 +0000,49.0,0.0,,0.0,49.0,4.78,44.22,0.0,,,,,,India,direct,0,0.0,0,0,0,0,(Business),,1,0,0,demoPID,103402,,{},49.0,,,,1,monthly,,0.0,0,,,,,,,1,card,,,,,,,,,,,,,,
DEMOPID000282==,Acme Pro,Cameron Tanaka,cameron.tanaka43@example.com,cameron.tanaka43@example.com,0,2025-10-14,2025-10-14 07:19:07 +0000,4.5,0.0,,0.0,4.5,0.54,3.96,0.0,,,,,,Spain,direct,0,0.0,0,0,0,0,(Personal),student50,0,0,0,demoPID,101460,,{},9.0,,,,1,monthly,,0.0,0,,,,,,,1,card,,,,,,,,,,,,,,
DEMOPID000962==,Acme Pro,Alex Johnson,alex.johnson117@example.com,alex.johnson117@example.com,0,2025-10-14,2025-10-14 08:57:02 +0000,49.0,0.0,,0.0,49.0,5.83,43.17,0.0,,,,,,Spain,direct,0,0.0,0,0,0,0,(Business),,1,0,0,demoPID,104839,,{},49.0,,,,1,monthly,,0.0,0,,,,,,,1,card,,,,,,,,,,,,,,
DEMOPID001370==,Acme Pro,Alex Johnson,alex.johnson172@example.com,alex.johnson172@example.com,0,2025-10-14,2025-10-14 10:21:53 +0000,99.0,0.0,,0.0,99.0,11.97,87.03,0.0,,,,,,Poland,direct,0,0.0,0,0,0,0,(Enterprise),,1,0,0,demoPID,106875,,{},99.0,,,,1,monthly,,0.0,0,2026-06-04 00:00:00 UTC,2026-06-14,,,,,1,card,,,,,,,,,,,,,,
DEMOPID000345==,Acme Pro,Morgan Ortiz,morgan.ortiz51@example.com,morgan.ortiz51@example.com,0,2025-10-14,2025-10-14 12:32:02 +0000,99.0,0.0,,0.0,99.0,11.30,87.70,0.0,,,,,,Japan,direct,0,0.0,0,0,0,0,(Enterprise),,1,0,0,demoPID,101786,,{},99.0,,,,1,monthly,,0.0,0,2026-05-15 00:00:00 UTC,2026-06-14,,,,,1,card,,,,,,,,,,,,,,
DEMOPID001081==,Acme Pro,Alex Rossi,alex.rossi138@example.com,alex.rossi138@example.com,0,2025-10-15,2025-10-15 08:26:05 +0000,490.0,0.0,,0.0,490.0,58.01,431.99,0.0,,,,,,Netherlands,direct,0,0.0,0,0,0,0,(Business),,0,0,0,demoPID,105435,,{},490.0,,,,1,yearly,,0.0,0,,,,,,,1,card,,,,,,,,,,,,,,
DEMOPID001008==,Acme Pro,Drew Dubois,drew.dubois122@example.com,drew.dubois122@example.com,0,2025-10-15,2025-10-15 13:20:43 +0000,49.0,0.0,,0.0,49.0,4.55,44.45,0.0,,,,,,Italy,direct,0,0.0,0,0,0,0,(Business),,1,0,0,demoPID,105086,,{},49.0,,,,1,monthly,,0.0,0,,,,,,,1,card,,,,,,,,,,,,,,
DEMOPID001273==,Acme Pro,Robin Novak,robin.novak158@example.com,robin.novak158@example.com,0,2025-10-15,2025-10-15 23:56:28 +0000,49.0,0.0,,0.0,49.0,4.58,44.42,0.0,,,,,,Brazil,direct,0,0.0,0,0,0,0,(Business),,0,0,0,demoPID,106377,,{},49.0,,,,1,monthly,,0.0,0,2026-05-29 00:00:00 UTC,2026-06-15,,,,,1,card,,,,,,,,,,,,,,
DEMOPID000419==,Acme Pro,Robin Lee,robin.lee63@example.com,robin.lee63@example.com,0,2025-10-16,2025-10-16 23:30:48 +0000,41.6,0.0,,0.0,41.6,3.91,37.74,0.0,,,,,,Australia,direct,0,0.0,0,0,0,0,(Business),welcome15,1,0,0,demoPID,102149,,{},49.0,,,,1,monthly,,0.0,0,,,,,,,1,card,,,,,,,,,,,,,,
DEMOPID000295==,Acme Pro,Parker Rossi,parker.rossi47@example.com,parker.rossi47@example.com,0,2025-10-17,2025-10-17 05:34:18 +0000,19.0,0.0,,0.0,19.0,2.04,16.96,0.0,,,,,,Brazil,direct,0,0.0,0,0,0,0,(Startup),,0,0,0,demoPID,101506,,{},19.0,,,,1,monthly,,0.0,0,,,,,,,1,card,,,,,,,,,,,,,,
DEMOPID000748==,Acme Pro,Reese Garcia,reese.garcia98@example.com,reese.garcia98@example.com,0,2025-10-17,2025-10-17 05:44:37 +0000,49.0,0.0,,0.0,49.0,6.22,42.78,0.0,,,,,,Canada,direct,0,0.0,0,0,0,0,(Business),,1,0,0,demoPID,103746,,{},49.0,,,,1,monthly,,0.0,0,,,,,,,1,card,,,,,,,,,,,,,,
DEMOPID000040==,Acme Pro,Robin Tanaka,robin.tanaka3@example.com,robin.tanaka3@example.com,0,2025-10-17,2025-10-17 15:51:26 +0000,11.4,0.0,,0.0,11.4,1.14,10.26,0.0,,,,,,Italy,direct,0,0.0,0,0,0,0,(Startup),blackfriday,1,0,0,demoPID,100201,,{},19.0,,,,1,monthly,,0.0,0,2026-05-17 00:00:00 UTC,2026-06-17,,,,,1,card,,,,,,,,,,,,,,
DEMOPID001214==,Acme Pro,Rowan Johnson,rowan.johnson150@example.com,rowan.johnson150@example.com,0,2025-10-17,2025-10-17 19:51:56 +0000,36.8,0.0,,0.0,36.8,3.68,33.07,0.0,,,,,,United Kingdom,direct,0,0.0,0,0,0,0,(Business),launch25,1,0,0,demoPID,106095,,{},49.0,,,,1,monthly,,0.0,0,,,,,,,1,card,,,,,,,,,,,,,,
DEMOPID000529==,Acme Pro,Skyler Smith,skyler.smith76@example.com,skyler.smith76@example.com,0,2025-10-18,2025-10-18 13:44:08 +0000,99.0,0.0,,0.0,99.0,12.15,86.85,0.0,,,,,,Germany,direct,0,0.0,0,0,0,0,(Enterprise),,1,0,0,demoPID,102715,,{},99.0,,,,1,monthly,,0.0,0,,,,,,,1,card,,,,,,,,,,,,,,
DEMOPID000986==,Acme Pro,Drew Garcia,drew.garcia119@example.com,drew.garcia119@example.com,0,2025-10-18,2025-10-18 17:20:54 +0000,19.0,0.0,,0.0,19.0,2.40,16.60,0.0,,,,,,Germany,direct,0,0.0,0,0,0,0,(Startup),,1,0,0,demoPID,104958,,{},19.0,,,,1,monthly,,0.0,0,2026-05-21 00:00:00 UTC,2026-06-18,,,,,1,card,,,,,,,,,,,,,,
DEMOPID000954==,Acme Pro,Sam Costa,sam.costa115@example.com,sam.costa115@example.com,0,2025-10-19,2025-10-19 01:47:59 +0000,49.0,0.0,,0.0,49.0,5.64,43.36,0.0,,,,,,Sweden,direct,0,0.0,0,0,0,0,(Business),,0,0,0,demoPID,104787,,{},49.0,,,,1,monthly,,0.0,0,,,,,,,1,card,,,,,,,,,,,,,,
DEMOPID001041==,Acme Pro,Cameron Rossi,cameron.rossi130@example.com,cameron.rossi130@example.com,0,2025-10-19,2025-10-19 07:33:34 +0000,19.0,0.0,,0.0,19.0,2.38,16.62,0.0,,,,,,Poland,direct,0,0.0,0,0,0,0,(Startup),,1,0,0,demoPID,105243,,{},19.0,,,,1,monthly,,0.0,0,2026-05-29 00:00:00 UTC,2026-06-19,,,,,1,card,,,,,,,,,,,,,,
DEMOPID001358==,Acme Pro,Emerson Garcia,emerson.garcia171@example.com,emerson.garcia171@example.com,0,2025-10-20,2025-10-20 02:40:13 +0000,19.0,0.0,,0.0,19.0,2.02,16.98,0.0,,,,,,Spain,direct,0,0.0,0,0,0,0,(Startup),,1,0,0,demoPID,106828,,{},19.0,,,,1,monthly,,0.0,0,,,,,,,1,card,,,,,,,,,,,,,,
DEMOPID000593==,Acme Pro,Hayden Nguyen,hayden.nguyen82@example.com,hayden.nguyen82@example.com,0,2025-10-20,2025-10-20 15:26:56 +0000,5.4,0.0,,0.0,5.4,0.63,4.77,0.0,,,,,,Brazil,direct,0,0.0,0,0,0,0,(Personal),blackfriday,1,0,0,demoPID,103015,,{},9.0,,,,1,monthly,,0.0,0,,,,,,,1,card,,,,,,,,,,,,,,
DEMOPID000147==,Acme Pro,Morgan Andersson,morgan.andersson18@example.com,morgan.andersson18@example.com,0,2025-10-21,2025-10-21 04:04:03 +0000,19.0,0.0,,0.0,19.0,2.40,16.60,0.0,,,,,,United Kingdom,direct,0,0.0,0,0,0,0,(Startup),,1,0,0,demoPID,100712,,{},19.0,,,,1,monthly,,0.0,0,,,,,,,1,card,,,,,,,,,,,,,,
DEMOPID001328==,Acme Pro,Hayden Ferraro,hayden.ferraro169@example.com,hayden.ferraro169@example.com,0,2025-10-22,2025-10-22 01:02:11 +0000,99.0,0.0,,0.0,99.0,10.66,88.34,0.0,,,,,,United States,direct,0,0.0,0,0,0,0,(Enterprise),,0,0,0,demoPID,106647,,{},99.0,,,,1,monthly,,0.0,0,,,,,,,1,card,,,,,,,,,,,,,,
DEMOPID000713==,Acme Pro,Casey Costa,casey.costa94@example.com,casey.costa94@example.com,0,2025-10-23,2025-10-23 02:49:32 +0000,49.0,0.0,,0.0,49.0,4.70,44.30,0.0,,,,,,Japan,direct,0,0.0,0,0,0,0,(Business),,1,0,0,demoPID,103572,,{},49.0,,,,1,monthly,,0.0,0,2026-05-29 00:00:00 UTC,2026-06-23,,,,,1,card,,,,,,,,,,,,,,
DEMOPID000471==,Acme Pro,Cameron Lee,cameron.lee67@example.com,cameron.lee67@example.com,0,2025-10-23,2025-10-23 17:11:43 +0000,9.0,0.0,,0.0,9.0,1.02,7.98,0.0,,,,,,France,direct,0,0.0,0,0,0,0,(Personal),,1,0,0,demoPID,102418,,{},9.0,,,,1,monthly,,0.0,0,,,,,,,1,card,,,,,,,,,,,,,,
DEMOPID000381==,Acme Pro,Sam Lee,sam.lee58@example.com,sam.lee58@example.com,0,2025-10-24,2025-10-24 09:23:39 +0000,19.0,0.0,,0.0,19.0,2.20,16.80,0.0,,,,,,India,direct,0,0.0,0,0,0,0,(Startup),,1,0,0,demoPID,101968,,{},19.0,,,,1,monthly,,0.0,0,,,,,,,1,card,,,,,,,,,,,,,,
DEMOPID001450==,Acme Pro,Casey Andersson,casey.andersson189@example.com,casey.andersson189@example.com,0,2025-10-24,2025-10-24 18:58:43 +0000,7.7,0.0,,0.0,7.7,0.84,6.81,0.0,,,,,,Netherlands,direct,0,0.0,0,0,0,0,(Personal),welcome15,1,0,0,demoPID,107303,,{},9.0,,,,1,monthly,,0.0,0,,,,,,,1,card,,,,,,,,,,,,,,
DEMOPID000915==,Acme Pro,Drew Dubois,drew.dubois111@example.com,drew.dubois111@example.com,0,2025-10-24,2025-10-24 21:38:12 +0000,19.0,0.0,,0.0,19.0,1.80,17.20,0.0,,,,,,Brazil,direct,0,0.0,0,0,0,0,(Startup),,1,0,0,demoPID,104594,,{},19.0,,,,1,monthly,,0.0,0,,,,,,,1,card,,,,,,,,,,,,,,
DEMOPID001018==,Acme Pro,Taylor Kim,taylor.kim123@example.com,taylor.kim123@example.com,0,2025-10-25,2025-10-25 09:12:50 +0000,19.0,0.0,,0.0,19.0,1.84,17.16,0.0,,,,,,Sweden,direct,0,0.0,0,0,0,0,(Startup),,1,0,0,demoPID,105126,,{},19.0,,,,1,monthly,,0.0,0,,,,,,,1,card,,,,,,,,,,,,,,
DEMOPID000776==,Acme Pro,Reese Smith,reese.smith100@example.com,reese.smith100@example.com,0,2025-10-25,2025-10-25 10:29:45 +0000,0.0,0.0,,0.0,0.0,0.00,0.00,0.0,,,,,,Australia,direct,0,0.0,0,0,0,0,(Personal),oss100,1,0,0,demoPID,103888,,{},9.0,,,,1,monthly,,0.0,0,2026-05-29 00:00:00 UTC,2026-06-25,,,,,1,card,,,,,,,,,,,,,,
DEMOPID000697==,Acme Pro,Jordan Andersson,jordan.andersson92@example.com,jordan.andersson92@example.com,0,2025-10-25,2025-10-25 11:19:08 +0000,49.0,0.0,,0.0,49.0,4.85,44.15,0.0,,,,,,France,direct,0,0.0,0,0,0,0,(Business),,1,0,0,demoPID,103511,,{},49.0,,,,1,monthly,,0.0,0,2026-06-03 00:00:00 UTC,2026-06-25,,,,,1,card,,,,,,,,,,,,,,
DEMOPID000169==,Acme Pro,Hayden Tanaka,hayden.tanaka20@example.com,hayden.tanaka20@example.com,0,2025-10-25,2025-10-25 13:21:59 +0000,9.0,0.0,,0.0,9.0,1.09,7.91,0.0,,,,,,Netherlands,direct,0,0.0,0,0,0,0,(Personal),,1,0,0,demoPID,100828,,{},9.0,,,,1,monthly,,0.0,0,,,,,,,1,card,,,,,,,,,,,,,,
DEMOPID000024==,Acme Pro,Taylor Smith,taylor.smith0@example.com,taylor.smith0@example.com,0,2025-10-26,2025-10-26 03:09:40 +0000,9.0,0.0,,0.0,9.0,1.08,7.92,0.0,,,,,,Japan,direct,0,0.0,0,0,0,0,(Personal),,1,0,0,demoPID,100128,,{},9.0,,,,1,monthly,,0.0,0,,,,,,,1,card,,,,,,,,,,,,,,
DEMOPID000827==,Acme Pro,Cameron Tanaka,cameron.tanaka105@example.com,cameron.tanaka105@example.com,0,2025-10-26,2025-10-26 15:22:02 +0000,19.0,0.0,,0.0,19.0,2.27,16.73,0.0,,,,,,Sweden,direct,0,0.0,0,0,0,0,(Startup),,1,0,0,demoPID,104132,,{},19.0,,,,1,monthly,,0.0,0,2026-05-28 00:00:00 UTC,2026-06-26,,,,,1,card,,,,,,,,,,,,,,
DEMOPID000617==,Acme Pro,Rowan Nguyen,rowan.nguyen85@example.com,rowan.nguyen85@example.com,0,2025-10-27,2025-10-27 21:40:46 +0000,161.5,0.0,,0.0,161.5,19.84,141.66,0.0,,,,,,India,direct,0,0.0,0,0,0,0,(Startup),welcome15,0,0,0,demoPID,103127,,{},190.0,,,,1,yearly,,0.0,0,2025-12-08 00:00:00 UTC,2026-10-27,,,,,1,card,,,,,,,,,,,,,,
DEMOPID000107==,Acme Pro,Parker Silva,parker.silva16@example.com,parker.silva16@example.com,0,2025-10-28,2025-10-28 03:37:01 +0000,19.0,0.0,,0.0,19.0,2.44,16.56,0.0,,,,,,Poland,direct,0,0.0,0,0,0,0,(Startup),,1,0,0,demoPID,100491,,{},19.0,,,,1,monthly,,0.0,0,2026-05-29 00:00:00 UTC,2026-06-28,,,,,1,card,,,,,,,,,,,,,,
DEMOPID000946==,Acme Pro,Drew Andersson,drew.andersson114@example.com,drew.andersson114@example.com,0,2025-10-28,2025-10-28 04:45:28 +0000,99.0,0.0,,0.0,99.0,10.03,88.97,0.0,,,,,,Sweden,direct,0,0.0,0,0,0,0,(Enterprise),,1,0,0,demoPID,104754,,{},99.0,,,,1,monthly,,0.0,0,,,,,,,1,card,,,,,,,,,,,,,,
DEMOPID000543==,Acme Pro,Drew Muller,drew.muller79@example.com,drew.muller79@example.com,0,2025-10-28,2025-10-28 13:44:25 +0000,490.0,0.0,,0.0,490.0,59.14,430.86,0.0,,,,,,Netherlands,direct,0,0.0,0,0,0,0,(Business),,1,0,0,demoPID,102771,,{},490.0,,,,1,yearly,,0.0,0,,,,,,,1,card,,,,,,,,,,,,,,
DEMOPID000736==,Acme Pro,Rowan Garcia,rowan.garcia97@example.com,rowan.garcia97@example.com,0,2025-10-28,2025-10-28 17:13:41 +0000,49.0,0.0,,0.0,49.0,6.15,42.85,0.0,,,,,,Netherlands,direct,0,0.0,0,0,0,0,(Business),,1,0,0,demoPID,103680,,{},49.0,,,,1,monthly,,0.0,0,,,,,,,1,card,,,,,,,,,,,,,,
DEMOPID000505==,Acme Pro,Hayden Ortiz,hayden.ortiz68@example.com,hayden.ortiz68@example.com,0,2025-10-28,2025-10-28 17:44:58 +0000,84.2,0.0,,0.0,84.2,9.21,74.94,0.0,,,,,,India,direct,0,0.0,0,0,0,0,(Enterprise),welcome15,1,0,0,demoPID,102605,,{},99.0,,,,1,monthly,,0.0,0,,,,,,,1,card,,,,,,,,,,,,,,
DEMOPID000609==,Acme Pro,Emerson Rossi,emerson.rossi84@example.com,emerson.rossi84@example.com,0,2025-10-28,2025-10-28 21:25:37 +0000,49.0,0.0,,0.0,49.0,5.14,43.86,0.0,,,,,,Portugal,direct,0,0.0,0,0,0,0,(Business),,1,0,0,demoPID,103096,,{},49.0,,,,1,monthly,,0.0,0,,,,,,,1,card,,,,,,,,,,,,,,
DEMOPID001342==,Acme Pro,Alex Walsh,alex.walsh170@example.com,alex.walsh170@example.com,0,2025-10-29,2025-10-29 10:24:36 +0000,9.0,0.0,,0.0,9.0,1.02,7.98,0.0,,,,,,United States,direct,0,0.0,0,0,0,0,(Personal),,1,0,0,demoPID,106741,,{},9.0,,,,1,monthly,,0.0,0,,,,,,,1,card,,,,,,,,,,,,,,
DEMOPID001029==,Acme Pro,Reese Kim,reese.kim128@example.com,reese.kim128@example.com,0,2025-10-29,2025-10-29 13:26:19 +0000,41.6,0.0,,0.0,41.6,5.21,36.44,0.0,,,,,,Italy,direct,0,0.0,0,0,0,0,(Business),welcome15,1,0,0,demoPID,105174,,{},49.0,,,,1,monthly,,0.0,0,2026-05-30 00:00:00 UTC,2026-06-28,,,,,1,card,,,,,,,,,,,,,,
DEMOPID000403==,Acme Pro,Hayden Schmidt,hayden.schmidt62@example.com,hayden.schmidt62@example.com,0,2025-10-29,2025-10-29 13:35:31 +0000,19.0,0.0,,0.0,19.0,2.19,16.81,0.0,,,,,,Australia,direct,0,0.0,0,0,0,0,(Startup),,1,0,0,demoPID,102056,,{},19.0,,,,1,monthly,,0.0,0,2026-05-28 00:00:00 UTC,2026-06-28,,,,,1,card,,,,,,,,,,,,,,
DEMOPID001248==,Acme Pro,Avery Johnson,avery.johnson154@example.com,avery.johnson154@example.com,0,2025-10-29,2025-10-29 14:05:05 +0000,19.0,0.0,,0.0,19.0,1.85,17.15,0.0,,,,,,Germany,direct,0,0.0,0,0,0,0,(Startup),,1,0,0,demoPID,106264,,{},19.0,,,,1,monthly,,0.0,0,,,,,,,1,card,,,,,,,,,,,,,,
DEMOPID000307==,Acme Pro,Drew Patel,drew.patel49@example.com,drew.patel49@example.com,0,2025-10-29,2025-10-29 22:28:05 +0000,69.3,0.0,,0.0,69.3,6.72,62.58,0.0,,,,,,United Kingdom,direct,0,0.0,0,0,0,0,(Enterprise),earlybird,1,0,0,demoPID,101575,,{},99.0,,,,1,monthly,,0.0,0,,,,,,,1,card,,,,,,,,,,,,,,
DEMOPID001071==,Acme Pro,Robin Muller,robin.muller136@example.com,robin.muller136@example.com,0,2025-10-30,2025-10-30 20:13:00 +0000,19.0,0.0,,0.0,19.0,1.98,17.02,0.0,,,,,,Spain,direct,0,0.0,0,0,0,0,(Startup),,1,0,0,demoPID,105393,,{},19.0,,,,1,monthly,,0.0,0,,,,,,,1,card,,,,,,,,,,,,,,
DEMOPID001301==,Acme Pro,Casey Nguyen,casey.nguyen162@example.com,casey.nguyen162@example.com,0,2025-10-31,2025-10-31 03:02:50 +0000,0.0,0.0,,0.0,0.0,0.00,0.00,0.0,,,,,,Canada,direct,0,0.0,0,0,0,0,(Personal),oss100,0,0,0,demoPID,106527,,{},9.0,,,,1,monthly,,0.0,0,2026-05-28 00:00:00 UTC,2026-06-28,,,,,1,card,,,,,,,,,,,,,,
DEMOPID001293==,Acme Pro,Avery Andersson,avery.andersson161@example.com,avery.andersson161@example.com,0,2025-11-01,2025-11-01 04:32:14 +0000,49.0,0.0,,0.0,49.0,4.61,44.39,0.0,,,,,,Japan,direct,0,0.0,0,0,0,0,(Business),,1,0,0,demoPID,106485,,{},49.0,,,,1,monthly,,0.0,0,2026-06-02 00:00:00 UTC,2026-07-01,,,,,1,card,,,,,,,,,,,,,,
DEMOPID000214==,Acme Pro,Skyler Lee,skyler.lee33@example.com,skyler.lee33@example.com,0,2025-11-01,2025-11-01 19:33:18 +0000,0.0,0.0,,0.0,0.0,0.00,0.00,0.0,,,,,,Italy,direct,0,0.0,0,0,0,0,(Personal),maintainer,0,0,0,demoPID,101071,,{},90.0,,,,1,yearly,,0.0,0,,,,,,,1,card,,,,,,,,,,,,,,
DEMOPID001420==,Acme Pro,Hayden Johnson,hayden.johnson182@example.com,hayden.johnson182@example.com,0,2025-11-02,2025-11-02 01:51:41 +0000,19.0,0.0,,0.0,19.0,1.87,17.13,0.0,,,,,,United States,direct,0,0.0,0,0,0,0,(Startup),,1,0,0,demoPID,107125,,{},19.0,,,,1,monthly,,0.0,0,,,,,,,1,card,,,,,,,,,,,,,,
DEMOPID001265==,Acme Pro,Cameron Muller,cameron.muller157@example.com,cameron.muller157@example.com,0,2025-11-02,2025-11-02 03:46:30 +0000,99.0,0.0,,0.0,99.0,10.25,88.75,0.0,,,,,,Sweden,direct,0,0.0,0,0,0,0,(Enterprise),,1,0,0,demoPID,106345,,{},99.0,,,,1,monthly,,0.0,0,,,,,,,1,card,,,,,,,,,,,,,,
DEMOPID001113==,Acme Pro,Drew Ferraro,drew.ferraro143@example.com,drew.ferraro143@example.com,0,2025-11-02,2025-11-02 14:11:19 +0000,0.0,0.0,,0.0,0.0,0.00,0.00,0.0,,,,,,Japan,direct,0,0.0,0,0,0,0,(Personal),core-team,0,0,0,demoPID,105607,,{},90.0,,,,1,yearly,,0.0,0,2026-03-24 00:00:00 UTC,2026-11-02,,,,,1,card,,,,,,,,,,,,,,
DEMOPID001100==,Acme Pro,Sam Ortiz,sam.ortiz141@example.com,sam.ortiz141@example.com,0,2025-11-03,2025-11-03 02:59:48 +0000,0.0,0.0,,0.0,0.0,0.00,0.00,0.0,,,,,,Poland,direct,0,0.0,0,0,0,0,(Personal),maintainer,1,0,0,demoPID,105540,,{},9.0,,,,1,monthly,,0.0,0,2026-06-04 00:00:00 UTC,2026-07-03,,,,,1,card,,,,,,,,,,,,,,
DEMOPID000274==,Acme Pro,Jordan Rossi,jordan.rossi42@example.com,jordan.rossi42@example.com,0,2025-11-03,2025-11-03 09:05:48 +0000,16.1,0.0,,0.0,16.1,2.00,14.15,0.0,,,,,,Germany,direct,0,0.0,0,0,0,0,(Startup),welcome15,1,0,0,demoPID,101415,,{},19.0,,,,1,monthly,,0.0,0,,,,,,,1,card,,,,,,,,,,,,,,
DEMOPID000880==,Acme Pro,Rowan Ortiz,rowan.ortiz108@example.com,rowan.ortiz108@example.com,0,2025-11-03,2025-11-03 17:18:46 +0000,49.0,0.0,,0.0,49.0,6.21,42.79,0.0,,,,,,United States,direct,0,0.0,0,0,0,0,(Business),,1,0,0,demoPID,104396,,{},49.0,,,,1,monthly,,0.0,0,2026-06-04 00:00:00 UTC,2026-07-03,,,,,1,card,,,,,,,,,,,,,,
DEMOPID000647==,Acme Pro,Jordan Novak,jordan.novak88@example.com,jordan.novak88@example.com,0,2025-11-03,2025-11-03 19:37:33 +0000,49.0,0.0,,0.0,49.0,5.95,43.05,0.0,,,,,,Italy,direct,0,0.0,0,0,0,0,(Business),,1,0,0,demoPID,103268,,{},49.0,,,,1,monthly,,0.0,0,,,,,,,1,card,,,,,,,,,,,,,,
DEMOPID001184==,Acme Pro,Sam Lee,sam.lee149@example.com,sam.lee149@example.com,0,2025-11-04,2025-11-04 06:01:46 +0000,19.0,0.0,,0.0,19.0,1.82,17.18,0.0,,,,,,Germany,direct,0,0.0,0,0,0,0,(Startup),,1,0,0,demoPID,105963,,{},19.0,,,,1,monthly,,0.0,0,,,,,,,1,card,,,,,,,,,,,,,,
DEMOPID000843==,Acme Pro,Casey Tanaka,casey.tanaka107@example.com,casey.tanaka107@example.com,0,2025-11-04,2025-11-04 06:28:38 +0000,9.0,0.0,,0.0,9.0,1.15,7.85,0.0,,,,,,Brazil,direct,0,0.0,0,0,0,0,(Personal),,1,0,0,demoPID,104212,,{},9.0,,,,1,monthly,,0.0,0,2026-06-04 00:00:00 UTC,2026-07-04,,,,,1,card,,,,,,,,,,,,,,
DEMOPID000246==,Acme Pro,Drew Silva,drew.silva40@example.com,drew.silva40@example.com,0,2025-11-04,2025-11-04 11:32:04 +0000,19.0,0.0,,0.0,19.0,2.16,16.84,0.0,,,,,,Germany,direct,0,0.0,0,0,0,0,(Startup),,1,0,0,demoPID,101247,,{},19.0,,,,1,monthly,,0.0,0,,,,,,,1,card,,,,,,,,,,,,,,
DEMOPID000633==,Acme Pro,Morgan Schmidt,morgan.schmidt87@example.com,morgan.schmidt87@example.com,0,2025-11-04,2025-11-04 17:24:11 +0000,99.0,0.0,,0.0,99.0,9.27,89.73,0.0,,,,,,Sweden,direct,0,0.0,0,0,0,0,(Enterprise),,1,0,0,demoPID,103218,,{},99.0,,,,1,monthly,,0.0,0,,,,,,,1,card,,,,,,,,,,,,,,
DEMOPID000810==,Acme Pro,Sam Smith,sam.smith104@example.com,sam.smith104@example.com,0,2025-11-05,2025-11-05 20:15:06 +0000,49.0,0.0,,0.0,49.0,4.66,44.34,0.0,,,,,,Spain,direct,0,0.0,0,0,0,0,(Business),,1,0,0,demoPID,104049,,{},49.0,,,,1,monthly,,0.0,0,,,,,,,1,card,,,,,,,,,,,,,,
DEMOPID001428==,Acme Pro,Skyler Novak,skyler.novak183@example.com,skyler.novak183@example.com,0,2025-11-06,2025-11-06 02:02:32 +0000,0.0,0.0,,0.0,0.0,0.00,0.00,0.0,,,,,,Sweden,direct,0,0.0,0,0,0,0,(Personal),core-team,0,0,0,demoPID,107165,,{},90.0,,,,1,yearly,,0.0,0,,,,,,,1,card,,,,,,,,,,,,,,
DEMOPID000558==,Acme Pro,Alex Nguyen,alex.nguyen81@example.com,alex.nguyen81@example.com,0,2025-11-06,2025-11-06 02:36:23 +0000,14.2,0.0,,0.0,14.2,1.44,12.81,0.0,,,,,,United States,direct,0,0.0,0,0,0,0,(Startup),launch25,1,0,0,demoPID,102828,,{},19.0,,,,1,monthly,,0.0,0,,,,,,,1,card,,,,,,,,,,,,,,
DEMOPID001057==,Acme Pro,Devin Ortiz,devin.ortiz132@example.com,devin.ortiz132@example.com,0,2025-11-06,2025-11-06 21:30:29 +0000,19.0,0.0,,0.0,19.0,1.87,17.13,0.0,,,,,,Brazil,direct,0,0.0,0,0,0,0,(Startup),,1,0,0,demoPID,105327,,{},19.0,,,,1,monthly,,0.0,0,,,,,,,1,card,,,,,,,,,,,,,,
DEMOPID000055==,Acme Pro,Emerson Becker,emerson.becker6@example.com,emerson.becker6@example.com,0,2025-11-07,2025-11-07 06:32:16 +0000,99.0,0.0,,0.0,99.0,9.20,89.80,0.0,,,,,,France,direct,0,0.0,0,0,0,0,(Enterprise),,1,0,0,demoPID,100278,,{},99.0,,,,1,monthly,,0.0,0,,,,,,,1,card,,,,,,,,,,,,,,
DEMOPID000224==,Acme Pro,Taylor Rossi,taylor.rossi35@example.com,taylor.rossi35@example.com,0,2025-11-07,2025-11-07 19:39:43 +0000,19.0,0.0,,0.0,19.0,2.35,16.65,0.0,,,,,,Netherlands,direct,0,0.0,0,0,0,0,(Startup),,1,0,0,demoPID,101127,,{},19.0,,,,1,monthly,,0.0,0,,,,,,,1,card,,,,,,,,,,,,,,
DEMOPID000069==,Acme Pro,Riley Novak,riley.novak11@example.com,riley.novak11@example.com,0,2025-11-08,2025-11-08 08:11:37 +0000,9.0,0.0,,0.0,9.0,0.85,8.15,0.0,,,,,,France,direct,0,0.0,0,0,0,0,(Personal),,0,0,0,demoPID,100323,,{},9.0,,,,1,monthly,,0.0,0,,,,,,,1,card,,,,,,,,,,,,,,
DEMOPID000090==,Acme Pro,Jamie Patel,jamie.patel15@example.com,jamie.patel15@example.com,0,2025-11-08,2025-11-08 10:34:29 +0000,39.2,0.0,,0.0,39.2,4.18,35.02,0.0,,,,,,Portugal,direct,0,0.0,0,0,0,0,(Business),friend20,1,0,0,demoPID,100420,,{},49.0,,,,1,monthly,,0.0,0,2026-05-18 00:00:00 UTC,2026-06-08,,,,,1,card,,,,,,,,,,,,,,
DEMOPID000797==,Acme Pro,Riley Rossi,riley.rossi103@example.com,riley.rossi103@example.com,0,2025-11-09,2025-11-09 02:22:59 +0000,9.0,0.0,,0.0,9.0,1.06,7.94,0.0,,,,,,Australia,direct,0,0.0,0,0,0,0,(Personal),,1,0,0,demoPID,103996,,{},9.0,,,,1,monthly,,0.0,0,,,,,,,1,card,,,,,,,,,,,,,,
DEMOPID000057==,Acme Pro,Casey Dubois,casey.dubois7@example.com,casey.dubois7@example.com,0,2025-11-09,2025-11-09 04:16:07 +0000,9.0,0.0,,0.0,9.0,1.15,7.85,0.0,,,,,,Italy,direct,0,0.0,0,0,0,0,(Personal),,1,0,0,demoPID,100289,,{},9.0,,,,1,monthly,,0.0,0,,,,,,,1,card,,,,,,,,,,,,,,
DEMOPID000669==,Acme Pro,Alex Rossi,alex.rossi89@example.com,alex.rossi89@example.com,0,2025-11-09,2025-11-09 13:32:01 +0000,49.0,0.0,,0.0,49.0,4.94,44.06,0.0,,,,,,Poland,direct,0,0.0,0,0,0,0,(Business),,1,0,0,demoPID,103366,,{},49.0,,,,1,monthly,,0.0,0,,,,,,,1,card,,,,,,,,,,,,,,
DEMOPID000454==,Acme Pro,Morgan Muller,morgan.muller64@example.com,morgan.muller64@example.com,0,2025-11-09,2025-11-09 14:31:14 +0000,19.0,0.0,,0.0,19.0,2.31,16.69,0.0,,,,,,Japan,direct,0,0.0,0,0,0,0,(Startup),,1,0,0,demoPID,102317,,{},19.0,,,,1,monthly,,0.0,0,,,,,,,1,card,,,,,,,,,,,,,,
DEMOPID001148==,Acme Pro,Devin Andersson,devin.andersson147@example.com,devin.andersson147@example.com,0,2025-11-09,2025-11-09 23:40:10 +0000,49.0,0.0,,0.0,49.0,5.70,43.30,0.0,,,,,,Spain,direct,0,0.0,0,0,0,0,(Business),,1,0,0,demoPID,105793,,{},49.0,,,,1,monthly,,0.0,0,,,,,,,1,card,,,,,,,,,,,,,,
DEMOPID001166==,Acme Pro,Drew Becker,drew.becker148@example.com,drew.becker148@example.com,0,2025-11-10,2025-11-10 22:57:42 +0000,99.0,0.0,,0.0,99.0,11.96,87.04,0.0,,,,,,India,direct,0,0.0,0,0,0,0,(Enterprise),,1,0,0,demoPID,105884,,{},99.0,,,,1,monthly,,0.0,0,,,,,,,1,card,,,,,,,,,,,,,,
DEMOPID001316==,Acme Pro,Hayden Smith,hayden.smith164@example.com,hayden.smith164@example.com,0,2025-11-11,2025-11-11 09:29:38 +0000,9.0,0.0,,0.0,9.0,0.85,8.15,0.0,,,,,,Japan,direct,0,0.0,0,0,0,0,(Personal),,1,0,0,demoPID,106593,,{},9.0,,,,1,monthly,,0.0,0,,,,,,,1,card,,,,,,,,,,,,,,
DEMOPID000897==,Acme Pro,Jamie Rossi,jamie.rossi109@example.com,jamie.rossi109@example.com,0,2025-11-11,2025-11-11 17:02:54 +0000,19.0,0.0,,0.0,19.0,2.18,16.82,0.0,,,,,,Portugal,direct,0,0.0,0,0,0,0,(Startup),,1,0,0,demoPID,104499,,{},19.0,,,,1,monthly,,0.0,0,2026-05-23 00:00:00 UTC,2026-06-11,,,,,1,card,,,,,,,,,,,,,,
DEMOPID000550==,Acme Pro,Jordan Ferraro,jordan.ferraro80@example.com,jordan.ferraro80@example.com,0,2025-11-12,2025-11-12 04:47:49 +0000,49.0,0.0,,0.0,49.0,4.74,44.26,0.0,,,,,,Australia,direct,0,0.0,0,0,0,0,(Business),,1,0,0,demoPID,102797,,{},49.0,,,,1,monthly,,0.0,0,,,,,,,1,card,,,,,,,,,,,,,,
DEMOPID000685==,Acme Pro,Hayden Silva,hayden.silva91@example.com,hayden.silva91@example.com,0,2025-11-12,2025-11-12 07:47:55 +0000,6.3,0.0,,0.0,6.3,0.62,5.68,0.0,,,,,,Canada,direct,0,0.0,0,0,0,0,(Personal),earlybird,0,0,0,demoPID,103445,,{},9.0,,,,1,monthly,,0.0,0,,,,,,,1,card,,,,,,,,,,,,,,
DEMOPID000204==,Acme Pro,Skyler Kim,skyler.kim30@example.com,skyler.kim30@example.com,0,2025-11-13,2025-11-13 06:41:40 +0000,19.0,0.0,,0.0,19.0,1.78,17.22,0.0,,,,,,India,direct,0,0.0,0,0,0,0,(Startup),,1,0,0,demoPID,101023,,{},19.0,,,,1,monthly,,0.0,0,,,,,,,1,card,,,,,,,,,,,,,,
DEMOPID000678==,Acme Pro,Robin Ferraro,robin.ferraro90@example.com,robin.ferraro90@example.com,0,2025-11-13,2025-11-13 19:25:42 +0000,49.0,0.0,,0.0,49.0,5.99,43.01,0.0,,,,,,India,direct,0,0.0,0,0,0,0,(Business),,1,0,0,demoPID,103403,,{},49.0,,,,1,monthly,,0.0,0,,,,,,,1,card,,,,,,,,,,,,,,
DEMOPID001239==,Acme Pro,Drew Nguyen,drew.nguyen152@example.com,drew.nguyen152@example.com,0,2025-11-13,2025-11-13 19:34:36 +0000,9.0,0.0,,0.0,9.0,1.06,7.94,0.0,,,,,,Italy,direct,0,0.0,0,0,0,0,(Personal),,1,0,0,demoPID,106211,,{},9.0,,,,1,monthly,,0.0,0,,,,,,,1,card,,,,,,,,,,,,,,
DEMOPID001125==,Acme Pro,Hayden Kim,hayden.kim145@example.com,hayden.kim145@example.com,0,2025-11-13,2025-11-13 21:08:08 +0000,29.4,0.0,,0.0,29.4,2.99,26.41,0.0,,,,,,Netherlands,direct,0,0.0,0,0,0,0,(Business),blackfriday,1,0,0,demoPID,105662,,{},49.0,,,,1,monthly,,0.0,0,,,,,,,1,card,,,,,,,,,,,,,,
DEMOPID000963==,Acme Pro,Alex Johnson,alex.johnson117@example.com,alex.johnson117@example.com,0,2025-11-14,2025-11-14 17:18:34 +0000,49.0,0.0,,0.0,49.0,5.79,43.21,0.0,,,,,,Spain,direct,0,0.0,0,0,0,0,(Business),,1,0,0,demoPID,104847,,{},49.0,,,,1,monthly,,0.0,0,,,,,,,1,card,,,,,,,,,,,,,,
DEMOPID000283==,Acme Pro,Cameron Tanaka,cameron.tanaka43@example.com,cameron.tanaka43@example.com,0,2025-11-14,2025-11-14 20:50:39 +0000,4.5,0.0,,0.0,4.5,0.45,4.05,0.0,,,,,,Spain,direct,0,0.0,0,0,0,0,(Personal),student50,1,0,0,demoPID,101461,,{},9.0,,,,1,monthly,,0.0,0,,,,,,,1,card,,,,,,,,,,,,,,
DEMOPID000346==,Acme Pro,Morgan Ortiz,morgan.ortiz51@example.com,morgan.ortiz51@example.com,0,2025-11-14,2025-11-14 22:21:51 +0000,99.0,0.0,,0.0,99.0,9.06,89.94,0.0,,,,,,Japan,direct,0,0.0,0,0,0,0,(Enterprise),,1,0,0,demoPID,101787,,{},99.0,,,,1,monthly,,0.0,0,2026-05-15 00:00:00 UTC,2026-06-14,,,,,1,card,,,,,,,,,,,,,,
DEMOPID001371==,Acme Pro,Alex Johnson,alex.johnson172@example.com,alex.johnson172@example.com,0,2025-11-14,2025-11-14 23:15:59 +0000,99.0,0.0,,0.0,99.0,12.10,86.90,0.0,,,,,,Poland,direct,0,0.0,0,0,0,0,(Enterprise),,1,0,0,demoPID,106882,,{},99.0,,,,1,monthly,,0.0,0,2026-06-04 00:00:00 UTC,2026-06-14,,,,,1,card,,,,,,,,,,,,,,
DEMOPID001274==,Acme Pro,Robin Novak,robin.novak158@example.com,robin.novak158@example.com,0,2025-11-15,2025-11-15 09:10:51 +0000,49.0,0.0,,0.0,49.0,5.99,43.01,0.0,,,,,,Brazil,direct,0,0.0,0,0,0,0,(Business),,1,0,0,demoPID,106384,,{},49.0,,,,1,monthly,,0.0,0,2026-05-29 00:00:00 UTC,2026-06-15,,,,,1,card,,,,,,,,,,,,,,
DEMOPID001009==,Acme Pro,Drew Dubois,drew.dubois122@example.com,drew.dubois122@example.com,0,2025-11-15,2025-11-15 13:27:23 +0000,49.0,0.0,,0.0,49.0,4.63,44.37,0.0,,,,,,Italy,direct,0,0.0,0,0,0,0,(Business),,1,0,0,demoPID,105088,,{},49.0,,,,1,monthly,,0.0,0,,,,,,,1,card,,,,,,,,,,,,,,
DEMOPID000254==,Acme Pro,Skyler Tanaka,skyler.tanaka41@example.com,skyler.tanaka41@example.com,0,2025-11-15,2025-11-15 20:41:21 +0000,19.0,0.0,,0.0,19.0,19.00,0.00,0.0,,,,,,Australia,direct,1,0.0,1,0,0,1,(Startup),,0,0,0,demoPID,101291,,{},19.0,,,,1,monthly,,0.0,0,,,,,,,1,card,,,,,,,,,,,,,,
DEMOPID000420==,Acme Pro,Robin Lee,robin.lee63@example.com,robin.lee63@example.com,0,2025-11-16,2025-11-16 11:20:26 +0000,41.6,0.0,,0.0,41.6,5.27,36.38,0.0,,,,,,Australia,direct,0,0.0,0,0,0,0,(Business),welcome15,1,0,0,demoPID,102155,,{},49.0,,,,1,monthly,,0.0,0,,,,,,,1,card,,,,,,,,,,,,,,
DEMOPID000749==,Acme Pro,Reese Garcia,reese.garcia98@example.com,reese.garcia98@example.com,0,2025-11-17,2025-11-17 04:06:24 +0000,49.0,0.0,,0.0,49.0,5.84,43.16,0.0,,,,,,Canada,direct,0,0.0,0,0,0,0,(Business),,1,0,0,demoPID,103749,,{},49.0,,,,1,monthly,,0.0,0,,,,,,,1,card,,,,,,,,,,,,,,
DEMOPID000296==,Acme Pro,Parker Rossi,parker.rossi47@example.com,parker.rossi47@example.com,0,2025-11-17,2025-11-17 10:42:18 +0000,19.0,0.0,,0.0,19.0,1.79,17.21,0.0,,,,,,Brazil,direct,0,0.0,0,0,0,0,(Startup),,1,0,0,demoPID,101512,,{},19.0,,,,1,monthly,,0.0,0,,,,,,,1,card,,,,,,,,,,,,,,
DEMOPID000041==,Acme Pro,Robin Tanaka,robin.tanaka3@example.com,robin.tanaka3@example.com,0,2025-11-17,2025-11-17 21:27:22 +0000,11.4,0.0,,0.0,11.4,1.07,10.33,0.0,,,,,,Italy,direct,0,0.0,0,0,0,0,(Startup),blackfriday,1,0,0,demoPID,100205,,{},19.0,,,,1,monthly,,0.0,0,2026-05-17 00:00:00 UTC,2026-06-17,,,,,1,card,,,,,,,,,,,,,,
DEMOPID001215==,Acme Pro,Rowan Johnson,rowan.johnson150@example.com,rowan.johnson150@example.com,0,2025-11-17,2025-11-17 23:03:59 +0000,36.8,0.0,,0.0,36.8,3.37,33.38,0.0,,,,,,United Kingdom,direct,0,0.0,0,0,0,0,(Business),launch25,1,0,0,demoPID,106103,,{},49.0,,,,1,monthly,,0.0,0,,,,,,,1,card,,,,,,,,,,,,,,
DEMOPID000530==,Acme Pro,Skyler Smith,skyler.smith76@example.com,skyler.smith76@example.com,0,2025-11-18,2025-11-18 12:05:46 +0000,99.0,0.0,,0.0,99.0,9.19,89.81,0.0,,,,,,Germany,direct,0,0.0,0,0,0,0,(Enterprise),,1,0,0,demoPID,102723,,{},99.0,,,,1,monthly,,0.0,0,,,,,,,1,card,,,,,,,,,,,,,,
DEMOPID000987==,Acme Pro,Drew Garcia,drew.garcia119@example.com,drew.garcia119@example.com,0,2025-11-18,2025-11-18 20:27:52 +0000,19.0,0.0,,0.0,19.0,2.02,16.98,0.0,,,,,,Germany,direct,0,0.0,0,0,0,0,(Startup),,1,0,0,demoPID,104964,,{},19.0,,,,1,monthly,,0.0,0,2026-05-21 00:00:00 UTC,2026-06-18,,,,,1,card,,,,,,,,,,,,,,
DEMOPID001042==,Acme Pro,Cameron Rossi,cameron.rossi130@example.com,cameron.rossi130@example.com,0,2025-11-19,2025-11-19 01:35:24 +0000,19.0,0.0,,0.0,19.0,2.46,16.54,0.0,,,,,,Poland,direct,0,0.0,0,0,0,0,(Startup),,1,0,0,demoPID,105250,,{},19.0,,,,1,monthly,,0.0,0,2026-05-29 00:00:00 UTC,2026-06-19,,,,,1,card,,,,,,,,,,,,,,
DEMOPID000955==,Acme Pro,Sam Costa,sam.costa115@example.com,sam.costa115@example.com,0,2025-11-19,2025-11-19 08:30:40 +0000,49.0,0.0,,0.0,49.0,5.43,43.57,0.0,,,,,,Sweden,direct,0,0.0,0,0,0,0,(Business),,1,0,0,demoPID,104796,,{},49.0,,,,1,monthly,,0.0,0,,,,,,,1,card,,,,,,,,,,,,,,
DEMOPID001431==,Acme Pro,Drew Tanaka,drew.tanaka184@example.com,drew.tanaka184@example.com,0,2025-11-19,2025-11-19 16:27:18 +0000,72.0,0.0,,0.0,72.0,8.90,63.10,0.0,,,,,,India,direct,0,0.0,0,0,0,0,(Personal),friend20,1,0,0,demoPID,107183,,{},90.0,,,,1,yearly,,0.0,0,,,,,,,1,card,,,,,,,,,,,,,,
DEMOPID000594==,Acme Pro,Hayden Nguyen,hayden.nguyen82@example.com,hayden.nguyen82@example.com,0,2025-11-20,2025-11-20 02:17:24 +0000,5.4,0.0,,0.0,5.4,0.59,4.81,0.0,,,,,,Brazil,direct,0,0.0,0,0,0,0,(Personal),blackfriday,1,0,0,demoPID,103024,,{},9.0,,,,1,monthly,,0.0,0,,,,,,,1,card,,,,,,,,,,,,,,
DEMOPID001359==,Acme Pro,Emerson Garcia,emerson.garcia171@example.com,emerson.garcia171@example.com,0,2025-11-20,2025-11-20 09:41:10 +0000,19.0,0.0,,0.0,19.0,1.91,17.09,0.0,,,,,,Spain,direct,0,0.0,0,0,0,0,(Startup),,1,0,0,demoPID,106835,,{},19.0,,,,1,monthly,,0.0,0,,,,,,,1,card,,,,,,,,,,,,,,
DEMOPID000315==,Acme Pro,Reese Schmidt,reese.schmidt50@example.com,reese.schmidt50@example.com,0,2025-11-21,2025-11-21 05:49:08 +0000,19.0,0.0,,0.0,19.0,2.20,16.80,0.0,,,,,,Poland,direct,0,0.0,0,0,0,0,(Startup),,0,0,0,demoPID,101623,,{},19.0,,,,1,monthly,,0.0,0,2026-05-23 00:00:00 UTC,2026-06-21,,,,,1,card,,,,,,,,,,,,,,
DEMOPID000148==,Acme Pro,Morgan Andersson,morgan.andersson18@example.com,morgan.andersson18@example.com,0,2025-11-21,2025-11-21 19:47:52 +0000,19.0,0.0,,0.0,19.0,2.31,16.69,0.0,,,,,,United Kingdom,direct,0,0.0,0,0,0,0,(Startup),,1,0,0,demoPID,100715,,{},19.0,,,,1,monthly,,0.0,0,,,,,,,1,card,,,,,,,,,,,,,,
DEMOPID001329==,Acme Pro,Hayden Ferraro,hayden.ferraro169@example.com,hayden.ferraro169@example.com,0,2025-11-22,2025-11-22 09:56:45 +0000,99.0,0.0,,0.0,99.0,11.52,87.48,0.0,,,,,,United States,direct,0,0.0,0,0,0,0,(Enterprise),,1,0,0,demoPID,106656,,{},99.0,,,,1,monthly,,0.0,0,,,,,,,1,card,,,,,,,,,,,,,,
DEMOPID000186==,Acme Pro,Avery Smith,avery.smith24@example.com,avery.smith24@example.com,0,2025-11-22,2025-11-22 13:44:16 +0000,490.0,0.0,,0.0,490.0,56.62,433.38,0.0,,,,,,Italy,direct,0,0.0,0,0,0,0,(Business),,0,0,0,demoPID,100922,,{},490.0,,,,1,yearly,,0.0,0,2026-04-21 00:00:00 UTC,2026-11-22,,,,,1,card,,,,,,,,,,,,,,
DEMOPID000714==,Acme Pro,Casey Costa,casey.costa94@example.com,casey.costa94@example.com,0,2025-11-23,2025-11-23 03:57:16 +0000,49.0,0.0,,0.0,49.0,5.83,43.17,0.0,,,,,,Japan,direct,0,0.0,0,0,0,0,(Business),,1,0,0,demoPID,103574,,{},49.0,,,,1,monthly,,0.0,0,2026-05-29 00:00:00 UTC,2026-06-23,,,,,1,card,,,,,,,,,,,,,,
DEMOPID000472==,Acme Pro,Cameron Lee,cameron.lee67@example.com,cameron.lee67@example.com,0,2025-11-23,2025-11-23 23:29:45 +0000,9.0,0.0,,0.0,9.0,0.82,8.18,0.0,,,,,,France,direct,0,0.0,0,0,0,0,(Personal),,1,0,0,demoPID,102427,,{},9.0,,,,1,monthly,,0.0,0,,,,,,,1,card,,,,,,,,,,,,,,
DEMOPID000382==,Acme Pro,Sam Lee,sam.lee58@example.com,sam.lee58@example.com,0,2025-11-24,2025-11-24 04:30:09 +0000,19.0,0.0,,0.0,19.0,1.88,17.12,0.0,,,,,,India,direct,0,0.0,0,0,0,0,(Startup),,1,0,0,demoPID,101972,,{},19.0,,,,1,monthly,,0.0,0,,,,,,,1,card,,,,,,,,,,,,,,
DEMOPID000916==,Acme Pro,Drew Dubois,drew.dubois111@example.com,drew.dubois111@example.com,0,2025-11-24,2025-11-24 09:22:20 +0000,19.0,0.0,,0.0,19.0,1.84,17.16,0.0,,,,,,Brazil,direct,0,0.0,0,0,0,0,(Startup),,1,0,0,demoPID,104603,,{},19.0,,,,1,monthly,,0.0,0,,,,,,,1,card,,,,,,,,,,,,,,
DEMOPID001451==,Acme Pro,Casey Andersson,casey.andersson189@example.com,casey.andersson189@example.com,0,2025-11-24,2025-11-24 22:42:29 +0000,7.7,0.0,,0.0,7.7,0.97,6.68,0.0,,,,,,Netherlands,direct,0,0.0,0,0,0,0,(Personal),welcome15,1,0,0,demoPID,107309,,{},9.0,,,,1,monthly,,0.0,0,,,,,,,1,card,,,,,,,,,,,,,,
DEMOPID000170==,Acme Pro,Hayden Tanaka,hayden.tanaka20@example.com,hayden.tanaka20@example.com,0,2025-11-25,2025-11-25 00:18:46 +0000,9.0,0.0,,0.0,9.0,0.91,8.09,0.0,,,,,,Netherlands,direct,0,0.0,0,0,0,0,(Personal),,1,0,0,demoPID,100837,,{},9.0,,,,1,monthly,,0.0,0,,,,,,,1,card,,,,,,,,,,,,,,
DEMOPID000777==,Acme Pro,Reese Smith,reese.smith100@example.com,reese.smith100@example.com,0,2025-11-25,2025-11-25 01:09:59 +0000,0.0,0.0,,0.0,0.0,0.00,0.00,0.0,,,,,,Australia,direct,0,0.0,0,0,0,0,(Personal),oss100,1,0,0,demoPID,103891,,{},9.0,,,,1,monthly,,0.0,0,2026-05-29 00:00:00 UTC,2026-06-25,,,,,1,card,,,,,,,,,,,,,,
DEMOPID000515==,Acme Pro,Reese Garcia,reese.garcia70@example.com,reese.garcia70@example.com,0,2025-11-25,2025-11-25 03:49:51 +0000,490.0,0.0,,0.0,490.0,52.71,437.29,0.0,,,,,,Japan,direct,0,0.0,0,0,0,0,(Business),,0,0,0,demoPID,102651,,{},490.0,,,,1,yearly,,0.0,0,,,,,,,1,card,,,,,,,,,,,,,,
DEMOPID000698==,Acme Pro,Jordan Andersson,jordan.andersson92@example.com,jordan.andersson92@example.com,0,2025-11-25,2025-11-25 18:19:10 +0000,49.0,0.0,,0.0,49.0,5.16,43.84,0.0,,,,,,France,direct,0,0.0,0,0,0,0,(Business),,1,0,0,demoPID,103513,,{},49.0,,,,1,monthly,,0.0,0,2026-06-03 00:00:00 UTC,2026-06-25,,,,,1,card,,,,,,,,,,,,,,
DEMOPID000828==,Acme Pro,Cameron Tanaka,cameron.tanaka105@example.com,cameron.tanaka105@example.com,0,2025-11-26,2025-11-26 07:04:16 +0000,19.0,0.0,,0.0,19.0,2.29,16.71,0.0,,,,,,Sweden,direct,0,0.0,0,0,0,0,(Startup),,1,0,0,demoPID,104136,,{},19.0,,,,1,monthly,,0.0,0,2026-05-28 00:00:00 UTC,2026-06-26,,,,,1,card,,,,,,,,,,,,,,
DEMOPID000025==,Acme Pro,Taylor Smith,taylor.smith0@example.com,taylor.smith0@example.com,0,2025-11-26,2025-11-26 13:38:04 +0000,9.0,0.0,,0.0,9.0,1.10,7.90,0.0,,,,,,Japan,direct,0,0.0,0,0,0,0,(Personal),,1,0,0,demoPID,100131,,{},9.0,,,,1,monthly,,0.0,0,,,,,,,1,card,,,,,,,,,,,,,,
DEMOPID000602==,Acme Pro,Cameron Becker,cameron.becker83@example.com,cameron.becker83@example.com,0,2025-11-27,2025-11-27 05:11:15 +0000,490.0,0.0,,0.0,490.0,51.05,438.95,0.0,,,,,,France,direct,0,0.0,0,0,0,0,(Business),,1,0,0,demoPID,103070,,{},490.0,,,,1,yearly,,0.0,0,2026-04-12 00:00:00 UTC,2026-11-27,,,,,1,card,,,,,,,,,,,,,,
DEMOPID000947==,Acme Pro,Drew Andersson,drew.andersson114@example.com,drew.andersson114@example.com,0,2025-11-28,2025-11-28 04:00:31 +0000,99.0,0.0,,0.0,99.0,9.83,89.17,0.0,,,,,,Sweden,direct,0,0.0,0,0,0,0,(Enterprise),,1,0,0,demoPID,104755,,{},99.0,,,,1,monthly,,0.0,0,,,,,,,1,card,,,,,,,,,,,,,,
DEMOPID000610==,Acme Pro,Emerson Rossi,emerson.rossi84@example.com,emerson.rossi84@example.com,0,2025-11-28,2025-11-28 10:08:10 +0000,49.0,0.0,,0.0,49.0,5.07,43.93,0.0,,,,,,Portugal,direct,0,0.0,0,0,0,0,(Business),,1,0,0,demoPID,103098,,{},49.0,,,,1,monthly,,0.0,0,,,,,,,1,card,,,,,,,,,,,,,,
DEMOPID000737==,Acme Pro,Rowan Garcia,rowan.garcia97@example.com,rowan.garcia97@example.com,0,2025-11-28,2025-11-28 11:52:03 +0000,49.0,0.0,,0.0,49.0,6.27,42.73,0.0,,,,,,Netherlands,direct,0,0.0,0,0,0,0,(Business),,1,0,0,demoPID,103688,,{},49.0,,,,1,monthly,,0.0,0,,,,,,,1,card,,,,,,,,,,,,,,
DEMOPID000108==,Acme Pro,Parker Silva,parker.silva16@example.com,parker.silva16@example.com,0,2025-11-28,2025-11-28 12:25:45 +0000,19.0,0.0,,0.0,19.0,2.15,16.85,0.0,,,,,,Poland,direct,0,0.0,0,0,0,0,(Startup),,1,0,0,demoPID,100496,,{},19.0,,,,1,monthly,,0.0,0,2026-05-29 00:00:00 UTC,2026-06-28,,,,,1,card,,,,,,,,,,,,,,
DEMOPID000506==,Acme Pro,Hayden Ortiz,hayden.ortiz68@example.com,hayden.ortiz68@example.com,0,2025-11-28,2025-11-28 15:18:08 +0000,84.2,0.0,,0.0,84.2,9.44,74.71,0.0,,,,,,India,direct,0,0.0,0,0,0,0,(Enterprise),welcome15,1,0,0,demoPID,102608,,{},99.0,,,,1,monthly,,0.0,0,,,,,,,1,card,,,,,,,,,,,,,,
DEMOPID001343==,Acme Pro,Alex Walsh,alex.walsh170@example.com,alex.walsh170@example.com,0,2025-11-29,2025-11-29 03:51:31 +0000,9.0,0.0,,0.0,9.0,0.93,8.07,0.0,,,,,,United States,direct,0,0.0,0,0,0,0,(Personal),,1,0,0,demoPID,106748,,{},9.0,,,,1,monthly,,0.0,0,,,,,,,1,card,,,,,,,,,,,,,,
DEMOPID001249==,Acme Pro,Avery Johnson,avery.johnson154@example.com,avery.johnson154@example.com,0,2025-11-29,2025-11-29 09:04:06 +0000,19.0,0.0,,0.0,19.0,2.39,16.61,0.0,,,,,,Germany,direct,0,0.0,0,0,0,0,(Startup),,1,0,0,demoPID,106271,,{},19.0,,,,1,monthly,,0.0,0,,,,,,,1,card,,,,,,,,,,,,,,
DEMOPID000404==,Acme Pro,Hayden Schmidt,hayden.schmidt62@example.com,hayden.schmidt62@example.com,0,2025-11-29,2025-11-29 20:42:24 +0000,19.0,0.0,,0.0,19.0,2.45,16.55,0.0,,,,,,Australia,direct,0,0.0,0,0,0,0,(Startup),,1,0,0,demoPID,102057,,{},19.0,,,,1,monthly,,0.0,0,2026-05-28 00:00:00 UTC,2026-06-28,,,,,1,card,,,,,,,,,,,,,,
DEMOPID001030==,Acme Pro,Reese Kim,reese.kim128@example.com,reese.kim128@example.com,0,2025-11-29,2025-11-29 20:59:47 +0000,41.6,0.0,,0.0,41.6,4.99,36.66,0.0,,,,,,Italy,direct,0,0.0,0,0,0,0,(Business),welcome15,1,0,0,demoPID,105182,,{},49.0,,,,1,monthly,,0.0,0,2026-05-30 00:00:00 UTC,2026-06-28,,,,,1,card,,,,,,,,,,,,,,
DEMOPID000308==,Acme Pro,Drew Patel,drew.patel49@example.com,drew.patel49@example.com,0,2025-11-29,2025-11-29 22:04:35 +0000,69.3,0.0,,0.0,69.3,8.09,61.21,0.0,,,,,,United Kingdom,direct,0,0.0,0,0,0,0,(Enterprise),earlybird,1,0,0,demoPID,101581,,{},99.0,,,,1,monthly,,0.0,0,,,,,,,1,card,,,,,,,,,,,,,,
DEMOPID001257==,Acme Pro,Quinn Silva,quinn.silva156@example.com,quinn.silva156@example.com,0,2025-11-30,2025-11-30 05:39:59 +0000,9.0,0.0,,0.0,9.0,0.97,8.03,0.0,,,,,,Portugal,direct,0,0.0,0,0,0,0,(Personal),,0,0,0,demoPID,106303,,{},9.0,,,,1,monthly,,0.0,0,,,,,,,1,card,,,,,,,,,,,,,,
DEMOPID001072==,Acme Pro,Robin Muller,robin.muller136@example.com,robin.muller136@example.com,0,2025-11-30,2025-11-30 08:50:04 +0000,19.0,0.0,,0.0,19.0,2.23,16.77,0.0,,,,,,Spain,direct,0,0.0,0,0,0,0,(Startup),,1,0,0,demoPID,105397,,{},19.0,,,,1,monthly,,0.0,0,,,,,,,1,card,,,,,,,,,,,,,,
DEMOPID001302==,Acme Pro,Casey Nguyen,casey.nguyen162@example.com,casey.nguyen162@example.com,0,2025-11-30,2025-11-30 18:03:30 +0000,0.0,0.0,,0.0,0.0,0.00,0.00,0.0,,,,,,Canada,direct,0,0.0,0,0,0,0,(Personal),oss100,1,0,0,demoPID,106536,,{},9.0,,,,1,monthly,,0.0,0,2026-05-28 00:00:00 UTC,2026-06-28,,,,,1,card,,,,,,,,,,,,,,
DEMOPID001294==,Acme Pro,Avery Andersson,avery.andersson161@example.com,avery.andersson161@example.com,0,2025-12-01,2025-12-01 17:39:44 +0000,49.0,0.0,,0.0,49.0,5.97,43.03,0.0,,,,,,Japan,direct,0,0.0,0,0,0,0,(Business),,1,0,0,demoPID,106489,,{},49.0,,,,1,monthly,,0.0,0,2026-06-02 00:00:00 UTC,2026-07-01,,,,,1,card,,,,,,,,,,,,,,
DEMOPID001421==,Acme Pro,Hayden Johnson,hayden.johnson182@example.com,hayden.johnson182@example.com,0,2025-12-02,2025-12-02 01:47:04 +0000,19.0,0.0,,0.0,19.0,1.96,17.04,0.0,,,,,,United States,direct,0,0.0,0,0,0,0,(Startup),,1,0,0,demoPID,107130,,{},19.0,,,,1,monthly,,0.0,0,,,,,,,1,card,,,,,,,,,,,,,,
DEMOPID001266==,Acme Pro,Cameron Muller,cameron.muller157@example.com,cameron.muller157@example.com,0,2025-12-02,2025-12-02 17:07:19 +0000,99.0,0.0,,0.0,99.0,9.46,89.54,0.0,,,,,,Sweden,direct,0,0.0,0,0,0,0,(Enterprise),,1,0,0,demoPID,106346,,{},99.0,,,,1,monthly,,0.0,0,,,,,,,1,card,,,,,,,,,,,,,,
DEMOPID000648==,Acme Pro,Jordan Novak,jordan.novak88@example.com,jordan.novak88@example.com,0,2025-12-03,2025-12-03 04:09:36 +0000,49.0,0.0,,0.0,49.0,4.63,44.37,0.0,,,,,,Italy,direct,0,0.0,0,0,0,0,(Business),,1,0,0,demoPID,103275,,{},49.0,,,,1,monthly,,0.0,0,,,,,,,1,card,,,,,,,,,,,,,,
DEMOPID000881==,Acme Pro,Rowan Ortiz,rowan.ortiz108@example.com,rowan.ortiz108@example.com,0,2025-12-03,2025-12-03 11:22:52 +0000,49.0,0.0,,0.0,49.0,6.20,42.80,0.0,,,,,,United States,direct,0,0.0,0,0,0,0,(Business),,1,0,0,demoPID,104405,,{},49.0,,,,1,monthly,,0.0,0,2026-06-04 00:00:00 UTC,2026-07-03,,,,,1,card,,,,,,,,,,,,,,
DEMOPID000275==,Acme Pro,Jordan Rossi,jordan.rossi42@example.com,jordan.rossi42@example.com,0,2025-12-03,2025-12-03 16:09:53 +0000,16.1,0.0,,0.0,16.1,1.63,14.52,0.0,,,,,,Germany,direct,0,0.0,0,0,0,0,(Startup),welcome15,1,0,0,demoPID,101418,,{},19.0,,,,1,monthly,,0.0,0,,,,,,,1,card,,,,,,,,,,,,,,
DEMOPID001101==,Acme Pro,Sam Ortiz,sam.ortiz141@example.com,sam.ortiz141@example.com,0,2025-12-03,2025-12-03 18:08:05 +0000,0.0,0.0,,0.0,0.0,0.00,0.00,0.0,,,,,,Poland,direct,0,0.0,0,0,0,0,(Personal),maintainer,1,0,0,demoPID,105548,,{},9.0,,,,1,monthly,,0.0,0,2026-06-04 00:00:00 UTC,2026-07-03,,,,,1,card,,,,,,,,,,,,,,
DEMOPID000247==,Acme Pro,Drew Silva,drew.silva40@example.com,drew.silva40@example.com,0,2025-12-04,2025-12-04 01:03:23 +0000,19.0,0.0,,0.0,19.0,2.06,16.94,0.0,,,,,,Germany,direct,0,0.0,0,0,0,0,(Startup),,1,0,0,demoPID,101252,,{},19.0,,,,1,monthly,,0.0,0,,,,,,,1,card,,,,,,,,,,,,,,
DEMOPID001185==,Acme Pro,Sam Lee,sam.lee149@example.com,sam.lee149@example.com,0,2025-12-04,2025-12-04 02:50:34 +0000,19.0,0.0,,0.0,19.0,2.08,16.92,0.0,,,,,,Germany,direct,0,0.0,0,0,0,0,(Startup),,1,0,0,demoPID,105967,,{},19.0,,,,1,monthly,,0.0,0,,,,,,,1,card,,,,,,,,,,,,,,
DEMOPID000844==,Acme Pro,Casey Tanaka,casey.tanaka107@example.com,casey.tanaka107@example.com,0,2025-12-04,2025-12-04 05:14:53 +0000,9.0,0.0,,0.0,9.0,1.12,7.88,0.0,,,,,,Brazil,direct,0,0.0,0,0,0,0,(Personal),,1,0,0,demoPID,104220,,{},9.0,,,,1,monthly,,0.0,0,2026-06-04 00:00:00 UTC,2026-07-04,,,,,1,card,,,,,,,,,,,,,,
DEMOPID000634==,Acme Pro,Morgan Schmidt,morgan.schmidt87@example.com,morgan.schmidt87@example.com,0,2025-12-04,2025-12-04 11:11:28 +0000,99.0,0.0,,0.0,99.0,12.42,86.58,0.0,,,,,,Sweden,direct,0,0.0,0,0,0,0,(Enterprise),,1,0,0,demoPID,103224,,{},99.0,,,,1,monthly,,0.0,0,,,,,,,1,card,,,,,,,,,,,,,,
DEMOPID000811==,Acme Pro,Sam Smith,sam.smith104@example.com,sam.smith104@example.com,0,2025-12-05,2025-12-05 06:20:31 +0000,49.0,0.0,,0.0,49.0,5.62,43.38,0.0,,,,,,Spain,direct,0,0.0,0,0,0,0,(Business),,1,0,0,demoPID,104054,,{},49.0,,,,1,monthly,,0.0,0,,,,,,,1,card,,,,,,,,,,,,,,
DEMOPID000559==,Acme Pro,Alex Nguyen,alex.nguyen81@example.com,alex.nguyen81@example.com,0,2025-12-06,2025-12-06 01:11:14 +0000,14.2,0.0,,0.0,14.2,1.57,12.68,0.0,,,,,,United States,direct,0,0.0,0,0,0,0,(Startup),launch25,1,0,0,demoPID,102830,,{},19.0,,,,1,monthly,,0.0,0,,,,,,,1,card,,,,,,,,,,,,,,
DEMOPID000521==,Acme Pro,Jordan Novak,jordan.novak74@example.com,jordan.novak74@example.com,0,2025-12-06,2025-12-06 17:25:13 +0000,490.0,0.0,,0.0,490.0,60.76,429.24,0.0,,,,,,Australia,direct,0,0.0,0,0,0,0,(Business),,1,0,0,demoPID,102680,,{},490.0,,,,1,yearly,,0.0,0,,,,,,,1,card,,,,,,,,,,,,,,
DEMOPID001058==,Acme Pro,Devin Ortiz,devin.ortiz132@example.com,devin.ortiz132@example.com,0,2025-12-06,2025-12-06 19:38:00 +0000,19.0,0.0,,0.0,19.0,2.05,16.95,0.0,,,,,,Brazil,direct,0,0.0,0,0,0,0,(Startup),,1,0,0,demoPID,105334,,{},19.0,,,,1,monthly,,0.0,0,,,,,,,1,card,,,,,,,,,,,,,,
DEMOPID001064==,Acme Pro,Quinn Ortiz,quinn.ortiz133@example.com,quinn.ortiz133@example.com,0,2025-12-07,2025-12-07 10:23:57 +0000,490.0,0.0,,0.0,490.0,59.16,430.84,0.0,,,,,,India,direct,0,0.0,0,0,0,0,(Business),,0,0,0,demoPID,105355,,{},490.0,,,,1,yearly,,0.0,0,2025-12-16 00:00:00 UTC,2026-12-07,,,,,1,card,,,,,,,,,,,,,,
DEMOPID000225==,Acme Pro,Taylor Rossi,taylor.rossi35@example.com,taylor.rossi35@example.com,0,2025-12-07,2025-12-07 21:53:44 +0000,19.0,0.0,,0.0,19.0,1.73,17.27,0.0,,,,,,Netherlands,direct,0,0.0,0,0,0,0,(Startup),,1,0,0,demoPID,101136,,{},19.0,,,,1,monthly,,0.0,0,,,,,,,1,card,,,,,,,,,,,,,,
DEMOPID001438==,Acme Pro,Cameron Tanaka,cameron.tanaka187@example.com,cameron.tanaka187@example.com,0,2025-12-08,2025-12-08 02:08:08 +0000,190.0,0.0,,0.0,190.0,23.22,166.78,0.0,,,,,,Japan,direct,0,0.0,0,0,0,0,(Startup),,0,0,0,demoPID,107218,,{},190.0,,,,1,yearly,,0.0,0,,,,,,,1,card,,,,,,,,,,,,,,
DEMOPID000091==,Acme Pro,Jamie Patel,jamie.patel15@example.com,jamie.patel15@example.com,0,2025-12-08,2025-12-08 13:24:57 +0000,39.2,0.0,,0.0,39.2,3.63,35.57,0.0,,,,,,Portugal,direct,0,0.0,0,0,0,0,(Business),friend20,1,0,0,demoPID,100427,,{},49.0,,,,1,monthly,,0.0,0,2026-05-18 00:00:00 UTC,2026-06-08,,,,,1,card,,,,,,,,,,,,,,
DEMOPID000070==,Acme Pro,Riley Novak,riley.novak11@example.com,riley.novak11@example.com,0,2025-12-08,2025-12-08 19:27:22 +0000,9.0,0.0,,0.0,9.0,0.82,8.18,0.0,,,,,,France,direct,0,0.0,0,0,0,0,(Personal),,1,0,0,demoPID,100328,,{},9.0,,,,1,monthly,,0.0,0,,,,,,,1,card,,,,,,,,,,,,,,
DEMOPID000058==,Acme Pro,Casey Dubois,casey.dubois7@example.com,casey.dubois7@example.com,0,2025-12-09,2025-12-09 04:17:18 +0000,9.0,0.0,,0.0,9.0,1.08,7.92,0.0,,,,,,Italy,direct,0,0.0,0,0,0,0,(Personal),,1,0,0,demoPID,100291,,{},9.0,,,,1,monthly,,0.0,0,,,,,,,1,card,,,,,,,,,,,,,,
DEMOPID000670==,Acme Pro,Alex Rossi,alex.rossi89@example.com,alex.rossi89@example.com,0,2025-12-09,2025-12-09 04:41:11 +0000,49.0,0.0,,0.0,49.0,5.34,43.66,0.0,,,,,,Poland,direct,0,0.0,0,0,0,0,(Business),,1,0,0,demoPID,103367,,{},49.0,,,,1,monthly,,0.0,0,,,,,,,1,card,,,,,,,,,,,,,,
DEMOPID001149==,Acme Pro,Devin Andersson,devin.andersson147@example.com,devin.andersson147@example.com,0,2025-12-09,2025-12-09 11:03:41 +0000,49.0,0.0,,0.0,49.0,5.54,43.46,0.0,,,,,,Spain,direct,0,0.0,0,0,0,0,(Business),,1,0,0,demoPID,105797,,{},49.0,,,,1,monthly,,0.0,0,,,,,,,1,card,,,,,,,,,,,,,,
DEMOPID000455==,Acme Pro,Morgan Muller,morgan.muller64@example.com,morgan.muller64@example.com,0,2025-12-09,2025-12-09 12:27:11 +0000,19.0,0.0,,0.0,19.0,2.13,16.87,0.0,,,,,,Japan,direct,0,0.0,0,0,0,0,(Startup),,1,0,0,demoPID,102323,,{},19.0,,,,1,monthly,,0.0,0,,,,,,,1,card,,,,,,,,,,,,,,
DEMOPID000798==,Acme Pro,Riley Rossi,riley.rossi103@example.com,riley.rossi103@example.com,0,2025-12-09,2025-12-09 21:19:38 +0000,9.0,0.0,,0.0,9.0,0.85,8.15,0.0,,,,,,Australia,direct,0,0.0,0,0,0,0,(Personal),,1,0,0,demoPID,104005,,{},9.0,,,,1,monthly,,0.0,0,,,,,,,1,card,,,,,,,,,,,,,,
DEMOPID001167==,Acme Pro,Drew Becker,drew.becker148@example.com,drew.becker148@example.com,0,2025-12-10,2025-12-10 02:17:49 +0000,99.0,0.0,,0.0,99.0,9.93,89.07,0.0,,,,,,India,direct,0,0.0,0,0,0,0,(Enterprise),,1,0,0,demoPID,105890,,{},99.0,,,,1,monthly,,0.0,0,,,,,,,1,card,,,,,,,,,,,,,,
DEMOPID001378==,Acme Pro,Rowan Johnson,rowan.johnson173@example.com,rowan.johnson173@example.com,0,2025-12-10,2025-12-10 17:55:15 +0000,0.0,0.0,,0.0,0.0,0.00,0.00,0.0,,,,,,Poland,direct,0,0.0,0,0,0,0,(Business),nonprofit100,0,0,0,demoPID,106914,,{},490.0,,,,1,yearly,,0.0,0,,,,,,,1,card,,,,,,,,,,,,,,
DEMOPID000898==,Acme Pro,Jamie Rossi,jamie.rossi109@example.com,jamie.rossi109@example.com,0,2025-12-11,2025-12-11 10:31:57 +0000,19.0,0.0,,0.0,19.0,1.99,17.01,0.0,,,,,,Portugal,direct,0,0.0,0,0,0,0,(Startup),,1,0,0,demoPID,104507,,{},19.0,,,,1,monthly,,0.0,0,2026-05-23 00:00:00 UTC,2026-06-11,,,,,1,card,,,,,,,,,,,,,,
DEMOPID001317==,Acme Pro,Hayden Smith,hayden.smith164@example.com,hayden.smith164@example.com,0,2025-12-11,2025-12-11 14:14:35 +0000,9.0,0.0,,0.0,9.0,1.06,7.94,0.0,,,,,,Japan,direct,0,0.0,0,0,0,0,(Personal),,1,0,0,demoPID,106598,,{},9.0,,,,1,monthly,,0.0,0,,,,,,,1,card,,,,,,,,,,,,,,
DEMOPID000551==,Acme Pro,Jordan Ferraro,jordan.ferraro80@example.com,jordan.ferraro80@example.com,0,2025-12-12,2025-12-12 03:49:57 +0000,49.0,0.0,,0.0,49.0,5.85,43.15,0.0,,,,,,Australia,direct,0,0.0,0,0,0,0,(Business),,1,0,0,demoPID,102802,,{},49.0,,,,1,monthly,,0.0,0,,,,,,,1,card,,,,,,,,,,,,,,
DEMOPID000686==,Acme Pro,Hayden Silva,hayden.silva91@example.com,hayden.silva91@example.com,0,2025-12-12,2025-12-12 10:23:16 +0000,6.3,0.0,,0.0,6.3,0.67,5.63,0.0,,,,,,Canada,direct,0,0.0,0,0,0,0,(Personal),earlybird,1,0,0,demoPID,103450,,{},9.0,,,,1,monthly,,0.0,0,,,,,,,1,card,,,,,,,,,,,,,,
DEMOPID001126==,Acme Pro,Hayden Kim,hayden.kim145@example.com,hayden.kim145@example.com,0,2025-12-13,2025-12-13 00:09:46 +0000,29.4,0.0,,0.0,29.4,2.73,26.67,0.0,,,,,,Netherlands,direct,0,0.0,0,0,0,0,(Business),blackfriday,1,0,0,demoPID,105663,,{},49.0,,,,1,monthly,,0.0,0,,,,,,,1,card,,,,,,,,,,,,,,
DEMOPID001240==,Acme Pro,Drew Nguyen,drew.nguyen152@example.com,drew.nguyen152@example.com,0,2025-12-13,2025-12-13 02:39:56 +0000,9.0,0.0,,0.0,9.0,1.09,7.91,0.0,,,,,,Italy,direct,0,0.0,0,0,0,0,(Personal),,1,0,0,demoPID,106215,,{},9.0,,,,1,monthly,,0.0,0,,,,,,,1,card,,,,,,,,,,,,,,
DEMOPID000205==,Acme Pro,Skyler Kim,skyler.kim30@example.com,skyler.kim30@example.com,0,2025-12-13,2025-12-13 10:15:08 +0000,19.0,0.0,,0.0,19.0,1.75,17.25,0.0,,,,,,India,direct,0,0.0,0,0,0,0,(Startup),,1,0,0,demoPID,101024,,{},19.0,,,,1,monthly,,0.0,0,,,,,,,1,card,,,,,,,,,,,,,,
DEMOPID000679==,Acme Pro,Robin Ferraro,robin.ferraro90@example.com,robin.ferraro90@example.com,0,2025-12-13,2025-12-13 23:01:41 +0000,49.0,0.0,,0.0,49.0,5.74,43.26,0.0,,,,,,India,direct,0,0.0,0,0,0,0,(Business),,1,0,0,demoPID,103409,,{},49.0,,,,1,monthly,,0.0,0,,,,,,,1,card,,,,,,,,,,,,,,
DEMOPID001372==,Acme Pro,Alex Johnson,alex.johnson172@example.com,alex.johnson172@example.com,0,2025-12-14,2025-12-14 03:11:13 +0000,99.0,0.0,,0.0,99.0,9.77,89.23,0.0,,,,,,Poland,direct,0,0.0,0,0,0,0,(Enterprise),,1,0,0,demoPID,106889,,{},99.0,,,,1,monthly,,0.0,0,2026-06-04 00:00:00 UTC,2026-06-14,,,,,1,card,,,,,,,,,,,,,,
DEMOPID000347==,Acme Pro,Morgan Ortiz,morgan.ortiz51@example.com,morgan.ortiz51@example.com,0,2025-12-14,2025-12-14 04:38:57 +0000,99.0,0.0,,0.0,99.0,10.97,88.03,0.0,,,,,,Japan,direct,0,0.0,0,0,0,0,(Enterprise),,1,0,0,demoPID,101795,,{},99.0,,,,1,monthly,,0.0,0,2026-05-15 00:00:00 UTC,2026-06-14,,,,,1,card,,,,,,,,,,,,,,
DEMOPID000964==,Acme Pro,Alex Johnson,alex.johnson117@example.com,alex.johnson117@example.com,0,2025-12-14,2025-12-14 05:34:22 +0000,49.0,0.0,,0.0,49.0,4.78,44.22,0.0,,,,,,Spain,direct,0,0.0,0,0,0,0,(Business),,1,0,0,demoPID,104855,,{},49.0,,,,1,monthly,,0.0,0,,,,,,,1,card,,,,,,,,,,,,,,
DEMOPID000284==,Acme Pro,Cameron Tanaka,cameron.tanaka43@example.com,cameron.tanaka43@example.com,0,2025-12-14,2025-12-14 15:38:34 +0000,4.5,0.0,,0.0,4.5,0.42,4.08,0.0,,,,,,Spain,direct,0,0.0,0,0,0,0,(Personal),student50,1,0,0,demoPID,101469,,{},9.0,,,,1,monthly,,0.0,0,,,,,,,1,card,,,,,,,,,,,,,,
DEMOPID001066==,Acme Pro,Parker Lee,parker.lee134@example.com,parker.lee134@example.com,0,2025-12-14,2025-12-14 23:40:33 +0000,190.0,0.0,,0.0,190.0,17.93,172.07,0.0,,,,,,Portugal,direct,0,0.0,0,0,0,0,(Startup),,1,0,0,demoPID,105365,,{},190.0,,,,1,yearly,,0.0,0,2026-03-08 00:00:00 UTC,2026-12-14,,,,,1,card,,,,,,,,,,,,,,
DEMOPID001010==,Acme Pro,Drew Dubois,drew.dubois122@example.com,drew.dubois122@example.com,0,2025-12-15,2025-12-15 11:38:41 +0000,49.0,0.0,,0.0,49.0,4.78,44.22,0.0,,,,,,Italy,direct,0,0.0,0,0,0,0,(Business),,1,0,0,demoPID,105094,,{},49.0,,,,1,monthly,,0.0,0,,,,,,,1,card,,,,,,,,,,,,,,
DEMOPID001275==,Acme Pro,Robin Novak,robin.novak158@example.com,robin.novak158@example.com,0,2025-12-15,2025-12-15 13:08:53 +0000,49.0,0.0,,0.0,49.0,5.84,43.16,0.0,,,,,,Brazil,direct,0,0.0,0,0,0,0,(Business),,1,0,0,demoPID,106391,,{},49.0,,,,1,monthly,,0.0,0,2026-05-29 00:00:00 UTC,2026-06-15,,,,,1,card,,,,,,,,,,,,,,
DEMOPID000421==,Acme Pro,Robin Lee,robin.lee63@example.com,robin.lee63@example.com,0,2025-12-16,2025-12-16 07:47:09 +0000,41.6,0.0,,0.0,41.6,4.69,36.96,0.0,,,,,,Australia,direct,0,0.0,0,0,0,0,(Business),welcome15,1,0,0,demoPID,102156,,{},49.0,,,,1,monthly,,0.0,0,,,,,,,1,card,,,,,,,,,,,,,,
DEMOPID001132==,Acme Pro,Jamie Becker,jamie.becker146@example.com,jamie.becker146@example.com,0,2025-12-16,2025-12-16 22:05:09 +0000,19.0,0.0,,0.0,19.0,2.15,16.85,0.0,,,,,,Canada,direct,0,0.0,0,0,0,0,(Startup),,0,0,0,demoPID,105699,,{},19.0,,,,1,monthly,,0.0,0,,,,,,,1,card,,,,,,,,,,,,,,
DEMOPID001216==,Acme Pro,Rowan Johnson,rowan.johnson150@example.com,rowan.johnson150@example.com,0,2025-12-17,2025-12-17 00:31:32 +0000,36.8,0.0,,0.0,36.8,3.57,33.18,0.0,,,,,,United Kingdom,direct,0,0.0,0,0,0,0,(Business),launch25,1,0,0,demoPID,106112,,{},49.0,,,,1,monthly,,0.0,0,,,,,,,1,card,,,,,,,,,,,,,,
DEMOPID000750==,Acme Pro,Reese Garcia,reese.garcia98@example.com,reese.garcia98@example.com,0,2025-12-17,2025-12-17 12:26:38 +0000,49.0,0.0,,0.0,49.0,5.40,43.60,0.0,,,,,,Canada,direct,0,0.0,0,0,0,0,(Business),,1,0,0,demoPID,103755,,{},49.0,,,,1,monthly,,0.0,0,,,,,,,1,card,,,,,,,,,,,,,,
DEMOPID000297==,Acme Pro,Parker Rossi,parker.rossi47@example.com,parker.rossi47@example.com,0,2025-12-17,2025-12-17 22:27:10 +0000,19.0,0.0,,0.0,19.0,2.05,16.95,0.0,,,,,,Brazil,direct,0,0.0,0,0,0,0,(Startup),,1,0,0,demoPID,101517,,{},19.0,,,,1,monthly,,0.0,0,,,,,,,1,card,,,,,,,,,,,,,,
DEMOPID000042==,Acme Pro,Robin Tanaka,robin.tanaka3@example.com,robin.tanaka3@example.com,0,2025-12-17,2025-12-17 23:03:43 +0000,11.4,0.0,,0.0,11.4,1.21,10.19,0.0,,,,,,Italy,direct,0,0.0,0,0,0,0,(Startup),blackfriday,1,0,0,demoPID,100212,,{},19.0,,,,1,monthly,,0.0,0,2026-05-17 00:00:00 UTC,2026-06-17,,,,,1,card,,,,,,,,,,,,,,
DEMOPID000531==,Acme Pro,Skyler Smith,skyler.smith76@example.com,skyler.smith76@example.com,0,2025-12-18,2025-12-18 11:56:19 +0000,99.0,0.0,,0.0,99.0,9.32,89.68,0.0,,,,,,Germany,direct,0,0.0,0,0,0,0,(Enterprise),,1,0,0,demoPID,102725,,{},99.0,,,,1,monthly,,0.0,0,,,,,,,1,card,,,,,,,,,,,,,,
DEMOPID000988==,Acme Pro,Drew Garcia,drew.garcia119@example.com,drew.garcia119@example.com,0,2025-12-18,2025-12-18 18:34:13 +0000,19.0,0.0,,0.0,19.0,2.17,16.83,0.0,,,,,,Germany,direct,0,0.0,0,0,0,0,(Startup),,1,0,0,demoPID,104970,,{},19.0,,,,1,monthly,,0.0,0,2026-05-21 00:00:00 UTC,2026-06-18,,,,,1,card,,,,,,,,,,,,,,
DEMOPID001043==,Acme Pro,Cameron Rossi,cameron.rossi130@example.com,cameron.rossi130@example.com,0,2025-12-19,2025-12-19 01:12:18 +0000,19.0,0.0,,0.0,19.0,2.29,16.71,0.0,,,,,,Poland,direct,0,0.0,0,0,0,0,(Startup),,1,0,0,demoPID,105259,,{},19.0,,,,1,monthly,,0.0,0,2026-05-29 00:00:00 UTC,2026-06-19,,,,,1,card,,,,,,,,,,,,,,
DEMOPID001360==,Acme Pro,Emerson Garcia,emerson.garcia171@example.com,emerson.garcia171@example.com,0,2025-12-20,2025-12-20 07:25:15 +0000,19.0,0.0,,0.0,19.0,2.23,16.77,0.0,,,,,,Spain,direct,0,0.0,0,0,0,0,(Startup),,1,0,0,demoPID,106840,,{},19.0,,,,1,monthly,,0.0,0,,,,,,,1,card,,,,,,,,,,,,,,
DEMOPID000595==,Acme Pro,Hayden Nguyen,hayden.nguyen82@example.com,hayden.nguyen82@example.com,0,2025-12-20,2025-12-20 20:56:51 +0000,5.4,0.0,,0.0,5.4,0.58,4.82,0.0,,,,,,Brazil,direct,0,0.0,0,0,0,0,(Personal),blackfriday,1,0,0,demoPID,103027,,{},9.0,,,,1,monthly,,0.0,0,,,,,,,1,card,,,,,,,,,,,,,,
DEMOPID000316==,Acme Pro,Reese Schmidt,reese.schmidt50@example.com,reese.schmidt50@example.com,0,2025-12-21,2025-12-21 01:53:07 +0000,19.0,0.0,,0.0,19.0,2.09,16.91,0.0,,,,,,Poland,direct,0,0.0,0,0,0,0,(Startup),,1,0,0,demoPID,101630,,{},19.0,,,,1,monthly,,0.0,0,2026-05-23 00:00:00 UTC,2026-06-21,,,,,1,card,,,,,,,,,,,,,,
DEMOPID000149==,Acme Pro,Morgan Andersson,morgan.andersson18@example.com,morgan.andersson18@example.com,0,2025-12-21,2025-12-21 14:44:19 +0000,19.0,0.0,,0.0,19.0,2.04,16.96,0.0,,,,,,United Kingdom,direct,0,0.0,0,0,0,0,(Startup),,1,0,0,demoPID,100720,,{},19.0,,,,1,monthly,,0.0,0,,,,,,,1,card,,,,,,,,,,,,,,
DEMOPID001330==,Acme Pro,Hayden Ferraro,hayden.ferraro169@example.com,hayden.ferraro169@example.com,0,2025-12-22,2025-12-22 04:19:45 +0000,99.0,0.0,,0.0,99.0,10.86,88.14,0.0,,,,,,United States,direct,0,0.0,0,0,0,0,(Enterprise),,1,0,0,demoPID,106659,,{},99.0,,,,1,monthly,,0.0,0,,,,,,,1,card,,,,,,,,,,,,,,
DEMOPID000179==,Acme Pro,Casey Andersson,casey.andersson21@example.com,casey.andersson21@example.com,0,2025-12-22,2025-12-22 10:54:43 +0000,90.0,0.0,,0.0,90.0,10.44,79.56,0.0,,,,,,United States,direct,0,0.0,0,0,0,0,(Personal),,1,0,0,demoPID,100893,,{},90.0,,,,1,yearly,,0.0,0,2026-05-05 00:00:00 UTC,2026-12-22,,,,,1,card,,,,,,,,,,,,,,
DEMOPID001080==,Acme Pro,Skyler Schmidt,skyler.schmidt137@example.com,skyler.schmidt137@example.com,0,2025-12-23,2025-12-23 04:17:53 +0000,490.0,0.0,,0.0,490.0,45.40,444.60,0.0,,,,,,Italy,direct,0,0.0,0,0,0,0,(Business),,1,0,0,demoPID,105429,,{},490.0,,,,1,yearly,,0.0,0,,,,,,,1,card,,,,,,,,,,,,,,
DEMOPID000715==,Acme Pro,Casey Costa,casey.costa94@example.com,casey.costa94@example.com,0,2025-12-23,2025-12-23 09:16:29 +0000,49.0,0.0,,0.0,49.0,5.31,43.69,0.0,,,,,,Japan,direct,0,0.0,0,0,0,0,(Business),,1,0,0,demoPID,103578,,{},49.0,,,,1,monthly,,0.0,0,2026-05-29 00:00:00 UTC,2026-06-23,,,,,1,card,,,,,,,,,,,,,,
DEMOPID000473==,Acme Pro,Cameron Lee,cameron.lee67@example.com,cameron.lee67@example.com,0,2025-12-23,2025-12-23 09:53:44 +0000,9.0,0.0,,0.0,9.0,0.97,8.03,0.0,,,,,,France,direct,0,0.0,0,0,0,0,(Personal),,1,0,0,demoPID,102431,,{},9.0,,,,1,monthly,,0.0,0,,,,,,,1,card,,,,,,,,,,,,,,
DEMOPID000383==,Acme Pro,Sam Lee,sam.lee58@example.com,sam.lee58@example.com,0,2025-12-24,2025-12-24 19:23:26 +0000,19.0,0.0,,0.0,19.0,2.28,16.72,0.0,,,,,,India,direct,0,0.0,0,0,0,0,(Startup),,1,0,0,demoPID,101980,,{},19.0,,,,1,monthly,,0.0,0,,,,,,,1,card,,,,,,,,,,,,,,
DEMOPID000917==,Acme Pro,Drew Dubois,drew.dubois111@example.com,drew.dubois111@example.com,0,2025-12-24,2025-12-24 23:28:56 +0000,19.0,0.0,,0.0,19.0,2.08,16.92,0.0,,,,,,Brazil,direct,0,0.0,0,0,0,0,(Startup),,1,0,0,demoPID,104612,,{},19.0,,,,1,monthly,,0.0,0,,,,,,,1,card,,,,,,,,,,,,,,
DEMOPID001452==,Acme Pro,Casey Andersson,casey.andersson189@example.com,casey.andersson189@example.com,0,2025-12-24,2025-12-24 23:45:24 +0000,7.7,0.0,,0.0,7.7,0.96,6.69,0.0,,,,,,Netherlands,direct,0,0.0,0,0,0,0,(Personal),welcome15,1,0,0,demoPID,107312,,{},9.0,,,,1,monthly,,0.0,0,,,,,,,1,card,,,,,,,,,,,,,,
DEMOPID000699==,Acme Pro,Jordan Andersson,jordan.andersson92@example.com,jordan.andersson92@example.com,0,2025-12-25,2025-12-25 09:18:29 +0000,49.0,0.0,,0.0,49.0,6.02,42.98,0.0,,,,,,France,direct,0,0.0,0,0,0,0,(Business),,1,0,0,demoPID,103515,,{},49.0,,,,1,monthly,,0.0,0,2026-06-03 00:00:00 UTC,2026-06-25,,,,,1,card,,,,,,,,,,,,,,
DEMOPID000171==,Acme Pro,Hayden Tanaka,hayden.tanaka20@example.com,hayden.tanaka20@example.com,0,2025-12-25,2025-12-25 18:42:31 +0000,9.0,0.0,,0.0,9.0,1.11,7.89,0.0,,,,,,Netherlands,direct,0,0.0,0,0,0,0,(Personal),,1,0,0,demoPID,100842,,{},9.0,,,,1,monthly,,0.0,0,,,,,,,1,card,,,,,,,,,,,,,,
DEMOPID000778==,Acme Pro,Reese Smith,reese.smith100@example.com,reese.smith100@example.com,0,2025-12-25,2025-12-25 19:03:49 +0000,0.0,0.0,,0.0,0.0,0.00,0.00,0.0,,,,,,Australia,direct,0,0.0,0,0,0,0,(Personal),oss100,1,0,0,demoPID,103897,,{},9.0,,,,1,monthly,,0.0,0,2026-05-29 00:00:00 UTC,2026-06-25,,,,,1,card,,,,,,,,,,,,,,
DEMOPID000026==,Acme Pro,Taylor Smith,taylor.smith0@example.com,taylor.smith0@example.com,0,2025-12-26,2025-12-26 14:33:16 +0000,9.0,0.0,,0.0,9.0,0.95,8.05,0.0,,,,,,Japan,direct,0,0.0,0,0,0,0,(Personal),,1,0,0,demoPID,100138,,{},9.0,,,,1,monthly,,0.0,0,,,,,,,1,card,,,,,,,,,,,,,,
DEMOPID000829==,Acme Pro,Cameron Tanaka,cameron.tanaka105@example.com,cameron.tanaka105@example.com,0,2025-12-26,2025-12-26 21:13:33 +0000,19.0,0.0,,0.0,19.0,1.89,17.11,0.0,,,,,,Sweden,direct,0,0.0,0,0,0,0,(Startup),,1,0,0,demoPID,104142,,{},19.0,,,,1,monthly,,0.0,0,2026-05-28 00:00:00 UTC,2026-06-26,,,,,1,card,,,,,,,,,,,,,,
DEMOPID000076==,Acme Pro,Quinn Becker,quinn.becker12@example.com,quinn.becker12@example.com,0,2025-12-27,2025-12-27 09:25:35 +0000,49.0,0.0,,0.0,49.0,5.62,43.38,0.0,,,,,,Canada,direct,0,0.0,0,0,0,0,(Business),,0,0,0,demoPID,100360,,{},49.0,,,,1,monthly,,0.0,0,,,,,,,1,card,,,,,,,,,,,,,,
DEMOPID000948==,Acme Pro,Drew Andersson,drew.andersson114@example.com,drew.andersson114@example.com,0,2025-12-28,2025-12-28 09:50:51 +0000,99.0,0.0,,0.0,99.0,10.26,88.74,0.0,,,,,,Sweden,direct,0,0.0,0,0,0,0,(Enterprise),,1,0,0,demoPID,104759,,{},99.0,,,,1,monthly,,0.0,0,,,,,,,1,card,,,,,,,,,,,,,,
DEMOPID000738==,Acme Pro,Rowan Garcia,rowan.garcia97@example.com,rowan.garcia97@example.com,0,2025-12-28,2025-12-28 10:35:49 +0000,49.0,0.0,,0.0,49.0,6.06,42.94,0.0,,,,,,Netherlands,direct,0,0.0,0,0,0,0,(Business),,1,0,0,demoPID,103692,,{},49.0,,,,1,monthly,,0.0,0,,,,,,,1,card,,,,,,,,,,,,,,
DEMOPID000507==,Acme Pro,Hayden Ortiz,hayden.ortiz68@example.com,hayden.ortiz68@example.com,0,2025-12-28,2025-12-28 14:39:03 +0000,84.2,0.0,,0.0,84.2,8.63,75.52,0.0,,,,,,India,direct,0,0.0,0,0,0,0,(Enterprise),welcome15,1,0,0,demoPID,102611,,{},99.0,,,,1,monthly,,0.0,0,,,,,,,1,card,,,,,,,,,,,,,,
DEMOPID000611==,Acme Pro,Emerson Rossi,emerson.rossi84@example.com,emerson.rossi84@example.com,0,2025-12-28,2025-12-28 15:41:20 +0000,49.0,0.0,,0.0,49.0,5.96,43.04,0.0,,,,,,Portugal,direct,0,0.0,0,0,0,0,(Business),,1,0,0,demoPID,103105,,{},49.0,,,,1,monthly,,0.0,0,,,,,,,1,card,,,,,,,,,,,,,,
DEMOPID000109==,Acme Pro,Parker Silva,parker.silva16@example.com,parker.silva16@example.com,0,2025-12-28,2025-12-28 22:53:40 +0000,19.0,0.0,,0.0,19.0,1.77,17.23,0.0,,,,,,Poland,direct,0,0.0,0,0,0,0,(Startup),,1,0,0,demoPID,100500,,{},19.0,,,,1,monthly,,0.0,0,2026-05-29 00:00:00 UTC,2026-06-28,,,,,1,card,,,,,,,,,,,,,,
DEMOPID001031==,Acme Pro,Reese Kim,reese.kim128@example.com,reese.kim128@example.com,0,2025-12-29,2025-12-29 06:06:08 +0000,41.6,0.0,,0.0,41.6,4.00,37.65,0.0,,,,,,Italy,direct,0,0.0,0,0,0,0,(Business),welcome15,1,0,0,demoPID,105187,,{},49.0,,,,1,monthly,,0.0,0,2026-05-30 00:00:00 UTC,2026-06-28,,,,,1,card,,,,,,,,,,,,,,
DEMOPID001344==,Acme Pro,Alex Walsh,alex.walsh170@example.com,alex.walsh170@example.com,0,2025-12-29,2025-12-29 06:21:31 +0000,9.0,0.0,,0.0,9.0,1.06,7.94,0.0,,,,,,United States,direct,0,0.0,0,0,0,0,(Personal),,1,0,0,demoPID,106750,,{},9.0,,,,1,monthly,,0.0,0,,,,,,,1,card,,,,,,,,,,,,,,
DEMOPID000309==,Acme Pro,Drew Patel,drew.patel49@example.com,drew.patel49@example.com,0,2025-12-29,2025-12-29 09:54:10 +0000,69.3,0.0,,0.0,69.3,7.04,62.26,0.0,,,,,,United Kingdom,direct,0,0.0,0,0,0,0,(Enterprise),earlybird,1,0,0,demoPID,101590,,{},99.0,,,,1,monthly,,0.0,0,,,,,,,1,card,,,,,,,,,,,,,,
DEMOPID000405==,Acme Pro,Hayden Schmidt,hayden.schmidt62@example.com,hayden.schmidt62@example.com,0,2025-12-29,2025-12-29 13:26:09 +0000,19.0,0.0,,0.0,19.0,1.95,17.05,0.0,,,,,,Australia,direct,0,0.0,0,0,0,0,(Startup),,1,0,0,demoPID,102066,,{},19.0,,,,1,monthly,,0.0,0,2026-05-28 00:00:00 UTC,2026-06-28,,,,,1,card,,,,,,,,,,,,,,
DEMOPID001250==,Acme Pro,Avery Johnson,avery.johnson154@example.com,avery.johnson154@example.com,0,2025-12-29,2025-12-29 22:09:31 +0000,19.0,0.0,,0.0,19.0,1.92,17.08,0.0,,,,,,Germany,direct,0,0.0,0,0,0,0,(Startup),,1,0,0,demoPID,106274,,{},19.0,,,,1,monthly,,0.0,0,,,,,,,1,card,,,,,,,,,,,,,,
DEMOPID001303==,Acme Pro,Casey Nguyen,casey.nguyen162@example.com,casey.nguyen162@example.com,0,2025-12-30,2025-12-30 08:02:04 +0000,0.0,0.0,,0.0,0.0,0.00,0.00,0.0,,,,,,Canada,direct,0,0.0,0,0,0,0,(Personal),oss100,1,0,0,demoPID,106538,,{},9.0,,,,1,monthly,,0.0,0,2026-05-28 00:00:00 UTC,2026-06-28,,,,,1,card,,,,,,,,,,,,,,
DEMOPID001258==,Acme Pro,Quinn Silva,quinn.silva156@example.com,quinn.silva156@example.com,0,2025-12-30,2025-12-30 09:11:11 +0000,9.0,0.0,,0.0,9.0,1.07,7.93,0.0,,,,,,Portugal,direct,0,0.0,0,0,0,0,(Personal),,1,0,0,demoPID,106306,,{},9.0,,,,1,monthly,,0.0,0,,,,,,,1,card,,,,,,,,,,,,,,
DEMOPID001073==,Acme Pro,Robin Muller,robin.muller136@example.com,robin.muller136@example.com,0,2025-12-30,2025-12-30 17:20:49 +0000,19.0,0.0,,0.0,19.0,1.94,17.06,0.0,,,,,,Spain,direct,0,0.0,0,0,0,0,(Startup),,1,0,0,demoPID,105402,,{},19.0,,,,1,monthly,,0.0,0,,,,,,,1,card,,,,,,,,,,,,,,
DEMOPID001393==,Acme Pro,Skyler Lee,skyler.lee181@example.com,skyler.lee181@example.com,0,2025-12-31,2025-12-31 08:04:06 +0000,190.0,0.0,,0.0,190.0,22.69,167.31,0.0,,,,,,United States,direct,0,0.0,0,0,0,0,(Startup),,0,0,0,demoPID,106998,,{},190.0,,,,1,yearly,,0.0,0,,,,,,,1,card,,,,,,,,,,,,,,
DEMOPID001282==,Acme Pro,Cameron Johnson,cameron.johnson159@example.com,cameron.johnson159@example.com,0,2025-12-31,2025-12-31 21:57:18 +0000,490.0,0.0,,0.0,490.0,46.53,443.47,0.0,,,,,,Poland,direct,0,0.0,0,0,0,0,(Business),,1,0,0,demoPID,106426,,{},490.0,,,,1,yearly,,0.0,0,,,,,,,1,card,,,,,,,,,,,,,,
DEMOPID001295==,Acme Pro,Avery Andersson,avery.andersson161@example.com,avery.andersson161@example.com,0,2026-01-01,2026-01-01 22:35:44 +0000,49.0,0.0,,0.0,49.0,6.07,42.93,0.0,,,,,,Japan,direct,0,0.0,0,0,0,0,(Business),,1,0,0,demoPID,106498,,{},49.0,,,,1,monthly,,0.0,0,2026-06-02 00:00:00 UTC,2026-07-01,,,,,1,card,,,,,,,,,,,,,,
DEMOPID001267==,Acme Pro,Cameron Muller,cameron.muller157@example.com,cameron.muller157@example.com,0,2026-01-02,2026-01-02 07:28:22 +0000,99.0,0.0,,0.0,99.0,10.50,88.50,0.0,,,,,,Sweden,direct,0,0.0,0,0,0,0,(Enterprise),,1,0,0,demoPID,106347,,{},99.0,,,,1,monthly,,0.0,0,,,,,,,1,card,,,,,,,,,,,,,,
DEMOPID001422==,Acme Pro,Hayden Johnson,hayden.johnson182@example.com,hayden.johnson182@example.com,0,2026-01-02,2026-01-02 12:05:25 +0000,19.0,0.0,,0.0,19.0,2.43,16.57,0.0,,,,,,United States,direct,0,0.0,0,0,0,0,(Startup),,1,0,0,demoPID,107139,,{},19.0,,,,1,monthly,,0.0,0,,,,,,,1,card,,,,,,,,,,,,,,
DEMOPID001102==,Acme Pro,Sam Ortiz,sam.ortiz141@example.com,sam.ortiz141@example.com,0,2026-01-03,2026-01-03 03:29:19 +0000,0.0,0.0,,0.0,0.0,0.00,0.00,0.0,,,,,,Poland,direct,0,0.0,0,0,0,0,(Personal),maintainer,1,0,0,demoPID,105556,,{},9.0,,,,1,monthly,,0.0,0,2026-06-04 00:00:00 UTC,2026-07-03,,,,,1,card,,,,,,,,,,,,,,
DEMOPID001387==,Acme Pro,Emerson Nguyen,emerson.nguyen178@example.com,emerson.nguyen178@example.com,0,2026-01-03,2026-01-03 05:03:25 +0000,990.0,0.0,,0.0,990.0,99.47,890.53,0.0,,,,,,United States,direct,0,0.0,0,0,0,0,(Enterprise),,0,0,0,demoPID,106961,,{},990.0,,,,1,yearly,,0.0,0,,,,,,,1,card,,,,,,,,,,,,,,
DEMOPID000882==,Acme Pro,Rowan Ortiz,rowan.ortiz108@example.com,rowan.ortiz108@example.com,0,2026-01-03,2026-01-03 06:29:59 +0000,49.0,0.0,,0.0,49.0,4.85,44.15,0.0,,,,,,United States,direct,0,0.0,0,0,0,0,(Business),,1,0,0,demoPID,104410,,{},49.0,,,,1,monthly,,0.0,0,2026-06-04 00:00:00 UTC,2026-07-03,,,,,1,card,,,,,,,,,,,,,,
DEMOPID000276==,Acme Pro,Jordan Rossi,jordan.rossi42@example.com,jordan.rossi42@example.com,0,2026-01-03,2026-01-03 07:52:28 +0000,16.1,0.0,,0.0,16.1,1.51,14.64,0.0,,,,,,Germany,direct,0,0.0,0,0,0,0,(Startup),welcome15,1,0,0,demoPID,101425,,{},19.0,,,,1,monthly,,0.0,0,,,,,,,1,card,,,,,,,,,,,,,,
DEMOPID000649==,Acme Pro,Jordan Novak,jordan.novak88@example.com,jordan.novak88@example.com,0,2026-01-03,2026-01-03 18:49:06 +0000,49.0,0.0,,0.0,49.0,6.22,42.78,0.0,,,,,,Italy,direct,0,0.0,0,0,0,0,(Business),,1,0,0,demoPID,103277,,{},49.0,,,,1,monthly,,0.0,0,,,,,,,1,card,,,,,,,,,,,,,,
DEMOPID000248==,Acme Pro,Drew Silva,drew.silva40@example.com,drew.silva40@example.com,0,2026-01-04,2026-01-04 02:39:38 +0000,19.0,0.0,,0.0,19.0,1.77,17.23,0.0,,,,,,Germany,direct,0,0.0,0,0,0,0,(Startup),,1,0,0,demoPID,101257,,{},19.0,,,,1,monthly,,0.0,0,,,,,,,1,card,,,,,,,,,,,,,,
DEMOPID001084==,Acme Pro,Devin Kim,devin.kim140@example.com,devin.kim140@example.com,0,2026-01-04,2026-01-04 03:00:19 +0000,0.0,0.0,,0.0,0.0,0.00,0.00,0.0,,,,,,Portugal,direct,0,0.0,0,0,0,0,(Startup),nonprofit100,0,0,0,demoPID,105455,,{},190.0,,,,1,yearly,,0.0,0,,,,,,,1,card,,,,,,,,,,,,,,
DEMOPID001186==,Acme Pro,Sam Lee,sam.lee149@example.com,sam.lee149@example.com,0,2026-01-04,2026-01-04 14:01:02 +0000,19.0,0.0,,0.0,19.0,2.09,16.91,0.0,,,,,,Germany,direct,0,0.0,0,0,0,0,(Startup),,1,0,0,demoPID,105972,,{},19.0,,,,1,monthly,,0.0,0,,,,,,,1,card,,,,,,,,,,,,,,
DEMOPID000635==,Acme Pro,Morgan Schmidt,morgan.schmidt87@example.com,morgan.schmidt87@example.com,0,2026-01-04,2026-01-04 14:16:14 +0000,99.0,0.0,,0.0,99.0,9.95,89.05,0.0,,,,,,Sweden,direct,0,0.0,0,0,0,0,(Enterprise),,1,0,0,demoPID,103225,,{},99.0,,,,1,monthly,,0.0,0,,,,,,,1,card,,,,,,,,,,,,,,
DEMOPID000845==,Acme Pro,Casey Tanaka,casey.tanaka107@example.com,casey.tanaka107@example.com,0,2026-01-04,2026-01-04 18:52:49 +0000,9.0,0.0,,0.0,9.0,1.03,7.97,0.0,,,,,,Brazil,direct,0,0.0,0,0,0,0,(Personal),,1,0,0,demoPID,104227,,{},9.0,,,,1,monthly,,0.0,0,2026-06-04 00:00:00 UTC,2026-07-04,,,,,1,card,,,,,,,,,,,,,,
DEMOPID000812==,Acme Pro,Sam Smith,sam.smith104@example.com,sam.smith104@example.com,0,2026-01-05,2026-01-05 21:19:44 +0000,49.0,0.0,,0.0,49.0,5.05,43.95,0.0,,,,,,Spain,direct,0,0.0,0,0,0,0,(Business),,1,0,0,demoPID,104062,,{},49.0,,,,1,monthly,,0.0,0,,,,,,,1,card,,,,,,,,,,,,,,
DEMOPID001059==,Acme Pro,Devin Ortiz,devin.ortiz132@example.com,devin.ortiz132@example.com,0,2026-01-06,2026-01-06 08:39:40 +0000,19.0,0.0,,0.0,19.0,2.38,16.62,0.0,,,,,,Brazil,direct,0,0.0,0,0,0,0,(Startup),,1,0,0,demoPID,105338,,{},19.0,,,,1,monthly,,0.0,0,,,,,,,1,card,,,,,,,,,,,,,,
DEMOPID000560==,Acme Pro,Alex Nguyen,alex.nguyen81@example.com,alex.nguyen81@example.com,0,2026-01-06,2026-01-06 12:04:56 +0000,14.2,0.0,,0.0,14.2,1.84,12.41,0.0,,,,,,United States,direct,0,0.0,0,0,0,0,(Startup),launch25,1,0,0,demoPID,102839,,{},19.0,,,,1,monthly,,0.0,0,,,,,,,1,card,,,,,,,,,,,,,,
DEMOPID000294==,Acme Pro,Drew Kim,drew.kim46@example.com,drew.kim46@example.com,0,2026-01-06,2026-01-06 12:47:28 +0000,190.0,0.0,,0.0,190.0,20.42,169.58,0.0,,,,,,Australia,direct,0,0.0,0,0,0,0,(Startup),,1,0,0,demoPID,101504,,{},190.0,,,,1,yearly,,0.0,0,2026-04-07 00:00:00 UTC,2027-01-06,,,,,1,card,,,,,,,,,,,,,,
DEMOPID000226==,Acme Pro,Taylor Rossi,taylor.rossi35@example.com,taylor.rossi35@example.com,0,2026-01-07,2026-01-07 08:44:48 +0000,19.0,0.0,,0.0,19.0,1.73,17.27,0.0,,,,,,Netherlands,direct,0,0.0,0,0,0,0,(Startup),,1,0,0,demoPID,101141,,{},19.0,,,,1,monthly,,0.0,0,,,,,,,1,card,,,,,,,,,,,,,,
DEMOPID000048==,Acme Pro,Jamie Silva,jamie.silva4@example.com,jamie.silva4@example.com,0,2026-01-07,2026-01-07 22:46:50 +0000,19.0,0.0,,0.0,19.0,1.93,17.07,0.0,,,,,,Netherlands,direct,0,0.0,0,0,0,0,(Startup),,0,0,0,demoPID,100238,,{},19.0,,,,1,monthly,,0.0,0,2026-05-15 00:00:00 UTC,2026-06-07,,,,,1,card,,,,,,,,,,,,,,
DEMOPID000071==,Acme Pro,Riley Novak,riley.novak11@example.com,riley.novak11@example.com,0,2026-01-08,2026-01-08 16:07:24 +0000,9.0,0.0,,0.0,9.0,0.97,8.03,0.0,,,,,,France,direct,0,0.0,0,0,0,0,(Personal),,1,0,0,demoPID,100334,,{},9.0,,,,1,monthly,,0.0,0,,,,,,,1,card,,,,,,,,,,,,,,
DEMOPID000092==,Acme Pro,Jamie Patel,jamie.patel15@example.com,jamie.patel15@example.com,0,2026-01-08,2026-01-08 18:24:30 +0000,39.2,0.0,,0.0,39.2,4.87,34.33,0.0,,,,,,Portugal,direct,0,0.0,0,0,0,0,(Business),friend20,1,0,0,demoPID,100428,,{},49.0,,,,1,monthly,,0.0,0,2026-05-18 00:00:00 UTC,2026-06-08,,,,,1,card,,,,,,,,,,,,,,
DEMOPID001150==,Acme Pro,Devin Andersson,devin.andersson147@example.com,devin.andersson147@example.com,0,2026-01-09,2026-01-09 03:03:10 +0000,49.0,0.0,,0.0,49.0,5.89,43.11,0.0,,,,,,Spain,direct,0,0.0,0,0,0,0,(Business),,1,0,0,demoPID,105802,,{},49.0,,,,1,monthly,,0.0,0,,,,,,,1,card,,,,,,,,,,,,,,
DEMOPID000059==,Acme Pro,Casey Dubois,casey.dubois7@example.com,casey.dubois7@example.com,0,2026-01-09,2026-01-09 06:43:40 +0000,9.0,0.0,,0.0,9.0,1.07,7.93,0.0,,,,,,Italy,direct,0,0.0,0,0,0,0,(Personal),,1,0,0,demoPID,100295,,{},9.0,,,,1,monthly,,0.0,0,,,,,,,1,card,,,,,,,,,,,,,,
DEMOPID000799==,Acme Pro,Riley Rossi,riley.rossi103@example.com,riley.rossi103@example.com,0,2026-01-09,2026-01-09 14:24:25 +0000,9.0,0.0,,0.0,9.0,0.91,8.09,0.0,,,,,,Australia,direct,0,0.0,0,0,0,0,(Personal),,1,0,0,demoPID,104007,,{},9.0,,,,1,monthly,,0.0,0,,,,,,,1,card,,,,,,,,,,,,,,
DEMOPID000456==,Acme Pro,Morgan Muller,morgan.muller64@example.com,morgan.muller64@example.com,0,2026-01-09,2026-01-09 19:18:51 +0000,19.0,0.0,,0.0,19.0,1.78,17.22,0.0,,,,,,Japan,direct,0,0.0,0,0,0,0,(Startup),,1,0,0,demoPID,102330,,{},19.0,,,,1,monthly,,0.0,0,,,,,,,1,card,,,,,,,,,,,,,,
DEMOPID000671==,Acme Pro,Alex Rossi,alex.rossi89@example.com,alex.rossi89@example.com,0,2026-01-09,2026-01-09 19:51:19 +0000,49.0,0.0,,0.0,49.0,4.85,44.15,0.0,,,,,,Poland,direct,0,0.0,0,0,0,0,(Business),,1,0,0,demoPID,103368,,{},49.0,,,,1,monthly,,0.0,0,,,,,,,1,card,,,,,,,,,,,,,,
DEMOPID001168==,Acme Pro,Drew Becker,drew.becker148@example.com,drew.becker148@example.com,0,2026-01-10,2026-01-10 10:03:16 +0000,99.0,0.0,,0.0,99.0,10.43,88.57,0.0,,,,,,India,direct,0,0.0,0,0,0,0,(Enterprise),,1,0,0,demoPID,105891,,{},99.0,,,,1,monthly,,0.0,0,,,,,,,1,card,,,,,,,,,,,,,,
DEMOPID001083==,Acme Pro,Cameron Nguyen,cameron.nguyen139@example.com,cameron.nguyen139@example.com,0,2026-01-11,2026-01-11 10:59:30 +0000,114.0,0.0,,0.0,114.0,10.96,103.04,0.0,,,,,,France,direct,0,0.0,0,0,0,0,(Startup),blackfriday,1,0,0,demoPID,105446,,{},190.0,,,,1,yearly,,0.0,0,2026-03-03 00:00:00 UTC,2027-01-11,,,,,1,card,,,,,,,,,,,,,,
DEMOPID001318==,Acme Pro,Hayden Smith,hayden.smith164@example.com,hayden.smith164@example.com,0,2026-01-11,2026-01-11 13:12:54 +0000,9.0,0.0,,0.0,9.0,0.91,8.09,0.0,,,,,,Japan,direct,0,0.0,0,0,0,0,(Personal),,1,0,0,demoPID,106605,,{},9.0,,,,1,monthly,,0.0,0,,,,,,,1,card,,,,,,,,,,,,,,
DEMOPID000899==,Acme Pro,Jamie Rossi,jamie.rossi109@example.com,jamie.rossi109@example.com,0,2026-01-11,2026-01-11 16:17:25 +0000,19.0,0.0,,0.0,19.0,2.08,16.92,0.0,,,,,,Portugal,direct,0,0.0,0,0,0,0,(Startup),,1,0,0,demoPID,104512,,{},19.0,,,,1,monthly,,0.0,0,2026-05-23 00:00:00 UTC,2026-06-11,,,,,1,card,,,,,,,,,,,,,,
DEMOPID000687==,Acme Pro,Hayden Silva,hayden.silva91@example.com,hayden.silva91@example.com,0,2026-01-12,2026-01-12 03:30:03 +0000,6.3,0.0,,0.0,6.3,0.68,5.62,0.0,,,,,,Canada,direct,0,0.0,0,0,0,0,(Personal),earlybird,1,0,0,demoPID,103455,,{},9.0,,,,1,monthly,,0.0,0,,,,,,,1,card,,,,,,,,,,,,,,
DEMOPID000552==,Acme Pro,Jordan Ferraro,jordan.ferraro80@example.com,jordan.ferraro80@example.com,0,2026-01-12,2026-01-12 13:17:33 +0000,49.0,0.0,,0.0,49.0,5.07,43.93,0.0,,,,,,Australia,direct,0,0.0,0,0,0,0,(Business),,1,0,0,demoPID,102803,,{},49.0,,,,1,monthly,,0.0,0,,,,,,,1,card,,,,,,,,,,,,,,
DEMOPID001241==,Acme Pro,Drew Nguyen,drew.nguyen152@example.com,drew.nguyen152@example.com,0,2026-01-13,2026-01-13 01:32:58 +0000,9.0,0.0,,0.0,9.0,1.07,7.93,0.0,,,,,,Italy,direct,0,0.0,0,0,0,0,(Personal),,1,0,0,demoPID,106221,,{},9.0,,,,1,monthly,,0.0,0,,,,,,,1,card,,,,,,,,,,,,,,
DEMOPID001127==,Acme Pro,Hayden Kim,hayden.kim145@example.com,hayden.kim145@example.com,0,2026-01-13,2026-01-13 04:05:08 +0000,29.4,0.0,,0.0,29.4,3.42,25.98,0.0,,,,,,Netherlands,direct,0,0.0,0,0,0,0,(Business),blackfriday,1,0,0,demoPID,105671,,{},49.0,,,,1,monthly,,0.0,0,,,,,,,1,card,,,,,,,,,,,,,,
DEMOPID000680==,Acme Pro,Robin Ferraro,robin.ferraro90@example.com,robin.ferraro90@example.com,0,2026-01-13,2026-01-13 08:58:26 +0000,49.0,0.0,,0.0,49.0,6.37,42.63,0.0,,,,,,India,direct,0,0.0,0,0,0,0,(Business),,1,0,0,demoPID,103417,,{},49.0,,,,1,monthly,,0.0,0,,,,,,,1,card,,,,,,,,,,,,,,
DEMOPID000190==,Acme Pro,Rowan Patel,rowan.patel27@example.com,rowan.patel27@example.com,0,2026-01-13,2026-01-13 10:47:26 +0000,490.0,0.0,,0.0,490.0,61.93,428.07,0.0,,,,,,India,direct,0,0.0,0,0,0,0,(Business),,1,0,0,demoPID,100939,,{},490.0,,,,1,yearly,,0.0,0,2026-04-02 00:00:00 UTC,2027-01-13,,,,,1,card,,,,,,,,,,,,,,
DEMOPID000206==,Acme Pro,Skyler Kim,skyler.kim30@example.com,skyler.kim30@example.com,0,2026-01-13,2026-01-13 17:13:37 +0000,19.0,0.0,,0.0,19.0,1.76,17.24,0.0,,,,,,India,direct,0,0.0,0,0,0,0,(Startup),,1,0,0,demoPID,101028,,{},19.0,,,,1,monthly,,0.0,0,,,,,,,1,card,,,,,,,,,,,,,,
DEMOPID001373==,Acme Pro,Alex Johnson,alex.johnson172@example.com,alex.johnson172@example.com,0,2026-01-14,2026-01-14 08:55:37 +0000,99.0,0.0,,0.0,99.0,10.65,88.35,0.0,,,,,,Poland,direct,0,0.0,0,0,0,0,(Enterprise),,1,0,0,demoPID,106894,,{},99.0,,,,1,monthly,,0.0,0,2026-06-04 00:00:00 UTC,2026-06-14,,,,,1,card,,,,,,,,,,,,,,
DEMOPID000965==,Acme Pro,Alex Johnson,alex.johnson117@example.com,alex.johnson117@example.com,0,2026-01-14,2026-01-14 08:55:53 +0000,49.0,0.0,,0.0,49.0,5.85,43.15,0.0,,,,,,Spain,direct,0,0.0,0,0,0,0,(Business),,1,0,0,demoPID,104861,,{},49.0,,,,1,monthly,,0.0,0,,,,,,,1,card,,,,,,,,,,,,,,
DEMOPID000285==,Acme Pro,Cameron Tanaka,cameron.tanaka43@example.com,cameron.tanaka43@example.com,0,2026-01-14,2026-01-14 18:15:45 +0000,4.5,0.0,,0.0,4.5,0.52,3.98,0.0,,,,,,Spain,direct,0,0.0,0,0,0,0,(Personal),student50,1,0,0,demoPID,101470,,{},9.0,,,,1,monthly,,0.0,0,,,,,,,1,card,,,,,,,,,,,,,,
DEMOPID000348==,Acme Pro,Morgan Ortiz,morgan.ortiz51@example.com,morgan.ortiz51@example.com,0,2026-01-14,2026-01-14 19:20:10 +0000,99.0,0.0,,0.0,99.0,9.46,89.54,0.0,,,,,,Japan,direct,0,0.0,0,0,0,0,(Enterprise),,1,0,0,demoPID,101804,,{},99.0,,,,1,monthly,,0.0,0,2026-05-15 00:00:00 UTC,2026-06-14,,,,,1,card,,,,,,,,,,,,,,
DEMOPID001011==,Acme Pro,Drew Dubois,drew.dubois122@example.com,drew.dubois122@example.com,0,2026-01-15,2026-01-15 05:22:39 +0000,49.0,0.0,,0.0,49.0,5.92,43.08,0.0,,,,,,Italy,direct,0,0.0,0,0,0,0,(Business),,1,0,0,demoPID,105095,,{},49.0,,,,1,monthly,,0.0,0,,,,,,,1,card,,,,,,,,,,,,,,
DEMOPID001276==,Acme Pro,Robin Novak,robin.novak158@example.com,robin.novak158@example.com,0,2026-01-15,2026-01-15 09:30:55 +0000,49.0,0.0,,0.0,49.0,4.69,44.31,0.0,,,,,,Brazil,direct,0,0.0,0,0,0,0,(Business),,1,0,0,demoPID,106393,,{},49.0,,,,1,monthly,,0.0,0,2026-05-29 00:00:00 UTC,2026-06-15,,,,,1,card,,,,,,,,,,,,,,
DEMOPID001133==,Acme Pro,Jamie Becker,jamie.becker146@example.com,jamie.becker146@example.com,0,2026-01-16,2026-01-16 08:29:33 +0000,19.0,0.0,,0.0,19.0,2.46,16.54,0.0,,,,,,Canada,direct,0,0.0,0,0,0,0,(Startup),,1,0,0,demoPID,105708,,{},19.0,,,,1,monthly,,0.0,0,,,,,,,1,card,,,,,,,,,,,,,,
DEMOPID000422==,Acme Pro,Robin Lee,robin.lee63@example.com,robin.lee63@example.com,0,2026-01-16,2026-01-16 18:37:46 +0000,41.6,0.0,,0.0,41.6,4.18,37.47,0.0,,,,,,Australia,direct,0,0.0,0,0,0,0,(Business),welcome15,1,0,0,demoPID,102157,,{},49.0,,,,1,monthly,,0.0,0,,,,,,,1,card,,,,,,,,,,,,,,
DEMOPID000298==,Acme Pro,Parker Rossi,parker.rossi47@example.com,parker.rossi47@example.com,0,2026-01-17,2026-01-17 01:46:55 +0000,19.0,0.0,,0.0,19.0,1.98,17.02,0.0,,,,,,Brazil,direct,0,0.0,0,0,0,0,(Startup),,1,0,0,demoPID,101525,,{},19.0,,,,1,monthly,,0.0,0,,,,,,,1,card,,,,,,,,,,,,,,
DEMOPID001217==,Acme Pro,Rowan Johnson,rowan.johnson150@example.com,rowan.johnson150@example.com,0,2026-01-17,2026-01-17 07:46:28 +0000,36.8,0.0,,0.0,36.8,3.41,33.34,0.0,,,,,,United Kingdom,direct,0,0.0,0,0,0,0,(Business),launch25,1,0,0,demoPID,106114,,{},49.0,,,,1,monthly,,0.0,0,,,,,,,1,card,,,,,,,,,,,,,,
DEMOPID000751==,Acme Pro,Reese Garcia,reese.garcia98@example.com,reese.garcia98@example.com,0,2026-01-17,2026-01-17 10:18:28 +0000,49.0,0.0,,0.0,49.0,4.95,44.05,0.0,,,,,,Canada,direct,0,0.0,0,0,0,0,(Business),,1,0,0,demoPID,103759,,{},49.0,,,,1,monthly,,0.0,0,,,,,,,1,card,,,,,,,,,,,,,,
DEMOPID000043==,Acme Pro,Robin Tanaka,robin.tanaka3@example.com,robin.tanaka3@example.com,0,2026-01-17,2026-01-17 23:21:51 +0000,11.4,0.0,,0.0,11.4,1.05,10.35,0.0,,,,,,Italy,direct,0,0.0,0,0,0,0,(Startup),blackfriday,1,0,0,demoPID,100214,,{},19.0,,,,1,monthly,,0.0,0,2026-05-17 00:00:00 UTC,2026-06-17,,,,,1,card,,,,,,,,,,,,,,
DEMOPID000532==,Acme Pro,Skyler Smith,skyler.smith76@example.com,skyler.smith76@example.com,0,2026-01-18,2026-01-18 04:41:43 +0000,99.0,0.0,,0.0,99.0,10.43,88.57,0.0,,,,,,Germany,direct,0,0.0,0,0,0,0,(Enterprise),,1,0,0,demoPID,102728,,{},99.0,,,,1,monthly,,0.0,0,,,,,,,1,card,,,,,,,,,,,,,,
DEMOPID000989==,Acme Pro,Drew Garcia,drew.garcia119@example.com,drew.garcia119@example.com,0,2026-01-18,2026-01-18 23:16:23 +0000,19.0,0.0,,0.0,19.0,2.29,16.71,0.0,,,,,,Germany,direct,0,0.0,0,0,0,0,(Startup),,1,0,0,demoPID,104977,,{},19.0,,,,1,monthly,,0.0,0,2026-05-21 00:00:00 UTC,2026-06-18,,,,,1,card,,,,,,,,,,,,,,
DEMOPID001044==,Acme Pro,Cameron Rossi,cameron.rossi130@example.com,cameron.rossi130@example.com,0,2026-01-19,2026-01-19 09:49:52 +0000,19.0,0.0,,0.0,19.0,2.01,16.99,0.0,,,,,,Poland,direct,0,0.0,0,0,0,0,(Startup),,1,0,0,demoPID,105267,,{},19.0,,,,1,monthly,,0.0,0,2026-05-29 00:00:00 UTC,2026-06-19,,,,,1,card,,,,,,,,,,,,,,
DEMOPID001361==,Acme Pro,Emerson Garcia,emerson.garcia171@example.com,emerson.garcia171@example.com,0,2026-01-20,2026-01-20 00:15:51 +0000,19.0,0.0,,0.0,19.0,1.82,17.18,0.0,,,,,,Spain,direct,0,0.0,0,0,0,0,(Startup),,1,0,0,demoPID,106842,,{},19.0,,,,1,monthly,,0.0,0,,,,,,,1,card,,,,,,,,,,,,,,
DEMOPID000596==,Acme Pro,Hayden Nguyen,hayden.nguyen82@example.com,hayden.nguyen82@example.com,0,2026-01-20,2026-01-20 17:50:01 +0000,5.4,0.0,,0.0,5.4,0.54,4.86,0.0,,,,,,Brazil,direct,0,0.0,0,0,0,0,(Personal),blackfriday,1,0,0,demoPID,103036,,{},9.0,,,,1,monthly,,0.0,0,,,,,,,1,card,,,,,,,,,,,,,,
DEMOPID000317==,Acme Pro,Reese Schmidt,reese.schmidt50@example.com,reese.schmidt50@example.com,0,2026-01-21,2026-01-21 05:10:20 +0000,19.0,0.0,,0.0,19.0,1.83,17.17,0.0,,,,,,Poland,direct,0,0.0,0,0,0,0,(Startup),,1,0,0,demoPID,101639,,{},19.0,,,,1,monthly,,0.0,0,2026-05-23 00:00:00 UTC,2026-06-21,,,,,1,card,,,,,,,,,,,,,,
DEMOPID001323==,Acme Pro,Emerson Garcia,emerson.garcia165@example.com,emerson.garcia165@example.com,0,2026-01-21,2026-01-21 07:53:27 +0000,0.0,0.0,,0.0,0.0,0.00,0.00,0.0,,,,,,Japan,direct,0,0.0,0,0,0,0,(Enterprise),nonprofit100,0,0,0,demoPID,106616,,{},990.0,,,,1,yearly,,0.0,0,,,,,,,1,card,,,,,,,,,,,,,,
DEMOPID000150==,Acme Pro,Morgan Andersson,morgan.andersson18@example.com,morgan.andersson18@example.com,0,2026-01-21,2026-01-21 16:34:31 +0000,19.0,0.0,,0.0,19.0,2.43,16.57,0.0,,,,,,United Kingdom,direct,0,0.0,0,0,0,0,(Startup),,1,0,0,demoPID,100727,,{},19.0,,,,1,monthly,,0.0,0,,,,,,,1,card,,,,,,,,,,,,,,
DEMOPID001331==,Acme Pro,Hayden Ferraro,hayden.ferraro169@example.com,hayden.ferraro169@example.com,0,2026-01-22,2026-01-22 03:36:43 +0000,99.0,0.0,,0.0,99.0,10.84,88.16,0.0,,,,,,United States,direct,0,0.0,0,0,0,0,(Enterprise),,1,0,0,demoPID,106666,,{},99.0,,,,1,monthly,,0.0,0,,,,,,,1,card,,,,,,,,,,,,,,
DEMOPID000392==,Acme Pro,Emerson Lee,emerson.lee60@example.com,emerson.lee60@example.com,0,2026-01-22,2026-01-22 04:49:41 +0000,190.0,0.0,,0.0,190.0,20.21,169.79,0.0,,,,,,United States,direct,0,0.0,0,0,0,0,(Startup),,0,0,0,demoPID,102014,,{},190.0,,,,1,yearly,,0.0,0,2026-01-30 00:00:00 UTC,2027-01-22,,,,,1,card,,,,,,,,,,,,,,
DEMOPID000237==,Acme Pro,Robin Lee,robin.lee38@example.com,robin.lee38@example.com,0,2026-01-22,2026-01-22 09:07:25 +0000,0.0,0.0,,0.0,0.0,0.00,0.00,0.0,,,,,,Netherlands,direct,0,0.0,0,0,0,0,(Business),oss100,0,0,0,demoPID,101194,,{},49.0,,,,1,monthly,,0.0,0,,,,,,,1,card,,,,,,,,,,,,,,
DEMOPID000716==,Acme Pro,Casey Costa,casey.costa94@example.com,casey.costa94@example.com,0,2026-01-23,2026-01-23 05:55:02 +0000,49.0,0.0,,0.0,49.0,4.61,44.39,0.0,,,,,,Japan,direct,0,0.0,0,0,0,0,(Business),,1,0,0,demoPID,103579,,{},49.0,,,,1,monthly,,0.0,0,2026-05-29 00:00:00 UTC,2026-06-23,,,,,1,card,,,,,,,,,,,,,,
DEMOPID000474==,Acme Pro,Cameron Lee,cameron.lee67@example.com,cameron.lee67@example.com,0,2026-01-23,2026-01-23 13:43:31 +0000,9.0,0.0,,0.0,9.0,1.10,7.90,0.0,,,,,,France,direct,0,0.0,0,0,0,0,(Personal),,1,0,0,demoPID,102433,,{},9.0,,,,1,monthly,,0.0,0,,,,,,,1,card,,,,,,,,,,,,,,
DEMOPID001108==,Acme Pro,Robin Andersson,robin.andersson142@example.com,robin.andersson142@example.com,0,2026-01-23,2026-01-23 20:04:50 +0000,49.0,0.0,,0.0,49.0,5.05,43.95,0.0,,,,,,Sweden,direct,0,0.0,0,0,0,0,(Business),,0,0,0,demoPID,105582,,{},49.0,,,,1,monthly,,0.0,0,,,,,,,1,card,,,,,,,,,,,,,,
DEMOPID000918==,Acme Pro,Drew Dubois,drew.dubois111@example.com,drew.dubois111@example.com,0,2026-01-24,2026-01-24 09:29:40 +0000,19.0,0.0,,0.0,19.0,2.00,17.00,0.0,,,,,,Brazil,direct,0,0.0,0,0,0,0,(Startup),,1,0,0,demoPID,104614,,{},19.0,,,,1,monthly,,0.0,0,,,,,,,1,card,,,,,,,,,,,,,,
DEMOPID000384==,Acme Pro,Sam Lee,sam.lee58@example.com,sam.lee58@example.com,0,2026-01-24,2026-01-24 17:51:42 +0000,19.0,0.0,,0.0,19.0,2.40,16.60,0.0,,,,,,India,direct,0,0.0,0,0,0,0,(Startup),,1,0,0,demoPID,101989,,{},19.0,,,,1,monthly,,0.0,0,,,,,,,1,card,,,,,,,,,,,,,,
DEMOPID001453==,Acme Pro,Casey Andersson,casey.andersson189@example.com,casey.andersson189@example.com,0,2026-01-24,2026-01-24 21:41:47 +0000,7.7,0.0,,0.0,7.7,0.94,6.71,0.0,,,,,,Netherlands,direct,0,0.0,0,0,0,0,(Personal),welcome15,1,0,0,demoPID,107319,,{},9.0,,,,1,monthly,,0.0,0,,,,,,,1,card,,,,,,,,,,,,,,
DEMOPID000700==,Acme Pro,Jordan Andersson,jordan.andersson92@example.com,jordan.andersson92@example.com,0,2026-01-25,2026-01-25 10:27:56 +0000,49.0,0.0,,0.0,49.0,5.58,43.42,0.0,,,,,,France,direct,0,0.0,0,0,0,0,(Business),,1,0,0,demoPID,103524,,{},49.0,,,,1,monthly,,0.0,0,2026-06-03 00:00:00 UTC,2026-06-25,,,,,1,card,,,,,,,,,,,,,,
DEMOPID000924==,Acme Pro,Jamie Patel,jamie.patel113@example.com,jamie.patel113@example.com,0,2026-01-25,2026-01-25 12:33:48 +0000,36.8,0.0,,0.0,36.8,3.35,33.40,0.0,,,,,,Japan,direct,0,0.0,0,0,0,0,(Business),launch25,0,0,0,demoPID,104635,,{},49.0,,,,1,monthly,,0.0,0,2026-06-02 00:00:00 UTC,2026-06-25,,,,,1,card,,,,,,,,,,,,,,
DEMOPID000172==,Acme Pro,Hayden Tanaka,hayden.tanaka20@example.com,hayden.tanaka20@example.com,0,2026-01-25,2026-01-25 15:22:21 +0000,9.0,0.0,,0.0,9.0,0.97,8.03,0.0,,,,,,Netherlands,direct,0,0.0,0,0,0,0,(Personal),,1,0,0,demoPID,100845,,{},9.0,,,,1,monthly,,0.0,0,,,,,,,1,card,,,,,,,,,,,,,,
DEMOPID000779==,Acme Pro,Reese Smith,reese.smith100@example.com,reese.smith100@example.com,0,2026-01-25,2026-01-25 15:50:36 +0000,0.0,0.0,,0.0,0.0,0.00,0.00,0.0,,,,,,Australia,direct,0,0.0,0,0,0,0,(Personal),oss100,1,0,0,demoPID,103902,,{},9.0,,,,1,monthly,,0.0,0,2026-05-29 00:00:00 UTC,2026-06-25,,,,,1,card,,,,,,,,,,,,,,
DEMOPID000354==,Acme Pro,Alex Ortiz,alex.ortiz52@example.com,alex.ortiz52@example.com,0,2026-01-25,2026-01-25 21:15:02 +0000,90.0,0.0,,0.0,90.0,8.63,81.37,0.0,,,,,,Sweden,direct,0,0.0,0,0,0,0,(Personal),,1,0,0,demoPID,101839,,{},90.0,,,,1,yearly,,0.0,0,,,,,,,1,card,,,,,,,,,,,,,,
DEMOPID000027==,Acme Pro,Taylor Smith,taylor.smith0@example.com,taylor.smith0@example.com,0,2026-01-26,2026-01-26 00:43:46 +0000,9.0,0.0,,0.0,9.0,1.12,7.88,0.0,,,,,,Japan,direct,0,0.0,0,0,0,0,(Personal),,1,0,0,demoPID,100147,,{},9.0,,,,1,monthly,,0.0,0,,,,,,,1,card,,,,,,,,,,,,,,
DEMOPID000155==,Acme Pro,Skyler Patel,skyler.patel19@example.com,skyler.patel19@example.com,0,2026-01-26,2026-01-26 03:54:10 +0000,99.0,0.0,,0.0,99.0,10.18,88.82,0.0,,,,,,Brazil,direct,0,0.0,0,0,0,0,(Enterprise),,0,0,0,demoPID,100749,,{},99.0,,,,1,monthly,,0.0,0,,,,,,,1,card,,,,,,,,,,,,,,
DEMOPID000830==,Acme Pro,Cameron Tanaka,cameron.tanaka105@example.com,cameron.tanaka105@example.com,0,2026-01-26,2026-01-26 14:56:02 +0000,19.0,0.0,,0.0,19.0,2.00,17.00,0.0,,,,,,Sweden,direct,0,0.0,0,0,0,0,(Startup),,1,0,0,demoPID,104148,,{},19.0,,,,1,monthly,,0.0,0,2026-05-28 00:00:00 UTC,2026-06-26,,,,,1,card,,,,,,,,,,,,,,
DEMOPID000077==,Acme Pro,Quinn Becker,quinn.becker12@example.com,quinn.becker12@example.com,0,2026-01-27,2026-01-27 06:27:50 +0000,49.0,0.0,,0.0,49.0,5.01,43.99,0.0,,,,,,Canada,direct,0,0.0,0,0,0,0,(Business),,1,0,0,demoPID,100361,,{},49.0,,,,1,monthly,,0.0,0,,,,,,,1,card,,,,,,,,,,,,,,
DEMOPID000110==,Acme Pro,Parker Silva,parker.silva16@example.com,parker.silva16@example.com,0,2026-01-28,2026-01-28 09:54:43 +0000,19.0,0.0,,0.0,19.0,1.79,17.21,0.0,,,,,,Poland,direct,0,0.0,0,0,0,0,(Startup),,1,0,0,demoPID,100504,,{},19.0,,,,1,monthly,,0.0,0,2026-05-29 00:00:00 UTC,2026-06-28,,,,,1,card,,,,,,,,,,,,,,
DEMOPID000739==,Acme Pro,Rowan Garcia,rowan.garcia97@example.com,rowan.garcia97@example.com,0,2026-01-28,2026-01-28 11:45:28 +0000,49.0,0.0,,0.0,49.0,5.81,43.19,0.0,,,,,,Netherlands,direct,0,0.0,0,0,0,0,(Business),,1,0,0,demoPID,103700,,{},49.0,,,,1,monthly,,0.0,0,,,,,,,1,card,,,,,,,,,,,,,,
DEMOPID000949==,Acme Pro,Drew Andersson,drew.andersson114@example.com,drew.andersson114@example.com,0,2026-01-28,2026-01-28 14:44:50 +0000,99.0,0.0,,0.0,99.0,12.86,86.14,0.0,,,,,,Sweden,direct,0,0.0,0,0,0,0,(Enterprise),,1,0,0,demoPID,104767,,{},99.0,,,,1,monthly,,0.0,0,,,,,,,1,card,,,,,,,,,,,,,,
DEMOPID000508==,Acme Pro,Hayden Ortiz,hayden.ortiz68@example.com,hayden.ortiz68@example.com,0,2026-01-28,2026-01-28 15:08:12 +0000,84.2,0.0,,0.0,84.2,10.78,73.37,0.0,,,,,,India,direct,0,0.0,0,0,0,0,(Enterprise),welcome15,1,0,0,demoPID,102617,,{},99.0,,,,1,monthly,,0.0,0,,,,,,,1,card,,,,,,,,,,,,,,
DEMOPID000612==,Acme Pro,Emerson Rossi,emerson.rossi84@example.com,emerson.rossi84@example.com,0,2026-01-28,2026-01-28 17:44:56 +0000,49.0,0.0,,0.0,49.0,5.80,43.20,0.0,,,,,,Portugal,direct,0,0.0,0,0,0,0,(Business),,1,0,0,demoPID,103108,,{},49.0,,,,1,monthly,,0.0,0,,,,,,,1,card,,,,,,,,,,,,,,
DEMOPID000310==,Acme Pro,Drew Patel,drew.patel49@example.com,drew.patel49@example.com,0,2026-01-29,2026-01-29 16:14:07 +0000,69.3,0.0,,0.0,69.3,8.44,60.86,0.0,,,,,,United Kingdom,direct,0,0.0,0,0,0,0,(Enterprise),earlybird,1,0,0,demoPID,101593,,{},99.0,,,,1,monthly,,0.0,0,,,,,,,1,card,,,,,,,,,,,,,,
DEMOPID001251==,Acme Pro,Avery Johnson,avery.johnson154@example.com,avery.johnson154@example.com,0,2026-01-29,2026-01-29 16:40:01 +0000,19.0,0.0,,0.0,19.0,2.37,16.63,0.0,,,,,,Germany,direct,0,0.0,0,0,0,0,(Startup),,1,0,0,demoPID,106277,,{},19.0,,,,1,monthly,,0.0,0,,,,,,,1,card,,,,,,,,,,,,,,
DEMOPID000406==,Acme Pro,Hayden Schmidt,hayden.schmidt62@example.com,hayden.schmidt62@example.com,0,2026-01-29,2026-01-29 17:30:15 +0000,19.0,0.0,,0.0,19.0,2.00,17.00,0.0,,,,,,Australia,direct,0,0.0,0,0,0,0,(Startup),,1,0,0,demoPID,102071,,{},19.0,,,,1,monthly,,0.0,0,2026-05-28 00:00:00 UTC,2026-06-28,,,,,1,card,,,,,,,,,,,,,,
DEMOPID001032==,Acme Pro,Reese Kim,reese.kim128@example.com,reese.kim128@example.com,0,2026-01-29,2026-01-29 19:39:17 +0000,41.6,0.0,,0.0,41.6,3.79,37.86,0.0,,,,,,Italy,direct,0,0.0,0,0,0,0,(Business),welcome15,1,0,0,demoPID,105190,,{},49.0,,,,1,monthly,,0.0,0,2026-05-30 00:00:00 UTC,2026-06-28,,,,,1,card,,,,,,,,,,,,,,
DEMOPID000518==,Acme Pro,Quinn Kim,quinn.kim72@example.com,quinn.kim72@example.com,0,2026-01-29,2026-01-29 20:08:44 +0000,90.0,0.0,,0.0,90.0,11.67,78.33,0.0,,,,,,Spain,direct,0,0.0,0,0,0,0,(Personal),,0,0,0,demoPID,102665,,{},90.0,,,,1,yearly,,0.0,0,,,,,,,1,card,,,,,,,,,,,,,,
DEMOPID001345==,Acme Pro,Alex Walsh,alex.walsh170@example.com,alex.walsh170@example.com,0,2026-01-29,2026-01-29 21:21:10 +0000,9.0,0.0,,0.0,9.0,1.10,7.90,0.0,,,,,,United States,direct,0,0.0,0,0,0,0,(Personal),,1,0,0,demoPID,106759,,{},9.0,,,,1,monthly,,0.0,0,,,,,,,1,card,,,,,,,,,,,,,,
DEMOPID001259==,Acme Pro,Quinn Silva,quinn.silva156@example.com,quinn.silva156@example.com,0,2026-01-30,2026-01-30 03:02:20 +0000,9.0,0.0,,0.0,9.0,0.87,8.13,0.0,,,,,,Portugal,direct,0,0.0,0,0,0,0,(Personal),,1,0,0,demoPID,106309,,{},9.0,,,,1,monthly,,0.0,0,,,,,,,1,card,,,,,,,,,,,,,,
DEMOPID001074==,Acme Pro,Robin Muller,robin.muller136@example.com,robin.muller136@example.com,0,2026-01-30,2026-01-30 10:21:25 +0000,19.0,0.0,,0.0,19.0,1.80,17.20,0.0,,,,,,Spain,direct,0,0.0,0,0,0,0,(Startup),,1,0,0,demoPID,105403,,{},19.0,,,,1,monthly,,0.0,0,,,,,,,1,card,,,,,,,,,,,,,,
DEMOPID001304==,Acme Pro,Casey Nguyen,casey.nguyen162@example.com,casey.nguyen162@example.com,0,2026-01-30,2026-01-30 21:00:48 +0000,0.0,0.0,,0.0,0.0,0.00,0.00,0.0,,,,,,Canada,direct,0,0.0,0,0,0,0,(Personal),oss100,1,0,0,demoPID,106543,,{},9.0,,,,1,monthly,,0.0,0,2026-05-28 00:00:00 UTC,2026-06-28,,,,,1,card,,,,,,,,,,,,,,
DEMOPID000211==,Acme Pro,Robin Nguyen,robin.nguyen31@example.com,robin.nguyen31@example.com,0,2026-01-31,2026-01-31 11:32:37 +0000,0.0,0.0,,0.0,0.0,0.00,0.00,0.0,,,,,,Spain,direct,0,0.0,0,0,0,0,(Startup),core-team,0,0,0,demoPID,101049,,{},19.0,,,,1,monthly,,0.0,0,,,,,,,1,card,,,,,,,,,,,,,,
DEMOPID001296==,Acme Pro,Avery Andersson,avery.andersson161@example.com,avery.andersson161@example.com,0,2026-02-01,2026-02-01 02:07:52 +0000,49.0,0.0,,0.0,49.0,5.23,43.77,0.0,,,,,,Japan,direct,0,0.0,0,0,0,0,(Business),,1,0,0,demoPID,106500,,{},49.0,,,,1,monthly,,0.0,0,2026-06-02 00:00:00 UTC,2026-07-01,,,,,1,card,,,,,,,,,,,,,,
DEMOPID000082==,Acme Pro,Jamie Costa,jamie.costa13@example.com,jamie.costa13@example.com,0,2026-02-01,2026-02-01 12:31:25 +0000,9.0,0.0,,0.0,9.0,1.07,7.93,0.0,,,,,,Brazil,direct,0,0.0,0,0,0,0,(Personal),,0,0,0,demoPID,100388,,{},9.0,,,,1,monthly,,0.0,0,,,,,,,1,card,,,,,,,,,,,,,,
DEMOPID001423==,Acme Pro,Hayden Johnson,hayden.johnson182@example.com,hayden.johnson182@example.com,0,2026-02-02,2026-02-02 12:05:01 +0000,19.0,0.0,,0.0,19.0,1.85,17.15,0.0,,,,,,United States,direct,0,0.0,0,0,0,0,(Startup),,1,0,0,demoPID,107144,,{},19.0,,,,1,monthly,,0.0,0,,,,,,,1,card,,,,,,,,,,,,,,
DEMOPID001268==,Acme Pro,Cameron Muller,cameron.muller157@example.com,cameron.muller157@example.com,0,2026-02-02,2026-02-02 19:41:12 +0000,99.0,0.0,,0.0,99.0,10.20,88.80,0.0,,,,,,Sweden,direct,0,0.0,0,0,0,0,(Enterprise),,1,0,0,demoPID,106349,,{},99.0,,,,1,monthly,,0.0,0,,,,,,,1,card,,,,,,,,,,,,,,
DEMOPID000883==,Acme Pro,Rowan Ortiz,rowan.ortiz108@example.com,rowan.ortiz108@example.com,0,2026-02-03,2026-02-03 08:11:26 +0000,49.0,0.0,,0.0,49.0,5.54,43.46,0.0,,,,,,United States,direct,0,0.0,0,0,0,0,(Business),,1,0,0,demoPID,104417,,{},49.0,,,,1,monthly,,0.0,0,2026-06-04 00:00:00 UTC,2026-07-03,,,,,1,card,,,,,,,,,,,,,,
DEMOPID000650==,Acme Pro,Jordan Novak,jordan.novak88@example.com,jordan.novak88@example.com,0,2026-02-03,2026-02-03 11:56:26 +0000,49.0,0.0,,0.0,49.0,6.11,42.89,0.0,,,,,,Italy,direct,0,0.0,0,0,0,0,(Business),,1,0,0,demoPID,103282,,{},49.0,,,,1,monthly,,0.0,0,,,,,,,1,card,,,,,,,,,,,,,,
DEMOPID000277==,Acme Pro,Jordan Rossi,jordan.rossi42@example.com,jordan.rossi42@example.com,0,2026-02-03,2026-02-03 13:03:25 +0000,16.1,0.0,,0.0,16.1,2.05,14.10,0.0,,,,,,Germany,direct,0,0.0,0,0,0,0,(Startup),welcome15,1,0,0,demoPID,101431,,{},19.0,,,,1,monthly,,0.0,0,,,,,,,1,card,,,,,,,,,,,,,,
DEMOPID001103==,Acme Pro,Sam Ortiz,sam.ortiz141@example.com,sam.ortiz141@example.com,0,2026-02-03,2026-02-03 15:14:14 +0000,0.0,0.0,,0.0,0.0,0.00,0.00,0.0,,,,,,Poland,direct,0,0.0,0,0,0,0,(Personal),maintainer,1,0,0,demoPID,105564,,{},9.0,,,,1,monthly,,0.0,0,2026-06-04 00:00:00 UTC,2026-07-03,,,,,1,card,,,,,,,,,,,,,,
DEMOPID001433==,Acme Pro,Devin Smith,devin.smith186@example.com,devin.smith186@example.com,0,2026-02-03,2026-02-03 23:29:48 +0000,49.0,0.0,,0.0,49.0,5.03,43.97,0.0,,,,,,Germany,direct,0,0.0,0,0,0,0,(Business),,0,0,0,demoPID,107194,,{},49.0,,,,1,monthly,,0.0,0,,,,,,,1,card,,,,,,,,,,,,,,
DEMOPID000636==,Acme Pro,Morgan Schmidt,morgan.schmidt87@example.com,morgan.schmidt87@example.com,0,2026-02-04,2026-02-04 04:48:44 +0000,99.0,0.0,,0.0,99.0,11.14,87.86,0.0,,,,,,Sweden,direct,0,0.0,0,0,0,0,(Enterprise),,1,0,0,demoPID,103230,,{},99.0,,,,1,monthly,,0.0,0,,,,,,,1,card,,,,,,,,,,,,,,
DEMOPID000721==,Acme Pro,Jordan Dubois,jordan.dubois95@example.com,jordan.dubois95@example.com,0,2026-02-04,2026-02-04 05:07:08 +0000,19.0,0.0,,0.0,19.0,2.20,16.80,0.0,,,,,,Poland,direct,0,0.0,0,0,0,0,(Startup),,0,0,0,demoPID,103604,,{},19.0,,,,1,monthly,,0.0,0,,,,,,,1,card,,,,,,,,,,,,,,
DEMOPID000846==,Acme Pro,Casey Tanaka,casey.tanaka107@example.com,casey.tanaka107@example.com,0,2026-02-04,2026-02-04 16:16:10 +0000,9.0,0.0,,0.0,9.0,1.03,7.97,0.0,,,,,,Brazil,direct,0,0.0,0,0,0,0,(Personal),,1,0,0,demoPID,104230,,{},9.0,,,,1,monthly,,0.0,0,2026-06-04 00:00:00 UTC,2026-07-04,,,,,1,card,,,,,,,,,,,,,,
DEMOPID000249==,Acme Pro,Drew Silva,drew.silva40@example.com,drew.silva40@example.com,0,2026-02-04,2026-02-04 18:35:50 +0000,19.0,0.0,,0.0,19.0,2.00,17.00,0.0,,,,,,Germany,direct,0,0.0,0,0,0,0,(Startup),,1,0,0,demoPID,101266,,{},19.0,,,,1,monthly,,0.0,0,,,,,,,1,card,,,,,,,,,,,,,,
DEMOPID001115==,Acme Pro,Parker Lee,parker.lee144@example.com,parker.lee144@example.com,0,2026-02-04,2026-02-04 21:09:28 +0000,90.0,0.0,,0.0,90.0,10.83,79.17,0.0,,,,,,Spain,direct,0,0.0,0,0,0,0,(Personal),,1,0,0,demoPID,105610,,{},90.0,,,,1,yearly,,0.0,0,,,,,,,1,card,,,,,,,,,,,,,,
DEMOPID001187==,Acme Pro,Sam Lee,sam.lee149@example.com,sam.lee149@example.com,0,2026-02-04,2026-02-04 23:02:25 +0000,19.0,0.0,,0.0,19.0,1.75,17.25,0.0,,,,,,Germany,direct,0,0.0,0,0,0,0,(Startup),,1,0,0,demoPID,105978,,{},19.0,,,,1,monthly,,0.0,0,,,,,,,1,card,,,,,,,,,,,,,,
DEMOPID000813==,Acme Pro,Sam Smith,sam.smith104@example.com,sam.smith104@example.com,0,2026-02-05,2026-02-05 11:51:20 +0000,49.0,0.0,,0.0,49.0,5.52,43.48,0.0,,,,,,Spain,direct,0,0.0,0,0,0,0,(Business),,1,0,0,demoPID,104065,,{},49.0,,,,1,monthly,,0.0,0,,,,,,,1,card,,,,,,,,,,,,,,
DEMOPID001060==,Acme Pro,Devin Ortiz,devin.ortiz132@example.com,devin.ortiz132@example.com,0,2026-02-06,2026-02-06 06:03:11 +0000,19.0,0.0,,0.0,19.0,2.33,16.67,0.0,,,,,,Brazil,direct,0,0.0,0,0,0,0,(Startup),,1,0,0,demoPID,105347,,{},19.0,,,,1,monthly,,0.0,0,,,,,,,1,card,,,,,,,,,,,,,,
DEMOPID000561==,Acme Pro,Alex Nguyen,alex.nguyen81@example.com,alex.nguyen81@example.com,0,2026-02-06,2026-02-06 09:20:05 +0000,14.2,0.0,,0.0,14.2,1.78,12.47,0.0,,,,,,United States,direct,0,0.0,0,0,0,0,(Startup),launch25,1,0,0,demoPID,102847,,{},19.0,,,,1,monthly,,0.0,0,,,,,,,1,card,,,,,,,,,,,,,,
DEMOPID000213==,Acme Pro,Taylor Tanaka,taylor.tanaka32@example.com,taylor.tanaka32@example.com,0,2026-02-07,2026-02-07 03:31:45 +0000,90.0,0.0,,0.0,90.0,9.63,80.37,0.0,,,,,,Australia,direct,0,0.0,0,0,0,0,(Personal),,1,0,0,demoPID,101064,,{},90.0,,,,1,yearly,,0.0,0,,,,,,,1,card,,,,,,,,,,,,,,
DEMOPID000227==,Acme Pro,Taylor Rossi,taylor.rossi35@example.com,taylor.rossi35@example.com,0,2026-02-07,2026-02-07 11:00:11 +0000,19.0,0.0,,0.0,19.0,2.41,16.59,0.0,,,,,,Netherlands,direct,0,0.0,0,0,0,0,(Startup),,1,0,0,demoPID,101146,,{},19.0,,,,1,monthly,,0.0,0,,,,,,,1,card,,,,,,,,,,,,,,
DEMOPID000049==,Acme Pro,Jamie Silva,jamie.silva4@example.com,jamie.silva4@example.com,0,2026-02-07,2026-02-07 15:09:12 +0000,19.0,0.0,,0.0,19.0,2.21,16.79,0.0,,,,,,Netherlands,direct,0,0.0,0,0,0,0,(Startup),,1,0,0,demoPID,100247,,{},19.0,,,,1,monthly,,0.0,0,2026-05-15 00:00:00 UTC,2026-06-07,,,,,1,card,,,,,,,,,,,,,,
DEMOPID000093==,Acme Pro,Jamie Patel,jamie.patel15@example.com,jamie.patel15@example.com,0,2026-02-08,2026-02-08 09:48:24 +0000,39.2,0.0,,0.0,39.2,5.01,34.19,0.0,,,,,,Portugal,direct,0,0.0,0,0,0,0,(Business),friend20,1,0,0,demoPID,100429,,{},49.0,,,,1,monthly,,0.0,0,2026-05-18 00:00:00 UTC,2026-06-08,,,,,1,card,,,,,,,,,,,,,,
DEMOPID000072==,Acme Pro,Riley Novak,riley.novak11@example.com,riley.novak11@example.com,0,2026-02-08,2026-02-08 22:27:00 +0000,9.0,0.0,,0.0,9.0,0.90,8.10,0.0,,,,,,France,direct,0,0.0,0,0,0,0,(Personal),,1,0,0,demoPID,100338,,{},9.0,,,,1,monthly,,0.0,0,,,,,,,1,card,,,,,,,,,,,,,,
DEMOPID000457==,Acme Pro,Morgan Muller,morgan.muller64@example.com,morgan.muller64@example.com,0,2026-02-09,2026-02-09 02:17:09 +0000,19.0,0.0,,0.0,19.0,2.25,16.75,0.0,,,,,,Japan,direct,0,0.0,0,0,0,0,(Startup),,1,0,0,demoPID,102334,,{},19.0,,,,1,monthly,,0.0,0,,,,,,,1,card,,,,,,,,,,,,,,
DEMOPID000060==,Acme Pro,Casey Dubois,casey.dubois7@example.com,casey.dubois7@example.com,0,2026-02-09,2026-02-09 08:57:58 +0000,9.0,0.0,,0.0,9.0,0.99,8.01,0.0,,,,,,Italy,direct,0,0.0,0,0,0,0,(Personal),,1,0,0,demoPID,100300,,{},9.0,,,,1,monthly,,0.0,0,,,,,,,1,card,,,,,,,,,,,,,,
DEMOPID001151==,Acme Pro,Devin Andersson,devin.andersson147@example.com,devin.andersson147@example.com,0,2026-02-09,2026-02-09 09:30:47 +0000,49.0,0.0,,0.0,49.0,5.19,43.81,0.0,,,,,,Spain,direct,0,0.0,0,0,0,0,(Business),,1,0,0,demoPID,105810,,{},49.0,,,,1,monthly,,0.0,0,,,,,,,1,card,,,,,,,,,,,,,,
DEMOPID000672==,Acme Pro,Alex Rossi,alex.rossi89@example.com,alex.rossi89@example.com,0,2026-02-09,2026-02-09 12:54:22 +0000,49.0,0.0,,0.0,49.0,5.24,43.76,0.0,,,,,,Poland,direct,0,0.0,0,0,0,0,(Business),,1,0,0,demoPID,103373,,{},49.0,,,,1,monthly,,0.0,0,,,,,,,1,card,,,,,,,,,,,,,,
DEMOPID000800==,Acme Pro,Riley Rossi,riley.rossi103@example.com,riley.rossi103@example.com,0,2026-02-09,2026-02-09 17:14:08 +0000,9.0,0.0,,0.0,9.0,0.98,8.02,0.0,,,,,,Australia,direct,0,0.0,0,0,0,0,(Personal),,1,0,0,demoPID,104008,,{},9.0,,,,1,monthly,,0.0,0,,,,,,,1,card,,,,,,,,,,,,,,
DEMOPID001169==,Acme Pro,Drew Becker,drew.becker148@example.com,drew.becker148@example.com,0,2026-02-10,2026-02-10 02:31:59 +0000,99.0,0.0,,0.0,99.0,9.61,89.39,0.0,,,,,,India,direct,0,0.0,0,0,0,0,(Enterprise),,1,0,0,demoPID,105896,,{},99.0,,,,1,monthly,,0.0,0,,,,,,,1,card,,,,,,,,,,,,,,
DEMOPID000900==,Acme Pro,Jamie Rossi,jamie.rossi109@example.com,jamie.rossi109@example.com,0,2026-02-11,2026-02-11 04:03:33 +0000,19.0,0.0,,0.0,19.0,2.28,16.72,0.0,,,,,,Portugal,direct,0,0.0,0,0,0,0,(Startup),,1,0,0,demoPID,104516,,{},19.0,,,,1,monthly,,0.0,0,2026-05-23 00:00:00 UTC,2026-06-11,,,,,1,card,,,,,,,,,,,,,,
DEMOPID001310==,Acme Pro,Avery Walsh,avery.walsh163@example.com,avery.walsh163@example.com,0,2026-02-11,2026-02-11 05:57:48 +0000,190.0,0.0,,0.0,190.0,24.43,165.57,0.0,,,,,,France,direct,0,0.0,0,0,0,0,(Startup),,1,0,0,demoPID,106560,,{},190.0,,,,1,yearly,,0.0,0,,,,,,,1,card,,,,,,,,,,,,,,
DEMOPID001319==,Acme Pro,Hayden Smith,hayden.smith164@example.com,hayden.smith164@example.com,0,2026-02-11,2026-02-11 15:43:23 +0000,9.0,0.0,,0.0,9.0,1.13,7.87,0.0,,,,,,Japan,direct,0,0.0,0,0,0,0,(Personal),,1,0,0,demoPID,106607,,{},9.0,,,,1,monthly,,0.0,0,,,,,,,1,card,,,,,,,,,,,,,,
DEMOPID000688==,Acme Pro,Hayden Silva,hayden.silva91@example.com,hayden.silva91@example.com,0,2026-02-12,2026-02-12 06:32:07 +0000,6.3,0.0,,0.0,6.3,0.69,5.61,0.0,,,,,,Canada,direct,0,0.0,0,0,0,0,(Personal),earlybird,1,0,0,demoPID,103457,,{},9.0,,,,1,monthly,,0.0,0,,,,,,,1,card,,,,,,,,,,,,,,
DEMOPID000553==,Acme Pro,Jordan Ferraro,jordan.ferraro80@example.com,jordan.ferraro80@example.com,0,2026-02-12,2026-02-12 18:40:04 +0000,49.0,0.0,,0.0,49.0,4.93,44.07,0.0,,,,,,Australia,direct,0,0.0,0,0,0,0,(Business),,1,0,0,demoPID,102805,,{},49.0,,,,1,monthly,,0.0,0,,,,,,,1,card,,,,,,,,,,,,,,
DEMOPID000681==,Acme Pro,Robin Ferraro,robin.ferraro90@example.com,robin.ferraro90@example.com,0,2026-02-13,2026-02-13 01:37:45 +0000,49.0,0.0,,0.0,49.0,5.17,43.83,0.0,,,,,,India,direct,0,0.0,0,0,0,0,(Business),,1,0,0,demoPID,103424,,{},49.0,,,,1,monthly,,0.0,0,,,,,,,1,card,,,,,,,,,,,,,,
DEMOPID001242==,Acme Pro,Drew Nguyen,drew.nguyen152@example.com,drew.nguyen152@example.com,0,2026-02-13,2026-02-13 03:24:23 +0000,9.0,0.0,,0.0,9.0,1.13,7.87,0.0,,,,,,Italy,direct,0,0.0,0,0,0,0,(Personal),,1,0,0,demoPID,106227,,{},9.0,,,,1,monthly,,0.0,0,,,,,,,1,card,,,,,,,,,,,,,,
DEMOPID000207==,Acme Pro,Skyler Kim,skyler.kim30@example.com,skyler.kim30@example.com,0,2026-02-13,2026-02-13 07:21:49 +0000,19.0,0.0,,0.0,19.0,2.33,16.67,0.0,,,,,,India,direct,0,0.0,0,0,0,0,(Startup),,1,0,0,demoPID,101032,,{},19.0,,,,1,monthly,,0.0,0,,,,,,,1,card,,,,,,,,,,,,,,
DEMOPID001128==,Acme Pro,Hayden Kim,hayden.kim145@example.com,hayden.kim145@example.com,0,2026-02-13,2026-02-13 22:38:59 +0000,29.4,0.0,,0.0,29.4,3.66,25.74,0.0,,,,,,Netherlands,direct,0,0.0,0,0,0,0,(Business),blackfriday,1,0,0,demoPID,105678,,{},49.0,,,,1,monthly,,0.0,0,,,,,,,1,card,,,,,,,,,,,,,,
DEMOPID000286==,Acme Pro,Cameron Tanaka,cameron.tanaka43@example.com,cameron.tanaka43@example.com,0,2026-02-14,2026-02-14 00:39:22 +0000,4.5,0.0,,0.0,4.5,0.46,4.04,0.0,,,,,,Spain,direct,0,0.0,0,0,0,0,(Personal),student50,1,0,0,demoPID,101473,,{},9.0,,,,1,monthly,,0.0,0,,,,,,,1,card,,,,,,,,,,,,,,
DEMOPID001374==,Acme Pro,Alex Johnson,alex.johnson172@example.com,alex.johnson172@example.com,0,2026-02-14,2026-02-14 11:44:07 +0000,99.0,0.0,,0.0,99.0,10.85,88.15,0.0,,,,,,Poland,direct,0,0.0,0,0,0,0,(Enterprise),,1,0,0,demoPID,106895,,{},99.0,,,,1,monthly,,0.0,0,2026-06-04 00:00:00 UTC,2026-06-14,,,,,1,card,,,,,,,,,,,,,,
DEMOPID000966==,Acme Pro,Alex Johnson,alex.johnson117@example.com,alex.johnson117@example.com,0,2026-02-14,2026-02-14 16:09:28 +0000,49.0,0.0,,0.0,49.0,4.72,44.28,0.0,,,,,,Spain,direct,0,0.0,0,0,0,0,(Business),,1,0,0,demoPID,104870,,{},49.0,,,,1,monthly,,0.0,0,,,,,,,1,card,,,,,,,,,,,,,,
DEMOPID000349==,Acme Pro,Morgan Ortiz,morgan.ortiz51@example.com,morgan.ortiz51@example.com,0,2026-02-14,2026-02-14 23:53:19 +0000,99.0,0.0,,0.0,99.0,12.83,86.17,0.0,,,,,,Japan,direct,0,0.0,0,0,0,0,(Enterprise),,1,0,0,demoPID,101811,,{},99.0,,,,1,monthly,,0.0,0,2026-05-15 00:00:00 UTC,2026-06-14,,,,,1,card,,,,,,,,,,,,,,
DEMOPID001277==,Acme Pro,Robin Novak,robin.novak158@example.com,robin.novak158@example.com,0,2026-02-15,2026-02-15 02:59:37 +0000,49.0,0.0,,0.0,49.0,6.34,42.66,0.0,,,,,,Brazil,direct,0,0.0,0,0,0,0,(Business),,1,0,0,demoPID,106402,,{},49.0,,,,1,monthly,,0.0,0,2026-05-29 00:00:00 UTC,2026-06-15,,,,,1,card,,,,,,,,,,,,,,
DEMOPID001012==,Acme Pro,Drew Dubois,drew.dubois122@example.com,drew.dubois122@example.com,0,2026-02-15,2026-02-15 14:02:59 +0000,49.0,0.0,,0.0,49.0,5.63,43.37,0.0,,,,,,Italy,direct,0,0.0,0,0,0,0,(Business),,1,0,0,demoPID,105103,,{},49.0,,,,1,monthly,,0.0,0,,,,,,,1,card,,,,,,,,,,,,,,
DEMOPID000115==,Acme Pro,Skyler Muller,skyler.muller17@example.com,skyler.muller17@example.com,0,2026-02-15,2026-02-15 23:37:17 +0000,9.0,0.0,,0.0,9.0,0.97,8.03,0.0,,,,,,Netherlands,direct,0,0.0,0,0,0,0,(Personal),,0,0,0,demoPID,100537,,{},9.0,,,,1,monthly,,0.0,0,,,,,,,1,card,,,,,,,,,,,,,,
DEMOPID000423==,Acme Pro,Robin Lee,robin.lee63@example.com,robin.lee63@example.com,0,2026-02-16,2026-02-16 06:21:14 +0000,41.6,0.0,,0.0,41.6,4.24,37.41,0.0,,,,,,Australia,direct,0,0.0,0,0,0,0,(Business),welcome15,1,0,0,demoPID,102164,,{},49.0,,,,1,monthly,,0.0,0,,,,,,,1,card,,,,,,,,,,,,,,
DEMOPID001134==,Acme Pro,Jamie Becker,jamie.becker146@example.com,jamie.becker146@example.com,0,2026-02-16,2026-02-16 19:05:15 +0000,19.0,0.0,,0.0,19.0,2.11,16.89,0.0,,,,,,Canada,direct,0,0.0,0,0,0,0,(Startup),,1,0,0,demoPID,105710,,{},19.0,,,,1,monthly,,0.0,0,,,,,,,1,card,,,,,,,,,,,,,,
DEMOPID000044==,Acme Pro,Robin Tanaka,robin.tanaka3@example.com,robin.tanaka3@example.com,0,2026-02-17,2026-02-17 06:34:28 +0000,11.4,0.0,,0.0,11.4,1.14,10.26,0.0,,,,,,Italy,direct,0,0.0,0,0,0,0,(Startup),blackfriday,1,0,0,demoPID,100216,,{},19.0,,,,1,monthly,,0.0,0,2026-05-17 00:00:00 UTC,2026-06-17,,,,,1,card,,,,,,,,,,,,,,
DEMOPID000299==,Acme Pro,Parker Rossi,parker.rossi47@example.com,parker.rossi47@example.com,0,2026-02-17,2026-02-17 13:17:40 +0000,19.0,0.0,,0.0,19.0,2.18,16.82,0.0,,,,,,Brazil,direct,0,0.0,0,0,0,0,(Startup),,1,0,0,demoPID,101531,,{},19.0,,,,1,monthly,,0.0,0,,,,,,,1,card,,,,,,,,,,,,,,
DEMOPID000752==,Acme Pro,Reese Garcia,reese.garcia98@example.com,reese.garcia98@example.com,0,2026-02-17,2026-02-17 19:44:56 +0000,49.0,0.0,,0.0,49.0,4.68,44.32,0.0,,,,,,Canada,direct,0,0.0,0,0,0,0,(Business),,1,0,0,demoPID,103762,,{},49.0,,,,1,monthly,,0.0,0,,,,,,,1,card,,,,,,,,,,,,,,
DEMOPID001218==,Acme Pro,Rowan Johnson,rowan.johnson150@example.com,rowan.johnson150@example.com,0,2026-02-17,2026-02-17 23:43:57 +0000,36.8,0.0,,0.0,36.8,3.92,32.83,0.0,,,,,,United Kingdom,direct,0,0.0,0,0,0,0,(Business),launch25,1,0,0,demoPID,106120,,{},49.0,,,,1,monthly,,0.0,0,,,,,,,1,card,,,,,,,,,,,,,,
DEMOPID000990==,Acme Pro,Drew Garcia,drew.garcia119@example.com,drew.garcia119@example.com,0,2026-02-18,2026-02-18 12:00:46 +0000,19.0,0.0,,0.0,19.0,2.05,16.95,0.0,,,,,,Germany,direct,0,0.0,0,0,0,0,(Startup),,1,0,0,demoPID,104985,,{},19.0,,,,1,monthly,,0.0,0,2026-05-21 00:00:00 UTC,2026-06-18,,,,,1,card,,,,,,,,,,,,,,
DEMOPID000533==,Acme Pro,Skyler Smith,skyler.smith76@example.com,skyler.smith76@example.com,0,2026-02-18,2026-02-18 18:00:39 +0000,99.0,0.0,,0.0,99.0,9.18,89.82,0.0,,,,,,Germany,direct,0,0.0,0,0,0,0,(Enterprise),,1,0,0,demoPID,102731,,{},99.0,,,,1,monthly,,0.0,0,,,,,,,1,card,,,,,,,,,,,,,,
DEMOPID000182==,Acme Pro,Skyler Silva,skyler.silva23@example.com,skyler.silva23@example.com,0,2026-02-18,2026-02-18 18:43:50 +0000,9.0,0.0,,0.0,9.0,1.00,8.00,0.0,,,,,,Japan,direct,0,0.0,0,0,0,0,(Personal),,0,0,0,demoPID,100904,,{},9.0,,,,1,monthly,,0.0,0,2026-05-22 00:00:00 UTC,2026-06-18,,,,,1,card,,,,,,,,,,,,,,
DEMOPID001045==,Acme Pro,Cameron Rossi,cameron.rossi130@example.com,cameron.rossi130@example.com,0,2026-02-19,2026-02-19 13:18:39 +0000,19.0,0.0,,0.0,19.0,2.06,16.94,0.0,,,,,,Poland,direct,0,0.0,0,0,0,0,(Startup),,1,0,0,demoPID,105272,,{},19.0,,,,1,monthly,,0.0,0,2026-05-29 00:00:00 UTC,2026-06-19,,,,,1,card,,,,,,,,,,,,,,
DEMOPID000597==,Acme Pro,Hayden Nguyen,hayden.nguyen82@example.com,hayden.nguyen82@example.com,0,2026-02-20,2026-02-20 11:30:34 +0000,5.4,0.0,,0.0,5.4,0.65,4.75,0.0,,,,,,Brazil,direct,0,0.0,0,0,0,0,(Personal),blackfriday,1,0,0,demoPID,103043,,{},9.0,,,,1,monthly,,0.0,0,,,,,,,1,card,,,,,,,,,,,,,,
DEMOPID001362==,Acme Pro,Emerson Garcia,emerson.garcia171@example.com,emerson.garcia171@example.com,0,2026-02-20,2026-02-20 17:27:27 +0000,19.0,0.0,,0.0,19.0,2.06,16.94,0.0,,,,,,Spain,direct,0,0.0,0,0,0,0,(Startup),,1,0,0,demoPID,106847,,{},19.0,,,,1,monthly,,0.0,0,,,,,,,1,card,,,,,,,,,,,,,,
DEMOPID000151==,Acme Pro,Morgan Andersson,morgan.andersson18@example.com,morgan.andersson18@example.com,0,2026-02-21,2026-02-21 01:56:27 +0000,19.0,0.0,,0.0,19.0,1.77,17.23,0.0,,,,,,United Kingdom,direct,0,0.0,0,0,0,0,(Startup),,1,0,0,demoPID,100735,,{},19.0,,,,1,monthly,,0.0,0,,,,,,,1,card,,,,,,,,,,,,,,
DEMOPID000318==,Acme Pro,Reese Schmidt,reese.schmidt50@example.com,reese.schmidt50@example.com,0,2026-02-21,2026-02-21 16:57:18 +0000,19.0,0.0,,0.0,19.0,1.97,17.03,0.0,,,,,,Poland,direct,0,0.0,0,0,0,0,(Startup),,1,0,0,demoPID,101643,,{},19.0,,,,1,monthly,,0.0,0,2026-05-23 00:00:00 UTC,2026-06-21,,,,,1,card,,,,,,,,,,,,,,
DEMOPID000835==,Acme Pro,Jordan Becker,jordan.becker106@example.com,jordan.becker106@example.com,0,2026-02-22,2026-02-22 00:32:56 +0000,190.0,0.0,,0.0,190.0,23.84,166.16,0.0,,,,,,Canada,direct,0,0.0,0,0,0,0,(Startup),,0,0,0,demoPID,104178,,{},190.0,,,,1,yearly,,0.0,0,,,,,,,1,card,,,,,,,,,,,,,,
DEMOPID001388==,Acme Pro,Rowan Schmidt,rowan.schmidt179@example.com,rowan.schmidt179@example.com,0,2026-02-22,2026-02-22 15:07:14 +0000,9.0,0.0,,0.0,9.0,1.11,7.89,0.0,,,,,,Spain,direct,0,0.0,0,0,0,0,(Personal),,0,0,0,demoPID,106969,,{},9.0,,,,1,monthly,,0.0,0,,,,,,,1,card,,,,,,,,,,,,,,
DEMOPID001332==,Acme Pro,Hayden Ferraro,hayden.ferraro169@example.com,hayden.ferraro169@example.com,0,2026-02-22,2026-02-22 21:34:36 +0000,99.0,0.0,,0.0,99.0,11.52,87.48,0.0,,,,,,United States,direct,0,0.0,0,0,0,0,(Enterprise),,1,0,0,demoPID,106674,,{},99.0,,,,1,monthly,,0.0,0,,,,,,,1,card,,,,,,,,,,,,,,
DEMOPID000475==,Acme Pro,Cameron Lee,cameron.lee67@example.com,cameron.lee67@example.com,0,2026-02-23,2026-02-23 07:16:42 +0000,9.0,0.0,,0.0,9.0,1.04,7.96,0.0,,,,,,France,direct,0,0.0,0,0,0,0,(Personal),,1,0,0,demoPID,102436,,{},9.0,,,,1,monthly,,0.0,0,,,,,,,1,card,,,,,,,,,,,,,,
DEMOPID001109==,Acme Pro,Robin Andersson,robin.andersson142@example.com,robin.andersson142@example.com,0,2026-02-23,2026-02-23 12:37:26 +0000,49.0,0.0,,0.0,49.0,5.45,43.55,0.0,,,,,,Sweden,direct,0,0.0,0,0,0,0,(Business),,1,0,0,demoPID,105587,,{},49.0,,,,1,monthly,,0.0,0,,,,,,,1,card,,,,,,,,,,,,,,
DEMOPID000717==,Acme Pro,Casey Costa,casey.costa94@example.com,casey.costa94@example.com,0,2026-02-23,2026-02-23 21:20:27 +0000,49.0,0.0,,0.0,49.0,5.12,43.88,0.0,,,,,,Japan,direct,0,0.0,0,0,0,0,(Business),,1,0,0,demoPID,103584,,{},49.0,,,,1,monthly,,0.0,0,2026-05-29 00:00:00 UTC,2026-06-23,,,,,1,card,,,,,,,,,,,,,,
DEMOPID001454==,Acme Pro,Casey Andersson,casey.andersson189@example.com,casey.andersson189@example.com,0,2026-02-24,2026-02-24 05:39:13 +0000,7.7,0.0,,0.0,7.7,0.93,6.72,0.0,,,,,,Netherlands,direct,0,0.0,0,0,0,0,(Personal),welcome15,1,0,0,demoPID,107325,,{},9.0,,,,1,monthly,,0.0,0,,,,,,,1,card,,,,,,,,,,,,,,
DEMOPID000919==,Acme Pro,Drew Dubois,drew.dubois111@example.com,drew.dubois111@example.com,0,2026-02-24,2026-02-24 20:51:59 +0000,19.0,0.0,,0.0,19.0,2.37,16.63,0.0,,,,,,Brazil,direct,0,0.0,0,0,0,0,(Startup),,1,0,0,demoPID,104617,,{},19.0,,,,1,monthly,,0.0,0,,,,,,,1,card,,,,,,,,,,,,,,
DEMOPID000385==,Acme Pro,Sam Lee,sam.lee58@example.com,sam.lee58@example.com,0,2026-02-24,2026-02-24 21:48:38 +0000,19.0,0.0,,0.0,19.0,2.29,16.71,0.0,,,,,,India,direct,0,0.0,0,0,0,0,(Startup),,1,0,0,demoPID,101993,,{},19.0,,,,1,monthly,,0.0,0,,,,,,,1,card,,,,,,,,,,,,,,
DEMOPID000780==,Acme Pro,Reese Smith,reese.smith100@example.com,reese.smith100@example.com,0,2026-02-25,2026-02-25 11:04:50 +0000,0.0,0.0,,0.0,0.0,0.00,0.00,0.0,,,,,,Australia,direct,0,0.0,0,0,0,0,(Personal),oss100,1,0,0,demoPID,103911,,{},9.0,,,,1,monthly,,0.0,0,2026-05-29 00:00:00 UTC,2026-06-25,,,,,1,card,,,,,,,,,,,,,,
DEMOPID000173==,Acme Pro,Hayden Tanaka,hayden.tanaka20@example.com,hayden.tanaka20@example.com,0,2026-02-25,2026-02-25 12:29:59 +0000,9.0,0.0,,0.0,9.0,1.08,7.92,0.0,,,,,,Netherlands,direct,0,0.0,0,0,0,0,(Personal),,1,0,0,demoPID,100854,,{},9.0,,,,1,monthly,,0.0,0,,,,,,,1,card,,,,,,,,,,,,,,
DEMOPID000701==,Acme Pro,Jordan Andersson,jordan.andersson92@example.com,jordan.andersson92@example.com,0,2026-02-25,2026-02-25 15:22:48 +0000,49.0,0.0,,0.0,49.0,5.08,43.92,0.0,,,,,,France,direct,0,0.0,0,0,0,0,(Business),,1,0,0,demoPID,103527,,{},49.0,,,,1,monthly,,0.0,0,2026-06-03 00:00:00 UTC,2026-06-25,,,,,1,card,,,,,,,,,,,,,,
DEMOPID000925==,Acme Pro,Jamie Patel,jamie.patel113@example.com,jamie.patel113@example.com,0,2026-02-25,2026-02-25 19:09:05 +0000,36.8,0.0,,0.0,36.8,3.46,33.29,0.0,,,,,,Japan,direct,0,0.0,0,0,0,0,(Business),launch25,1,0,0,demoPID,104637,,{},49.0,,,,1,monthly,,0.0,0,2026-06-02 00:00:00 UTC,2026-06-25,,,,,1,card,,,,,,,,,,,,,,
DEMOPID000831==,Acme Pro,Cameron Tanaka,cameron.tanaka105@example.com,cameron.tanaka105@example.com,0,2026-02-26,2026-02-26 10:06:45 +0000,19.0,0.0,,0.0,19.0,2.46,16.54,0.0,,,,,,Sweden,direct,0,0.0,0,0,0,0,(Startup),,1,0,0,demoPID,104149,,{},19.0,,,,1,monthly,,0.0,0,2026-05-28 00:00:00 UTC,2026-06-26,,,,,1,card,,,,,,,,,,,,,,
DEMOPID000156==,Acme Pro,Skyler Patel,skyler.patel19@example.com,skyler.patel19@example.com,0,2026-02-26,2026-02-26 15:18:42 +0000,99.0,0.0,,0.0,99.0,10.54,88.46,0.0,,,,,,Brazil,direct,0,0.0,0,0,0,0,(Enterprise),,1,0,0,demoPID,100755,,{},99.0,,,,1,monthly,,0.0,0,,,,,,,1,card,,,,,,,,,,,,,,
DEMOPID000028==,Acme Pro,Taylor Smith,taylor.smith0@example.com,taylor.smith0@example.com,0,2026-02-26,2026-02-26 17:48:17 +0000,9.0,0.0,,0.0,9.0,1.06,7.94,0.0,,,,,,Japan,direct,0,0.0,0,0,0,0,(Personal),,1,0,0,demoPID,100149,,{},9.0,,,,1,monthly,,0.0,0,,,,,,,1,card,,,,,,,,,,,,,,
DEMOPID000078==,Acme Pro,Quinn Becker,quinn.becker12@example.com,quinn.becker12@example.com,0,2026-02-27,2026-02-27 14:43:13 +0000,49.0,0.0,,0.0,49.0,5.32,43.68,0.0,,,,,,Canada,direct,0,0.0,0,0,0,0,(Business),,1,0,0,demoPID,100367,,{},49.0,,,,1,monthly,,0.0,0,,,,,,,1,card,,,,,,,,,,,,,,
DEMOPID001305==,Acme Pro,Casey Nguyen,casey.nguyen162@example.com,casey.nguyen162@example.com,0,2026-02-28,2026-02-28 03:58:38 +0000,0.0,0.0,,0.0,0.0,0.00,0.00,0.0,,,,,,Canada,direct,0,0.0,0,0,0,0,(Personal),oss100,1,0,0,demoPID,106545,,{},9.0,,,,1,monthly,,0.0,0,2026-05-28 00:00:00 UTC,2026-06-28,,,,,1,card,,,,,,,,,,,,,,
DEMOPID000950==,Acme Pro,Drew Andersson,drew.andersson114@example.com,drew.andersson114@example.com,0,2026-02-28,2026-02-28 04:03:17 +0000,99.0,0.0,,0.0,99.0,10.22,88.78,0.0,,,,,,Sweden,direct,0,0.0,0,0,0,0,(Enterprise),,1,0,0,demoPID,104768,,{},99.0,,,,1,monthly,,0.0,0,,,,,,,1,card,,,,,,,,,,,,,,
DEMOPID001075==,Acme Pro,Robin Muller,robin.muller136@example.com,robin.muller136@example.com,0,2026-02-28,2026-02-28 06:21:53 +0000,19.0,0.0,,0.0,19.0,2.34,16.66,0.0,,,,,,Spain,direct,0,0.0,0,0,0,0,(Startup),,1,0,0,demoPID,105404,,{},19.0,,,,1,monthly,,0.0,0,,,,,,,1,card,,,,,,,,,,,,,,
DEMOPID001033==,Acme Pro,Reese Kim,reese.kim128@example.com,reese.kim128@example.com,0,2026-02-28,2026-02-28 07:43:01 +0000,41.6,0.0,,0.0,41.6,4.74,36.91,0.0,,,,,,Italy,direct,0,0.0,0,0,0,0,(Business),welcome15,1,0,0,demoPID,105194,,{},49.0,,,,1,monthly,,0.0,0,2026-05-30 00:00:00 UTC,2026-06-28,,,,,1,card,,,,,,,,,,,,,,
DEMOPID000311==,Acme Pro,Drew Patel,drew.patel49@example.com,drew.patel49@example.com,0,2026-02-28,2026-02-28 07:50:31 +0000,69.3,0.0,,0.0,69.3,8.43,60.87,0.0,,,,,,United Kingdom,direct,0,0.0,0,0,0,0,(Enterprise),earlybird,1,0,0,demoPID,101597,,{},99.0,,,,1,monthly,,0.0,0,,,,,,,1,card,,,,,,,,,,,,,,
DEMOPID001260==,Acme Pro,Quinn Silva,quinn.silva156@example.com,quinn.silva156@example.com,0,2026-02-28,2026-02-28 11:11:13 +0000,9.0,0.0,,0.0,9.0,0.97,8.03,0.0,,,,,,Portugal,direct,0,0.0,0,0,0,0,(Personal),,1,0,0,demoPID,106312,,{},9.0,,,,1,monthly,,0.0,0,,,,,,,1,card,,,,,,,,,,,,,,
DEMOPID001346==,Acme Pro,Alex Walsh,alex.walsh170@example.com,alex.walsh170@example.com,0,2026-02-28,2026-02-28 13:12:31 +0000,9.0,0.0,,0.0,9.0,0.94,8.06,0.0,,,,,,United States,direct,0,0.0,0,0,0,0,(Personal),,1,0,0,demoPID,106764,,{},9.0,,,,1,monthly,,0.0,0,,,,,,,1,card,,,,,,,,,,,,,,
DEMOPID000395==,Acme Pro,Reese Dubois,reese.dubois61@example.com,reese.dubois61@example.com,0,2026-02-28,2026-02-28 14:43:46 +0000,190.0,0.0,,0.0,190.0,24.54,165.46,0.0,,,,,,Italy,direct,0,0.0,0,0,0,0,(Startup),,1,0,0,demoPID,102024,,{},190.0,,,,1,yearly,,0.0,0,,,,,,,1,card,,,,,,,,,,,,,,
DEMOPID000509==,Acme Pro,Hayden Ortiz,hayden.ortiz68@example.com,hayden.ortiz68@example.com,0,2026-02-28,2026-02-28 16:41:31 +0000,84.2,0.0,,0.0,84.2,10.82,73.33,0.0,,,,,,India,direct,0,0.0,0,0,0,0,(Enterprise),welcome15,1,0,0,demoPID,102624,,{},99.0,,,,1,monthly,,0.0,0,,,,,,,1,card,,,,,,,,,,,,,,
DEMOPID000111==,Acme Pro,Parker Silva,parker.silva16@example.com,parker.silva16@example.com,0,2026-02-28,2026-02-28 18:50:02 +0000,19.0,0.0,,0.0,19.0,2.32,16.68,0.0,,,,,,Poland,direct,0,0.0,0,0,0,0,(Startup),,1,0,0,demoPID,100506,,{},19.0,,,,1,monthly,,0.0,0,2026-05-29 00:00:00 UTC,2026-06-28,,,,,1,card,,,,,,,,,,,,,,
DEMOPID000613==,Acme Pro,Emerson Rossi,emerson.rossi84@example.com,emerson.rossi84@example.com,0,2026-02-28,2026-02-28 18:52:11 +0000,49.0,0.0,,0.0,49.0,4.85,44.15,0.0,,,,,,Portugal,direct,0,0.0,0,0,0,0,(Business),,1,0,0,demoPID,103114,,{},49.0,,,,1,monthly,,0.0,0,,,,,,,1,card,,,,,,,,,,,,,,
DEMOPID000740==,Acme Pro,Rowan Garcia,rowan.garcia97@example.com,rowan.garcia97@example.com,0,2026-02-28,2026-02-28 21:14:00 +0000,49.0,0.0,,0.0,49.0,4.60,44.40,0.0,,,,,,Netherlands,direct,0,0.0,0,0,0,0,(Business),,1,0,0,demoPID,103702,,{},49.0,,,,1,monthly,,0.0,0,,,,,,,1,card,,,,,,,,,,,,,,
DEMOPID001252==,Acme Pro,Avery Johnson,avery.johnson154@example.com,avery.johnson154@example.com,0,2026-02-28,2026-02-28 21:34:59 +0000,19.0,0.0,,0.0,19.0,2.03,16.97,0.0,,,,,,Germany,direct,0,0.0,0,0,0,0,(Startup),,1,0,0,demoPID,106282,,{},19.0,,,,1,monthly,,0.0,0,,,,,,,1,card,,,,,,,,,,,,,,
DEMOPID000538==,Acme Pro,Taylor Walsh,taylor.walsh77@example.com,taylor.walsh77@example.com,0,2026-02-28,2026-02-28 21:56:19 +0000,190.0,0.0,,0.0,190.0,23.54,166.46,0.0,,,,,,Japan,direct,0,0.0,0,0,0,0,(Startup),,1,0,0,demoPID,102751,,{},190.0,,,,1,yearly,,0.0,0,2026-03-31 00:00:00 UTC,2027-02-28,,,,,1,card,,,,,,,,,,,,,,
DEMOPID000407==,Acme Pro,Hayden Schmidt,hayden.schmidt62@example.com,hayden.schmidt62@example.com,0,2026-02-28,2026-02-28 22:09:51 +0000,19.0,0.0,,0.0,19.0,1.94,17.06,0.0,,,,,,Australia,direct,0,0.0,0,0,0,0,(Startup),,1,0,0,demoPID,102075,,{},19.0,,,,1,monthly,,0.0,0,2026-05-28 00:00:00 UTC,2026-06-28,,,,,1,card,,,,,,,,,,,,,,
DEMOPID000358==,Acme Pro,Parker Dubois,parker.dubois56@example.com,parker.dubois56@example.com,0,2026-03-01,2026-03-01 06:12:52 +0000,49.0,0.0,,0.0,49.0,5.87,43.13,0.0,,,,,,Portugal,direct,0,0.0,0,0,0,0,(Business),,0,0,0,demoPID,101858,,{},49.0,,,,1,monthly,,0.0,0,,,,,,,1,card,,,,,,,,,,,,,,
DEMOPID001297==,Acme Pro,Avery Andersson,avery.andersson161@example.com,avery.andersson161@example.com,0,2026-03-01,2026-03-01 15:22:19 +0000,49.0,0.0,,0.0,49.0,6.22,42.78,0.0,,,,,,Japan,direct,0,0.0,0,0,0,0,(Business),,1,0,0,demoPID,106503,,{},49.0,,,,1,monthly,,0.0,0,2026-06-02 00:00:00 UTC,2026-07-01,,,,,1,card,,,,,,,,,,,,,,
DEMOPID000083==,Acme Pro,Jamie Costa,jamie.costa13@example.com,jamie.costa13@example.com,0,2026-03-01,2026-03-01 22:00:57 +0000,9.0,0.0,,0.0,9.0,0.86,8.14,0.0,,,,,,Brazil,direct,0,0.0,0,0,0,0,(Personal),,1,0,0,demoPID,100392,,{},9.0,,,,1,monthly,,0.0,0,,,,,,,1,card,,,,,,,,,,,,,,
DEMOPID001269==,Acme Pro,Cameron Muller,cameron.muller157@example.com,cameron.muller157@example.com,0,2026-03-02,2026-03-02 08:12:01 +0000,99.0,0.0,,0.0,99.0,9.79,89.21,0.0,,,,,,Sweden,direct,0,0.0,0,0,0,0,(Enterprise),,1,0,0,demoPID,106358,,{},99.0,,,,1,monthly,,0.0,0,,,,,,,1,card,,,,,,,,,,,,,,
DEMOPID001424==,Acme Pro,Hayden Johnson,hayden.johnson182@example.com,hayden.johnson182@example.com,0,2026-03-02,2026-03-02 12:18:41 +0000,19.0,0.0,,0.0,19.0,1.83,17.17,0.0,,,,,,United States,direct,0,0.0,0,0,0,0,(Startup),,1,0,0,demoPID,107148,,{},19.0,,,,1,monthly,,0.0,0,,,,,,,1,card,,,,,,,,,,,,,,
DEMOPID000231==,Acme Pro,Drew Walsh,drew.walsh36@example.com,drew.walsh36@example.com,0,2026-03-02,2026-03-02 14:26:17 +0000,6.3,0.0,,0.0,6.3,0.69,5.61,0.0,,,,,,Spain,direct,0,0.0,0,0,0,0,(Personal),earlybird,0,0,0,demoPID,101164,,{},9.0,,,,1,monthly,,0.0,0,2026-06-04 00:00:00 UTC,2026-07-02,,,,,1,card,,,,,,,,,,,,,,
DEMOPID000884==,Acme Pro,Rowan Ortiz,rowan.ortiz108@example.com,rowan.ortiz108@example.com,0,2026-03-03,2026-03-03 02:32:18 +0000,49.0,0.0,,0.0,49.0,4.62,44.38,0.0,,,,,,United States,direct,0,0.0,0,0,0,0,(Business),,1,0,0,demoPID,104426,,{},49.0,,,,1,monthly,,0.0,0,2026-06-04 00:00:00 UTC,2026-07-03,,,,,1,card,,,,,,,,,,,,,,
DEMOPID001434==,Acme Pro,Devin Smith,devin.smith186@example.com,devin.smith186@example.com,0,2026-03-03,2026-03-03 08:21:58 +0000,49.0,0.0,,0.0,49.0,5.63,43.37,0.0,,,,,,Germany,direct,0,0.0,0,0,0,0,(Business),,1,0,0,demoPID,107202,,{},49.0,,,,1,monthly,,0.0,0,,,,,,,1,card,,,,,,,,,,,,,,
DEMOPID000278==,Acme Pro,Jordan Rossi,jordan.rossi42@example.com,jordan.rossi42@example.com,0,2026-03-03,2026-03-03 12:05:23 +0000,16.1,0.0,,0.0,16.1,1.70,14.45,0.0,,,,,,Germany,direct,0,0.0,0,0,0,0,(Startup),welcome15,1,0,0,demoPID,101440,,{},19.0,,,,1,monthly,,0.0,0,,,,,,,1,card,,,,,,,,,,,,,,
DEMOPID000651==,Acme Pro,Jordan Novak,jordan.novak88@example.com,jordan.novak88@example.com,0,2026-03-03,2026-03-03 15:36:38 +0000,49.0,0.0,,0.0,49.0,5.16,43.84,0.0,,,,,,Italy,direct,0,0.0,0,0,0,0,(Business),,1,0,0,demoPID,103287,,{},49.0,,,,1,monthly,,0.0,0,,,,,,,1,card,,,,,,,,,,,,,,
DEMOPID001104==,Acme Pro,Sam Ortiz,sam.ortiz141@example.com,sam.ortiz141@example.com,0,2026-03-03,2026-03-03 19:16:58 +0000,0.0,0.0,,0.0,0.0,0.00,0.00,0.0,,,,,,Poland,direct,0,0.0,0,0,0,0,(Personal),maintainer,1,0,0,demoPID,105567,,{},9.0,,,,1,monthly,,0.0,0,2026-06-04 00:00:00 UTC,2026-07-03,,,,,1,card,,,,,,,,,,,,,,
DEMOPID001256==,Acme Pro,Reese Walsh,reese.walsh155@example.com,reese.walsh155@example.com,0,2026-03-04,2026-03-04 04:57:50 +0000,490.0,0.0,,0.0,490.0,50.06,439.94,0.0,,,,,,France,direct,0,0.0,0,0,0,0,(Business),,0,0,0,demoPID,106298,,{},490.0,,,,1,yearly,,0.0,0,,,,,,,1,card,,,,,,,,,,,,,,
DEMOPID000722==,Acme Pro,Jordan Dubois,jordan.dubois95@example.com,jordan.dubois95@example.com,0,2026-03-04,2026-03-04 05:06:26 +0000,19.0,0.0,,0.0,19.0,2.46,16.54,0.0,,,,,,Poland,direct,0,0.0,0,0,0,0,(Startup),,1,0,0,demoPID,103605,,{},19.0,,,,1,monthly,,0.0,0,,,,,,,1,card,,,,,,,,,,,,,,
DEMOPID000637==,Acme Pro,Morgan Schmidt,morgan.schmidt87@example.com,morgan.schmidt87@example.com,0,2026-03-04,2026-03-04 11:51:34 +0000,99.0,0.0,,0.0,99.0,9.25,89.75,0.0,,,,,,Sweden,direct,0,0.0,0,0,0,0,(Enterprise),,1,0,0,demoPID,103232,,{},99.0,,,,1,monthly,,0.0,0,,,,,,,1,card,,,,,,,,,,,,,,
DEMOPID001021==,Acme Pro,Parker Nguyen,parker.nguyen125@example.com,parker.nguyen125@example.com,0,2026-03-04,2026-03-04 16:19:21 +0000,190.0,0.0,,0.0,190.0,17.40,172.60,0.0,,,,,,Netherlands,direct,0,0.0,0,0,0,0,(Startup),,1,0,0,demoPID,105132,,{},190.0,,,,1,yearly,,0.0,0,,,,,,,1,card,,,,,,,,,,,,,,
DEMOPID000250==,Acme Pro,Drew Silva,drew.silva40@example.com,drew.silva40@example.com,0,2026-03-04,2026-03-04 18:41:12 +0000,19.0,0.0,,0.0,19.0,2.05,16.95,0.0,,,,,,Germany,direct,0,0.0,0,0,0,0,(Startup),,1,0,0,demoPID,101267,,{},19.0,,,,1,monthly,,0.0,0,,,,,,,1,card,,,,,,,,,,,,,,
DEMOPID000847==,Acme Pro,Casey Tanaka,casey.tanaka107@example.com,casey.tanaka107@example.com,0,2026-03-04,2026-03-04 19:37:04 +0000,9.0,0.0,,0.0,9.0,1.14,7.86,0.0,,,,,,Brazil,direct,0,0.0,0,0,0,0,(Personal),,1,0,0,demoPID,104236,,{},9.0,,,,1,monthly,,0.0,0,2026-06-04 00:00:00 UTC,2026-07-04,,,,,1,card,,,,,,,,,,,,,,
DEMOPID001188==,Acme Pro,Sam Lee,sam.lee149@example.com,sam.lee149@example.com,0,2026-03-04,2026-03-04 20:42:33 +0000,19.0,0.0,,0.0,19.0,1.87,17.13,0.0,,,,,,Germany,direct,0,0.0,0,0,0,0,(Startup),,1,0,0,demoPID,105980,,{},19.0,,,,1,monthly,,0.0,0,,,,,,,1,card,,,,,,,,,,,,,,
DEMOPID000814==,Acme Pro,Sam Smith,sam.smith104@example.com,sam.smith104@example.com,0,2026-03-05,2026-03-05 10:15:50 +0000,49.0,0.0,,0.0,49.0,4.74,44.26,0.0,,,,,,Spain,direct,0,0.0,0,0,0,0,(Business),,1,0,0,demoPID,104072,,{},49.0,,,,1,monthly,,0.0,0,,,,,,,1,card,,,,,,,,,,,,,,
DEMOPID000087==,Acme Pro,Hayden Ortiz,hayden.ortiz14@example.com,hayden.ortiz14@example.com,0,2026-03-05,2026-03-05 15:28:16 +0000,990.0,0.0,,0.0,990.0,118.55,871.45,0.0,,,,,,France,direct,0,0.0,0,0,0,0,(Enterprise),,0,0,0,demoPID,100408,,{},990.0,,,,1,yearly,,0.0,0,,,,,,,1,card,,,,,,,,,,,,,,
DEMOPID000389==,Acme Pro,Casey Silva,casey.silva59@example.com,casey.silva59@example.com,0,2026-03-05,2026-03-05 16:26:29 +0000,49.0,0.0,,0.0,49.0,5.30,43.70,0.0,,,,,,France,direct,0,0.0,0,0,0,0,(Business),,0,0,0,demoPID,102007,,{},49.0,,,,1,monthly,,0.0,0,,,,,,,1,card,,,,,,,,,,,,,,
DEMOPID001061==,Acme Pro,Devin Ortiz,devin.ortiz132@example.com,devin.ortiz132@example.com,0,2026-03-06,2026-03-06 11:02:09 +0000,19.0,0.0,,0.0,19.0,1.75,17.25,0.0,,,,,,Brazil,direct,0,0.0,0,0,0,0,(Startup),,1,0,0,demoPID,105350,,{},19.0,,,,1,monthly,,0.0,0,,,,,,,1,card,,,,,,,,,,,,,,
DEMOPID000562==,Acme Pro,Alex Nguyen,alex.nguyen81@example.com,alex.nguyen81@example.com,0,2026-03-06,2026-03-06 11:12:18 +0000,14.2,0.0,,0.0,14.2,1.54,12.71,0.0,,,,,,United States,direct,0,0.0,0,0,0,0,(Startup),launch25,1,0,0,demoPID,102856,,{},19.0,,,,1,monthly,,0.0,0,,,,,,,1,card,,,,,,,,,,,,,,
DEMOPID000050==,Acme Pro,Jamie Silva,jamie.silva4@example.com,jamie.silva4@example.com,0,2026-03-07,2026-03-07 01:37:47 +0000,19.0,0.0,,0.0,19.0,1.88,17.12,0.0,,,,,,Netherlands,direct,0,0.0,0,0,0,0,(Startup),,1,0,0,demoPID,100252,,{},19.0,,,,1,monthly,,0.0,0,2026-05-15 00:00:00 UTC,2026-06-07,,,,,1,card,,,,,,,,,,,,,,
DEMOPID000228==,Acme Pro,Taylor Rossi,taylor.rossi35@example.com,taylor.rossi35@example.com,0,2026-03-07,2026-03-07 12:04:09 +0000,19.0,0.0,,0.0,19.0,2.14,16.86,0.0,,,,,,Netherlands,direct,0,0.0,0,0,0,0,(Startup),,1,0,0,demoPID,101149,,{},19.0,,,,1,monthly,,0.0,0,,,,,,,1,card,,,,,,,,,,,,,,
DEMOPID000073==,Acme Pro,Riley Novak,riley.novak11@example.com,riley.novak11@example.com,0,2026-03-08,2026-03-08 17:43:46 +0000,9.0,0.0,,0.0,9.0,1.14,7.86,0.0,,,,,,France,direct,0,0.0,0,0,0,0,(Personal),,1,0,0,demoPID,100347,,{},9.0,,,,1,monthly,,0.0,0,,,,,,,1,card,,,,,,,,,,,,,,
DEMOPID000094==,Acme Pro,Jamie Patel,jamie.patel15@example.com,jamie.patel15@example.com,0,2026-03-08,2026-03-08 23:34:51 +0000,39.2,0.0,,0.0,39.2,4.37,34.83,0.0,,,,,,Portugal,direct,0,0.0,0,0,0,0,(Business),friend20,1,0,0,demoPID,100436,,{},49.0,,,,1,monthly,,0.0,0,2026-05-18 00:00:00 UTC,2026-06-08,,,,,1,card,,,,,,,,,,,,,,
DEMOPID000061==,Acme Pro,Casey Dubois,casey.dubois7@example.com,casey.dubois7@example.com,0,2026-03-09,2026-03-09 13:53:17 +0000,9.0,0.0,,0.0,9.0,0.84,8.16,0.0,,,,,,Italy,direct,0,0.0,0,0,0,0,(Personal),,1,0,0,demoPID,100301,,{},9.0,,,,1,monthly,,0.0,0,,,,,,,1,card,,,,,,,,,,,,,,
DEMOPID000673==,Acme Pro,Alex Rossi,alex.rossi89@example.com,alex.rossi89@example.com,0,2026-03-09,2026-03-09 14:19:43 +0000,49.0,0.0,,0.0,49.0,4.90,44.10,0.0,,,,,,Poland,direct,0,0.0,0,0,0,0,(Business),,1,0,0,demoPID,103381,,{},49.0,,,,1,monthly,,0.0,0,,,,,,,1,card,,,,,,,,,,,,,,
DEMOPID000801==,Acme Pro,Riley Rossi,riley.rossi103@example.com,riley.rossi103@example.com,0,2026-03-09,2026-03-09 17:18:40 +0000,9.0,0.0,,0.0,9.0,1.10,7.90,0.0,,,,,,Australia,direct,0,0.0,0,0,0,0,(Personal),,1,0,0,demoPID,104015,,{},9.0,,,,1,monthly,,0.0,0,,,,,,,1,card,,,,,,,,,,,,,,
DEMOPID000458==,Acme Pro,Morgan Muller,morgan.muller64@example.com,morgan.muller64@example.com,0,2026-03-09,2026-03-09 20:09:47 +0000,19.0,0.0,,0.0,19.0,2.25,16.75,0.0,,,,,,Japan,direct,0,0.0,0,0,0,0,(Startup),,1,0,0,demoPID,102341,,{},19.0,,,,1,monthly,,0.0,0,,,,,,,1,card,,,,,,,,,,,,,,
DEMOPID001152==,Acme Pro,Devin Andersson,devin.andersson147@example.com,devin.andersson147@example.com,0,2026-03-09,2026-03-09 21:45:24 +0000,49.0,0.0,,0.0,49.0,4.87,44.13,0.0,,,,,,Spain,direct,0,0.0,0,0,0,0,(Business),,1,0,0,demoPID,105819,,{},49.0,,,,1,monthly,,0.0,0,,,,,,,1,card,,,,,,,,,,,,,,
DEMOPID000462==,Acme Pro,Jordan Silva,jordan.silva65@example.com,jordan.silva65@example.com,0,2026-03-09,2026-03-09 23:57:35 +0000,190.0,0.0,,0.0,190.0,23.02,166.98,0.0,,,,,,Netherlands,direct,0,0.0,0,0,0,0,(Startup),,1,0,0,demoPID,102366,,{},190.0,,,,1,yearly,,0.0,0,2026-05-24 00:00:00 UTC,2027-03-09,,,,,1,card,,,,,,,,,,,,,,
DEMOPID001170==,Acme Pro,Drew Becker,drew.becker148@example.com,drew.becker148@example.com,0,2026-03-10,2026-03-10 05:41:31 +0000,99.0,0.0,,0.0,99.0,11.33,87.67,0.0,,,,,,India,direct,0,0.0,0,0,0,0,(Enterprise),,1,0,0,demoPID,105900,,{},99.0,,,,1,monthly,,0.0,0,,,,,,,1,card,,,,,,,,,,,,,,
DEMOPID000901==,Acme Pro,Jamie Rossi,jamie.rossi109@example.com,jamie.rossi109@example.com,0,2026-03-11,2026-03-11 17:02:32 +0000,19.0,0.0,,0.0,19.0,2.07,16.93,0.0,,,,,,Portugal,direct,0,0.0,0,0,0,0,(Startup),,1,0,0,demoPID,104523,,{},19.0,,,,1,monthly,,0.0,0,2026-05-23 00:00:00 UTC,2026-06-11,,,,,1,card,,,,,,,,,,,,,,
DEMOPID001320==,Acme Pro,Hayden Smith,hayden.smith164@example.com,hayden.smith164@example.com,0,2026-03-11,2026-03-11 21:31:43 +0000,9.0,0.0,,0.0,9.0,0.81,8.19,0.0,,,,,,Japan,direct,0,0.0,0,0,0,0,(Personal),,1,0,0,demoPID,106610,,{},9.0,,,,1,monthly,,0.0,0,,,,,,,1,card,,,,,,,,,,,,,,
DEMOPID000554==,Acme Pro,Jordan Ferraro,jordan.ferraro80@example.com,jordan.ferraro80@example.com,0,2026-03-12,2026-03-12 11:03:31 +0000,49.0,0.0,,0.0,49.0,5.30,43.70,0.0,,,,,,Australia,direct,0,0.0,0,0,0,0,(Business),,1,0,0,demoPID,102813,,{},49.0,,,,1,monthly,,0.0,0,,,,,,,1,card,,,,,,,,,,,,,,
DEMOPID000689==,Acme Pro,Hayden Silva,hayden.silva91@example.com,hayden.silva91@example.com,0,2026-03-12,2026-03-12 13:03:55 +0000,6.3,0.0,,0.0,6.3,0.70,5.60,0.0,,,,,,Canada,direct,0,0.0,0,0,0,0,(Personal),earlybird,1,0,0,demoPID,103464,,{},9.0,,,,1,monthly,,0.0,0,,,,,,,1,card,,,,,,,,,,,,,,
DEMOPID001243==,Acme Pro,Drew Nguyen,drew.nguyen152@example.com,drew.nguyen152@example.com,0,2026-03-13,2026-03-13 11:23:11 +0000,9.0,0.0,,0.0,9.0,1.03,7.97,0.0,,,,,,Italy,direct,0,0.0,0,0,0,0,(Personal),,1,0,0,demoPID,106235,,{},9.0,,,,1,monthly,,0.0,0,,,,,,,1,card,,,,,,,,,,,,,,
DEMOPID001129==,Acme Pro,Hayden Kim,hayden.kim145@example.com,hayden.kim145@example.com,0,2026-03-13,2026-03-13 14:32:27 +0000,29.4,0.0,,0.0,29.4,3.38,26.02,0.0,,,,,,Netherlands,direct,0,0.0,0,0,0,0,(Business),blackfriday,1,0,0,demoPID,105685,,{},49.0,,,,1,monthly,,0.0,0,,,,,,,1,card,,,,,,,,,,,,,,
DEMOPID000208==,Acme Pro,Skyler Kim,skyler.kim30@example.com,skyler.kim30@example.com,0,2026-03-13,2026-03-13 19:00:17 +0000,19.0,0.0,,0.0,19.0,2.31,16.69,0.0,,,,,,India,direct,0,0.0,0,0,0,0,(Startup),,1,0,0,demoPID,101035,,{},19.0,,,,1,monthly,,0.0,0,,,,,,,1,card,,,,,,,,,,,,,,
DEMOPID000682==,Acme Pro,Robin Ferraro,robin.ferraro90@example.com,robin.ferraro90@example.com,0,2026-03-13,2026-03-13 22:14:43 +0000,49.0,0.0,,0.0,49.0,5.08,43.92,0.0,,,,,,India,direct,0,0.0,0,0,0,0,(Business),,1,0,0,demoPID,103428,,{},49.0,,,,1,monthly,,0.0,0,,,,,,,1,card,,,,,,,,,,,,,,
DEMOPID000287==,Acme Pro,Cameron Tanaka,cameron.tanaka43@example.com,cameron.tanaka43@example.com,0,2026-03-14,2026-03-14 05:42:42 +0000,4.5,0.0,,0.0,4.5,0.51,3.99,0.0,,,,,,Spain,direct,0,0.0,0,0,0,0,(Personal),student50,1,0,0,demoPID,101477,,{},9.0,,,,1,monthly,,0.0,0,,,,,,,1,card,,,,,,,,,,,,,,
DEMOPID001375==,Acme Pro,Alex Johnson,alex.johnson172@example.com,alex.johnson172@example.com,0,2026-03-14,2026-03-14 15:43:15 +0000,99.0,0.0,,0.0,99.0,11.07,87.93,0.0,,,,,,Poland,direct,0,0.0,0,0,0,0,(Enterprise),,1,0,0,demoPID,106901,,{},99.0,,,,1,monthly,,0.0,0,2026-06-04 00:00:00 UTC,2026-06-14,,,,,1,card,,,,,,,,,,,,,,
DEMOPID000350==,Acme Pro,Morgan Ortiz,morgan.ortiz51@example.com,morgan.ortiz51@example.com,0,2026-03-14,2026-03-14 16:34:31 +0000,99.0,0.0,,0.0,99.0,10.92,88.08,0.0,,,,,,Japan,direct,0,0.0,0,0,0,0,(Enterprise),,1,0,0,demoPID,101817,,{},99.0,,,,1,monthly,,0.0,0,2026-05-15 00:00:00 UTC,2026-06-14,,,,,1,card,,,,,,,,,,,,,,
DEMOPID000967==,Acme Pro,Alex Johnson,alex.johnson117@example.com,alex.johnson117@example.com,0,2026-03-14,2026-03-14 17:23:29 +0000,49.0,0.0,,0.0,49.0,6.02,42.98,0.0,,,,,,Spain,direct,0,0.0,0,0,0,0,(Business),,1,0,0,demoPID,104875,,{},49.0,,,,1,monthly,,0.0,0,,,,,,,1,card,,,,,,,,,,,,,,
DEMOPID000193==,Acme Pro,Jamie Novak,jamie.novak29@example.com,jamie.novak29@example.com,0,2026-03-14,2026-03-14 20:23:06 +0000,49.0,0.0,,0.0,49.0,5.56,43.44,0.0,,,,,,Poland,direct,0,0.0,0,0,0,0,(Business),,0,0,0,demoPID,100955,,{},49.0,,,,1,monthly,,0.0,0,2026-05-25 00:00:00 UTC,2026-06-14,,,,,1,card,,,,,,,,,,,,,,
DEMOPID000116==,Acme Pro,Skyler Muller,skyler.muller17@example.com,skyler.muller17@example.com,0,2026-03-15,2026-03-15 02:17:56 +0000,9.0,0.0,,0.0,9.0,1.12,7.88,0.0,,,,,,Netherlands,direct,0,0.0,0,0,0,0,(Personal),,1,0,0,demoPID,100543,,{},9.0,,,,1,monthly,,0.0,0,,,,,,,1,card,,,,,,,,,,,,,,
DEMOPID001013==,Acme Pro,Drew Dubois,drew.dubois122@example.com,drew.dubois122@example.com,0,2026-03-15,2026-03-15 11:09:48 +0000,49.0,0.0,,0.0,49.0,4.80,44.20,0.0,,,,,,Italy,direct,0,0.0,0,0,0,0,(Business),,1,0,0,demoPID,105107,,{},49.0,,,,1,monthly,,0.0,0,,,,,,,1,card,,,,,,,,,,,,,,
DEMOPID001278==,Acme Pro,Robin Novak,robin.novak158@example.com,robin.novak158@example.com,0,2026-03-15,2026-03-15 13:40:58 +0000,49.0,0.0,,0.0,49.0,4.58,44.42,0.0,,,,,,Brazil,direct,0,0.0,0,0,0,0,(Business),,1,0,0,demoPID,106409,,{},49.0,,,,1,monthly,,0.0,0,2026-05-29 00:00:00 UTC,2026-06-15,,,,,1,card,,,,,,,,,,,,,,
DEMOPID000424==,Acme Pro,Robin Lee,robin.lee63@example.com,robin.lee63@example.com,0,2026-03-16,2026-03-16 07:31:35 +0000,41.6,0.0,,0.0,41.6,4.70,36.95,0.0,,,,,,Australia,direct,0,0.0,0,0,0,0,(Business),welcome15,1,0,0,demoPID,102171,,{},49.0,,,,1,monthly,,0.0,0,,,,,,,1,card,,,,,,,,,,,,,,
DEMOPID001135==,Acme Pro,Jamie Becker,jamie.becker146@example.com,jamie.becker146@example.com,0,2026-03-16,2026-03-16 21:42:04 +0000,19.0,0.0,,0.0,19.0,2.19,16.81,0.0,,,,,,Canada,direct,0,0.0,0,0,0,0,(Startup),,1,0,0,demoPID,105718,,{},19.0,,,,1,monthly,,0.0,0,,,,,,,1,card,,,,,,,,,,,,,,
DEMOPID001219==,Acme Pro,Rowan Johnson,rowan.johnson150@example.com,rowan.johnson150@example.com,0,2026-03-17,2026-03-17 03:20:14 +0000,36.8,0.0,,0.0,36.8,3.65,33.10,0.0,,,,,,United Kingdom,direct,0,0.0,0,0,0,0,(Business),launch25,1,0,0,demoPID,106126,,{},49.0,,,,1,monthly,,0.0,0,,,,,,,1,card,,,,,,,,,,,,,,
DEMOPID001222==,Acme Pro,Cameron Johnson,cameron.johnson151@example.com,cameron.johnson151@example.com,0,2026-03-17,2026-03-17 06:21:08 +0000,19.0,0.0,,0.0,19.0,2.45,16.55,0.0,,,,,,Italy,direct,0,0.0,0,0,0,0,(Startup),,0,0,0,demoPID,106141,,{},19.0,,,,1,monthly,,0.0,0,2026-05-23 00:00:00 UTC,2026-06-17,,,,,1,card,,,,,,,,,,,,,,
DEMOPID000045==,Acme Pro,Robin Tanaka,robin.tanaka3@example.com,robin.tanaka3@example.com,0,2026-03-17,2026-03-17 08:29:15 +0000,11.4,0.0,,0.0,11.4,1.22,10.18,0.0,,,,,,Italy,direct,0,0.0,0,0,0,0,(Startup),blackfriday,1,0,0,demoPID,100219,,{},19.0,,,,1,monthly,,0.0,0,2026-05-17 00:00:00 UTC,2026-06-17,,,,,1,card,,,,,,,,,,,,,,
DEMOPID000300==,Acme Pro,Parker Rossi,parker.rossi47@example.com,parker.rossi47@example.com,0,2026-03-17,2026-03-17 20:25:23 +0000,19.0,0.0,,0.0,19.0,1.77,17.23,0.0,,,,,,Brazil,direct,0,0.0,0,0,0,0,(Startup),,1,0,0,demoPID,101532,,{},19.0,,,,1,monthly,,0.0,0,,,,,,,1,card,,,,,,,,,,,,,,
DEMOPID000753==,Acme Pro,Reese Garcia,reese.garcia98@example.com,reese.garcia98@example.com,0,2026-03-17,2026-03-17 22:35:55 +0000,49.0,0.0,,0.0,49.0,5.00,44.00,0.0,,,,,,Canada,direct,0,0.0,0,0,0,0,(Business),,1,0,0,demoPID,103771,,{},49.0,,,,1,monthly,,0.0,0,,,,,,,1,card,,,,,,,,,,,,,,
DEMOPID000183==,Acme Pro,Skyler Silva,skyler.silva23@example.com,skyler.silva23@example.com,0,2026-03-18,2026-03-18 02:39:55 +0000,9.0,0.0,,0.0,9.0,0.87,8.13,0.0,,,,,,Japan,direct,0,0.0,0,0,0,0,(Personal),,1,0,0,demoPID,100907,,{},9.0,,,,1,monthly,,0.0,0,2026-05-22 00:00:00 UTC,2026-06-18,,,,,1,card,,,,,,,,,,,,,,
DEMOPID000991==,Acme Pro,Drew Garcia,drew.garcia119@example.com,drew.garcia119@example.com,0,2026-03-18,2026-03-18 19:01:33 +0000,19.0,0.0,,0.0,19.0,2.46,16.54,0.0,,,,,,Germany,direct,0,0.0,0,0,0,0,(Startup),,1,0,0,demoPID,104986,,{},19.0,,,,1,monthly,,0.0,0,2026-05-21 00:00:00 UTC,2026-06-18,,,,,1,card,,,,,,,,,,,,,,
DEMOPID000534==,Acme Pro,Skyler Smith,skyler.smith76@example.com,skyler.smith76@example.com,0,2026-03-18,2026-03-18 23:13:40 +0000,99.0,0.0,,0.0,99.0,10.65,88.35,0.0,,,,,,Germany,direct,0,0.0,0,0,0,0,(Enterprise),,1,0,0,demoPID,102734,,{},99.0,,,,1,monthly,,0.0,0,,,,,,,1,card,,,,,,,,,,,,,,
DEMOPID001046==,Acme Pro,Cameron Rossi,cameron.rossi130@example.com,cameron.rossi130@example.com,0,2026-03-19,2026-03-19 04:29:53 +0000,19.0,0.0,,0.0,19.0,2.23,16.77,0.0,,,,,,Poland,direct,0,0.0,0,0,0,0,(Startup),,1,0,0,demoPID,105273,,{},19.0,,,,1,monthly,,0.0,0,2026-05-29 00:00:00 UTC,2026-06-19,,,,,1,card,,,,,,,,,,,,,,
DEMOPID001363==,Acme Pro,Emerson Garcia,emerson.garcia171@example.com,emerson.garcia171@example.com,0,2026-03-20,2026-03-20 08:08:01 +0000,19.0,0.0,,0.0,19.0,1.86,17.14,0.0,,,,,,Spain,direct,0,0.0,0,0,0,0,(Startup),,1,0,0,demoPID,106848,,{},19.0,,,,1,monthly,,0.0,0,,,,,,,1,card,,,,,,,,,,,,,,
DEMOPID000598==,Acme Pro,Hayden Nguyen,hayden.nguyen82@example.com,hayden.nguyen82@example.com,0,2026-03-20,2026-03-20 18:32:20 +0000,5.4,0.0,,0.0,5.4,0.56,4.84,0.0,,,,,,Brazil,direct,0,0.0,0,0,0,0,(Personal),blackfriday,1,0,0,demoPID,103051,,{},9.0,,,,1,monthly,,0.0,0,,,,,,,1,card,,,,,,,,,,,,,,
DEMOPID000152==,Acme Pro,Morgan Andersson,morgan.andersson18@example.com,morgan.andersson18@example.com,0,2026-03-21,2026-03-21 00:05:14 +0000,19.0,0.0,,0.0,19.0,2.17,16.83,0.0,,,,,,United Kingdom,direct,0,0.0,0,0,0,0,(Startup),,1,0,0,demoPID,100741,,{},19.0,,,,1,monthly,,0.0,0,,,,,,,1,card,,,,,,,,,,,,,,
DEMOPID000319==,Acme Pro,Reese Schmidt,reese.schmidt50@example.com,reese.schmidt50@example.com,0,2026-03-21,2026-03-21 20:35:17 +0000,19.0,0.0,,0.0,19.0,1.90,17.10,0.0,,,,,,Poland,direct,0,0.0,0,0,0,0,(Startup),,1,0,0,demoPID,101645,,{},19.0,,,,1,monthly,,0.0,0,2026-05-23 00:00:00 UTC,2026-06-21,,,,,1,card,,,,,,,,,,,,,,
DEMOPID001333==,Acme Pro,Hayden Ferraro,hayden.ferraro169@example.com,hayden.ferraro169@example.com,0,2026-03-22,2026-03-22 05:32:03 +0000,99.0,0.0,,0.0,99.0,10.79,88.21,0.0,,,,,,United States,direct,0,0.0,0,0,0,0,(Enterprise),,1,0,0,demoPID,106682,,{},99.0,,,,1,monthly,,0.0,0,,,,,,,1,card,,,,,,,,,,,,,,
DEMOPID001389==,Acme Pro,Rowan Schmidt,rowan.schmidt179@example.com,rowan.schmidt179@example.com,0,2026-03-22,2026-03-22 08:18:47 +0000,9.0,0.0,,0.0,9.0,0.88,8.12,0.0,,,,,,Spain,direct,0,0.0,0,0,0,0,(Personal),,1,0,0,demoPID,106973,,{},9.0,,,,1,monthly,,0.0,0,,,,,,,1,card,,,,,,,,,,,,,,
DEMOPID000239==,Acme Pro,Alex Rossi,alex.rossi39@example.com,alex.rossi39@example.com,0,2026-03-22,2026-03-22 23:21:14 +0000,490.0,0.0,,0.0,490.0,61.16,428.84,0.0,,,,,,Brazil,direct,0,0.0,0,0,0,0,(Business),,1,0,0,demoPID,101205,,{},490.0,,,,1,yearly,,0.0,0,,,,,,,1,card,,,,,,,,,,,,,,
DEMOPID000718==,Acme Pro,Casey Costa,casey.costa94@example.com,casey.costa94@example.com,0,2026-03-23,2026-03-23 01:00:54 +0000,49.0,0.0,,0.0,49.0,4.60,44.40,0.0,,,,,,Japan,direct,0,0.0,0,0,0,0,(Business),,1,0,0,demoPID,103586,,{},49.0,,,,1,monthly,,0.0,0,2026-05-29 00:00:00 UTC,2026-06-23,,,,,1,card,,,,,,,,,,,,,,
DEMOPID000476==,Acme Pro,Cameron Lee,cameron.lee67@example.com,cameron.lee67@example.com,0,2026-03-23,2026-03-23 12:04:28 +0000,9.0,0.0,,0.0,9.0,1.07,7.93,0.0,,,,,,France,direct,0,0.0,0,0,0,0,(Personal),,1,0,0,demoPID,102439,,{},9.0,,,,1,monthly,,0.0,0,,,,,,,1,card,,,,,,,,,,,,,,
DEMOPID001110==,Acme Pro,Robin Andersson,robin.andersson142@example.com,robin.andersson142@example.com,0,2026-03-23,2026-03-23 17:10:30 +0000,49.0,0.0,,0.0,49.0,5.63,43.37,0.0,,,,,,Sweden,direct,0,0.0,0,0,0,0,(Business),,1,0,0,demoPID,105591,,{},49.0,,,,1,monthly,,0.0,0,,,,,,,1,card,,,,,,,,,,,,,,
DEMOPID001455==,Acme Pro,Casey Andersson,casey.andersson189@example.com,casey.andersson189@example.com,0,2026-03-24,2026-03-24 02:42:30 +0000,7.7,0.0,,0.0,7.7,0.90,6.75,0.0,,,,,,Netherlands,direct,0,0.0,0,0,0,0,(Personal),welcome15,1,0,0,demoPID,107330,,{},9.0,,,,1,monthly,,0.0,0,,,,,,,1,card,,,,,,,,,,,,,,
DEMOPID000706==,Acme Pro,Sam Novak,sam.novak93@example.com,sam.novak93@example.com,0,2026-03-24,2026-03-24 08:30:44 +0000,490.0,0.0,,0.0,490.0,46.52,443.48,0.0,,,,,,Italy,direct,0,0.0,0,0,0,0,(Business),,1,0,0,demoPID,103544,,{},490.0,,,,1,yearly,,0.0,0,,,,,,,1,card,,,,,,,,,,,,,,
DEMOPID000386==,Acme Pro,Sam Lee,sam.lee58@example.com,sam.lee58@example.com,0,2026-03-24,2026-03-24 16:45:23 +0000,19.0,0.0,,0.0,19.0,2.11,16.89,0.0,,,,,,India,direct,0,0.0,0,0,0,0,(Startup),,1,0,0,demoPID,101995,,{},19.0,,,,1,monthly,,0.0,0,,,,,,,1,card,,,,,,,,,,,,,,
DEMOPID000920==,Acme Pro,Drew Dubois,drew.dubois111@example.com,drew.dubois111@example.com,0,2026-03-24,2026-03-24 19:36:25 +0000,19.0,0.0,,0.0,19.0,2.03,16.97,0.0,,,,,,Brazil,direct,0,0.0,0,0,0,0,(Startup),,1,0,0,demoPID,104623,,{},19.0,,,,1,monthly,,0.0,0,,,,,,,1,card,,,,,,,,,,,,,,
DEMOPID000926==,Acme Pro,Jamie Patel,jamie.patel113@example.com,jamie.patel113@example.com,0,2026-03-25,2026-03-25 07:47:18 +0000,36.8,0.0,,0.0,36.8,3.76,32.99,0.0,,,,,,Japan,direct,0,0.0,0,0,0,0,(Business),launch25,1,0,0,demoPID,104644,,{},49.0,,,,1,monthly,,0.0,0,2026-06-02 00:00:00 UTC,2026-06-25,,,,,1,card,,,,,,,,,,,,,,
DEMOPID000702==,Acme Pro,Jordan Andersson,jordan.andersson92@example.com,jordan.andersson92@example.com,0,2026-03-25,2026-03-25 12:01:14 +0000,49.0,0.0,,0.0,49.0,4.73,44.27,0.0,,,,,,France,direct,0,0.0,0,0,0,0,(Business),,1,0,0,demoPID,103531,,{},49.0,,,,1,monthly,,0.0,0,2026-06-03 00:00:00 UTC,2026-06-25,,,,,1,card,,,,,,,,,,,,,,
DEMOPID000781==,Acme Pro,Reese Smith,reese.smith100@example.com,reese.smith100@example.com,0,2026-03-25,2026-03-25 16:14:11 +0000,0.0,0.0,,0.0,0.0,0.00,0.00,0.0,,,,,,Australia,direct,0,0.0,0,0,0,0,(Personal),oss100,1,0,0,demoPID,103917,,{},9.0,,,,1,monthly,,0.0,0,2026-05-29 00:00:00 UTC,2026-06-25,,,,,1,card,,,,,,,,,,,,,,
DEMOPID000174==,Acme Pro,Hayden Tanaka,hayden.tanaka20@example.com,hayden.tanaka20@example.com,0,2026-03-25,2026-03-25 22:15:36 +0000,9.0,0.0,,0.0,9.0,1.12,7.88,0.0,,,,,,Netherlands,direct,0,0.0,0,0,0,0,(Personal),,1,0,0,demoPID,100860,,{},9.0,,,,1,monthly,,0.0,0,,,,,,,1,card,,,,,,,,,,,,,,
DEMOPID000832==,Acme Pro,Cameron Tanaka,cameron.tanaka105@example.com,cameron.tanaka105@example.com,0,2026-03-26,2026-03-26 08:53:47 +0000,19.0,0.0,,0.0,19.0,2.19,16.81,0.0,,,,,,Sweden,direct,0,0.0,0,0,0,0,(Startup),,1,0,0,demoPID,104158,,{},19.0,,,,1,monthly,,0.0,0,2026-05-28 00:00:00 UTC,2026-06-26,,,,,1,card,,,,,,,,,,,,,,
DEMOPID000029==,Acme Pro,Taylor Smith,taylor.smith0@example.com,taylor.smith0@example.com,0,2026-03-26,2026-03-26 13:10:29 +0000,9.0,0.0,,0.0,9.0,0.85,8.15,0.0,,,,,,Japan,direct,0,0.0,0,0,0,0,(Personal),,1,0,0,demoPID,100155,,{},9.0,,,,1,monthly,,0.0,0,,,,,,,1,card,,,,,,,,,,,,,,
DEMOPID000157==,Acme Pro,Skyler Patel,skyler.patel19@example.com,skyler.patel19@example.com,0,2026-03-26,2026-03-26 17:02:29 +0000,99.0,0.0,,0.0,99.0,12.13,86.87,0.0,,,,,,Brazil,direct,0,0.0,0,0,0,0,(Enterprise),,1,0,0,demoPID,100762,,{},99.0,,,,1,monthly,,0.0,0,,,,,,,1,card,,,,,,,,,,,,,,
DEMOPID000079==,Acme Pro,Quinn Becker,quinn.becker12@example.com,quinn.becker12@example.com,0,2026-03-27,2026-03-27 23:10:42 +0000,49.0,0.0,,0.0,49.0,5.34,43.66,0.0,,,,,,Canada,direct,0,0.0,0,0,0,0,(Business),,1,0,0,demoPID,100376,,{},49.0,,,,1,monthly,,0.0,0,,,,,,,1,card,,,,,,,,,,,,,,
DEMOPID001253==,Acme Pro,Avery Johnson,avery.johnson154@example.com,avery.johnson154@example.com,0,2026-03-28,2026-03-28 13:28:47 +0000,19.0,0.0,,0.0,19.0,2.07,16.93,0.0,,,,,,Germany,direct,0,0.0,0,0,0,0,(Startup),,1,0,0,demoPID,106285,,{},19.0,,,,1,monthly,,0.0,0,,,,,,,1,card,,,,,,,,,,,,,,
DEMOPID000510==,Acme Pro,Hayden Ortiz,hayden.ortiz68@example.com,hayden.ortiz68@example.com,0,2026-03-28,2026-03-28 13:45:53 +0000,84.2,0.0,,0.0,84.2,9.88,74.27,0.0,,,,,,India,direct,0,0.0,0,0,0,0,(Enterprise),welcome15,1,0,0,demoPID,102631,,{},99.0,,,,1,monthly,,0.0,0,,,,,,,1,card,,,,,,,,,,,,,,
DEMOPID001034==,Acme Pro,Reese Kim,reese.kim128@example.com,reese.kim128@example.com,0,2026-03-28,2026-03-28 15:08:32 +0000,41.6,0.0,,0.0,41.6,3.88,37.77,0.0,,,,,,Italy,direct,0,0.0,0,0,0,0,(Business),welcome15,1,0,0,demoPID,105200,,{},49.0,,,,1,monthly,,0.0,0,2026-05-30 00:00:00 UTC,2026-06-28,,,,,1,card,,,,,,,,,,,,,,
DEMOPID000951==,Acme Pro,Drew Andersson,drew.andersson114@example.com,drew.andersson114@example.com,0,2026-03-28,2026-03-28 15:11:12 +0000,99.0,0.0,,0.0,99.0,9.19,89.81,0.0,,,,,,Sweden,direct,0,0.0,0,0,0,0,(Enterprise),,1,0,0,demoPID,104775,,{},99.0,,,,1,monthly,,0.0,0,,,,,,,1,card,,,,,,,,,,,,,,
DEMOPID001076==,Acme Pro,Robin Muller,robin.muller136@example.com,robin.muller136@example.com,0,2026-03-28,2026-03-28 15:58:30 +0000,19.0,0.0,,0.0,19.0,2.41,16.59,0.0,,,,,,Spain,direct,0,0.0,0,0,0,0,(Startup),,1,0,0,demoPID,105410,,{},19.0,,,,1,monthly,,0.0,0,,,,,,,1,card,,,,,,,,,,,,,,
DEMOPID001347==,Acme Pro,Alex Walsh,alex.walsh170@example.com,alex.walsh170@example.com,0,2026-03-28,2026-03-28 17:13:18 +0000,9.0,0.0,,0.0,9.0,1.11,7.89,0.0,,,,,,United States,direct,0,0.0,0,0,0,0,(Personal),,1,0,0,demoPID,106766,,{},9.0,,,,1,monthly,,0.0,0,,,,,,,1,card,,,,,,,,,,,,,,
DEMOPID000408==,Acme Pro,Hayden Schmidt,hayden.schmidt62@example.com,hayden.schmidt62@example.com,0,2026-03-28,2026-03-28 17:26:26 +0000,19.0,0.0,,0.0,19.0,2.41,16.59,0.0,,,,,,Australia,direct,0,0.0,0,0,0,0,(Startup),,1,0,0,demoPID,102083,,{},19.0,,,,1,monthly,,0.0,0,2026-05-28 00:00:00 UTC,2026-06-28,,,,,1,card,,,,,,,,,,,,,,
DEMOPID000312==,Acme Pro,Drew Patel,drew.patel49@example.com,drew.patel49@example.com,0,2026-03-28,2026-03-28 18:23:29 +0000,69.3,0.0,,0.0,69.3,7.24,62.06,0.0,,,,,,United Kingdom,direct,0,0.0,0,0,0,0,(Enterprise),earlybird,1,0,0,demoPID,101598,,{},99.0,,,,1,monthly,,0.0,0,,,,,,,1,card,,,,,,,,,,,,,,
DEMOPID001306==,Acme Pro,Casey Nguyen,casey.nguyen162@example.com,casey.nguyen162@example.com,0,2026-03-28,2026-03-28 18:57:12 +0000,0.0,0.0,,0.0,0.0,0.00,0.00,0.0,,,,,,Canada,direct,0,0.0,0,0,0,0,(Personal),oss100,1,0,0,demoPID,106549,,{},9.0,,,,1,monthly,,0.0,0,2026-05-28 00:00:00 UTC,2026-06-28,,,,,1,card,,,,,,,,,,,,,,
DEMOPID000741==,Acme Pro,Rowan Garcia,rowan.garcia97@example.com,rowan.garcia97@example.com,0,2026-03-28,2026-03-28 20:51:18 +0000,49.0,0.0,,0.0,49.0,5.11,43.89,0.0,,,,,,Netherlands,direct,0,0.0,0,0,0,0,(Business),,1,0,0,demoPID,103708,,{},49.0,,,,1,monthly,,0.0,0,,,,,,,1,card,,,,,,,,,,,,,,
DEMOPID001261==,Acme Pro,Quinn Silva,quinn.silva156@example.com,quinn.silva156@example.com,0,2026-03-28,2026-03-28 21:20:22 +0000,9.0,0.0,,0.0,9.0,1.06,7.94,0.0,,,,,,Portugal,direct,0,0.0,0,0,0,0,(Personal),,1,0,0,demoPID,106321,,{},9.0,,,,1,monthly,,0.0,0,,,,,,,1,card,,,,,,,,,,,,,,
DEMOPID000112==,Acme Pro,Parker Silva,parker.silva16@example.com,parker.silva16@example.com,0,2026-03-28,2026-03-28 21:23:04 +0000,19.0,0.0,,0.0,19.0,2.11,16.89,0.0,,,,,,Poland,direct,0,0.0,0,0,0,0,(Startup),,1,0,0,demoPID,100512,,{},19.0,,,,1,monthly,,0.0,0,2026-05-29 00:00:00 UTC,2026-06-28,,,,,1,card,,,,,,,,,,,,,,
DEMOPID000614==,Acme Pro,Emerson Rossi,emerson.rossi84@example.com,emerson.rossi84@example.com,0,2026-03-28,2026-03-28 22:18:08 +0000,49.0,0.0,,0.0,49.0,5.01,43.99,0.0,,,,,,Portugal,direct,0,0.0,0,0,0,0,(Business),,1,0,0,demoPID,103121,,{},49.0,,,,1,monthly,,0.0,0,,,,,,,1,card,,,,,,,,,,,,,,
DEMOPID000514==,Acme Pro,Quinn Silva,quinn.silva69@example.com,quinn.silva69@example.com,0,2026-03-30,2026-03-30 14:34:13 +0000,190.0,0.0,,0.0,190.0,22.88,167.12,0.0,,,,,,Portugal,direct,0,0.0,0,0,0,0,(Startup),,1,0,0,demoPID,102649,,{},190.0,,,,1,yearly,,0.0,0,,,,,,,1,card,,,,,,,,,,,,,,
DEMOPID000066==,Acme Pro,Hayden Smith,hayden.smith8@example.com,hayden.smith8@example.com,0,2026-03-30,2026-03-30 17:56:55 +0000,90.0,0.0,,0.0,90.0,9.37,80.63,0.0,,,,,,Germany,direct,0,0.0,0,0,0,0,(Personal),,1,0,0,demoPID,100315,,{},90.0,,,,1,yearly,,0.0,0,,,,,,,1,card,,,,,,,,,,,,,,
DEMOPID000355==,Acme Pro,Emerson Garcia,emerson.garcia53@example.com,emerson.garcia53@example.com,0,2026-03-31,2026-03-31 16:13:35 +0000,7.7,0.0,,0.0,7.7,0.90,6.75,0.0,,,,,,United Kingdom,direct,0,0.0,0,0,0,0,(Personal),welcome15,0,0,0,demoPID,101840,,{},9.0,,,,1,monthly,,0.0,0,,,,,,,1,card,,,,,,,,,,,,,,
DEMOPID000084==,Acme Pro,Jamie Costa,jamie.costa13@example.com,jamie.costa13@example.com,0,2026-04-01,2026-04-01 07:11:51 +0000,9.0,0.0,,0.0,9.0,1.09,7.91,0.0,,,,,,Brazil,direct,0,0.0,0,0,0,0,(Personal),,1,0,0,demoPID,100394,,{},9.0,,,,1,monthly,,0.0,0,,,,,,,1,card,,,,,,,,,,,,,,
DEMOPID001298==,Acme Pro,Avery Andersson,avery.andersson161@example.com,avery.andersson161@example.com,0,2026-04-01,2026-04-01 14:56:38 +0000,49.0,0.0,,0.0,49.0,4.68,44.32,0.0,,,,,,Japan,direct,0,0.0,0,0,0,0,(Business),,1,0,0,demoPID,106509,,{},49.0,,,,1,monthly,,0.0,0,2026-06-02 00:00:00 UTC,2026-07-01,,,,,1,card,,,,,,,,,,,,,,
DEMOPID000757==,Acme Pro,Robin Muller,robin.muller99@example.com,robin.muller99@example.com,0,2026-04-01,2026-04-01 17:18:56 +0000,490.0,0.0,,0.0,490.0,57.32,432.68,0.0,,,,,,Japan,direct,0,0.0,0,0,0,0,(Business),,1,0,0,demoPID,103794,,{},490.0,,,,1,yearly,,0.0,0,,,,,,,1,card,,,,,,,,,,,,,,
DEMOPID000359==,Acme Pro,Parker Dubois,parker.dubois56@example.com,parker.dubois56@example.com,0,2026-04-01,2026-04-01 17:44:17 +0000,49.0,0.0,,0.0,49.0,4.94,44.06,0.0,,,,,,Portugal,direct,0,0.0,0,0,0,0,(Business),,1,0,0,demoPID,101867,,{},49.0,,,,1,monthly,,0.0,0,,,,,,,1,card,,,,,,,,,,,,,,
DEMOPID000232==,Acme Pro,Drew Walsh,drew.walsh36@example.com,drew.walsh36@example.com,0,2026-04-02,2026-04-02 03:22:27 +0000,6.3,0.0,,0.0,6.3,0.76,5.54,0.0,,,,,,Spain,direct,0,0.0,0,0,0,0,(Personal),earlybird,1,0,0,demoPID,101168,,{},9.0,,,,1,monthly,,0.0,0,2026-06-04 00:00:00 UTC,2026-07-02,,,,,1,card,,,,,,,,,,,,,,
DEMOPID001270==,Acme Pro,Cameron Muller,cameron.muller157@example.com,cameron.muller157@example.com,0,2026-04-02,2026-04-02 14:43:42 +0000,99.0,0.0,,0.0,99.0,11.04,87.96,0.0,,,,,,Sweden,direct,0,0.0,0,0,0,0,(Enterprise),,1,0,0,demoPID,106360,,{},99.0,,,,1,monthly,,0.0,0,,,,,,,1,card,,,,,,,,,,,,,,
DEMOPID001425==,Acme Pro,Hayden Johnson,hayden.johnson182@example.com,hayden.johnson182@example.com,0,2026-04-02,2026-04-02 15:51:27 +0000,19.0,0.0,,0.0,19.0,1.80,17.20,0.0,,,,,,United States,direct,0,0.0,0,0,0,0,(Startup),,1,0,0,demoPID,107151,,{},19.0,,,,1,monthly,,0.0,0,,,,,,,1,card,,,,,,,,,,,,,,
DEMOPID001435==,Acme Pro,Devin Smith,devin.smith186@example.com,devin.smith186@example.com,0,2026-04-03,2026-04-03 02:47:38 +0000,49.0,0.0,,0.0,49.0,4.82,44.18,0.0,,,,,,Germany,direct,0,0.0,0,0,0,0,(Business),,1,0,0,demoPID,107205,,{},49.0,,,,1,monthly,,0.0,0,,,,,,,1,card,,,,,,,,,,,,,,
DEMOPID000279==,Acme Pro,Jordan Rossi,jordan.rossi42@example.com,jordan.rossi42@example.com,0,2026-04-03,2026-04-03 03:53:45 +0000,16.1,0.0,,0.0,16.1,1.47,14.68,0.0,,,,,,Germany,direct,0,0.0,0,0,0,0,(Startup),welcome15,1,0,0,demoPID,101444,,{},19.0,,,,1,monthly,,0.0,0,,,,,,,1,card,,,,,,,,,,,,,,
DEMOPID000652==,Acme Pro,Jordan Novak,jordan.novak88@example.com,jordan.novak88@example.com,0,2026-04-03,2026-04-03 08:25:09 +0000,49.0,0.0,,0.0,49.0,4.48,44.52,0.0,,,,,,Italy,direct,0,0.0,0,0,0,0,(Business),,1,0,0,demoPID,103295,,{},49.0,,,,1,monthly,,0.0,0,,,,,,,1,card,,,,,,,,,,,,,,
DEMOPID001105==,Acme Pro,Sam Ortiz,sam.ortiz141@example.com,sam.ortiz141@example.com,0,2026-04-03,2026-04-03 12:11:44 +0000,0.0,0.0,,0.0,0.0,0.00,0.00,0.0,,,,,,Poland,direct,0,0.0,0,0,0,0,(Personal),maintainer,1,0,0,demoPID,105573,,{},9.0,,,,1,monthly,,0.0,0,2026-06-04 00:00:00 UTC,2026-07-03,,,,,1,card,,,,,,,,,,,,,,
DEMOPID000885==,Acme Pro,Rowan Ortiz,rowan.ortiz108@example.com,rowan.ortiz108@example.com,0,2026-04-03,2026-04-03 16:16:56 +0000,49.0,0.0,,0.0,49.0,6.27,42.73,0.0,,,,,,United States,direct,0,0.0,0,0,0,0,(Business),,1,0,0,demoPID,104432,,{},49.0,,,,1,monthly,,0.0,0,2026-06-04 00:00:00 UTC,2026-07-03,,,,,1,card,,,,,,,,,,,,,,
DEMOPID000848==,Acme Pro,Casey Tanaka,casey.tanaka107@example.com,casey.tanaka107@example.com,0,2026-04-04,2026-04-04 04:06:01 +0000,9.0,0.0,,0.0,9.0,0.95,8.05,0.0,,,,,,Brazil,direct,0,0.0,0,0,0,0,(Personal),,1,0,0,demoPID,104240,,{},9.0,,,,1,monthly,,0.0,0,2026-06-04 00:00:00 UTC,2026-07-04,,,,,1,card,,,,,,,,,,,,,,
DEMOPID000251==,Acme Pro,Drew Silva,drew.silva40@example.com,drew.silva40@example.com,0,2026-04-04,2026-04-04 16:09:03 +0000,19.0,0.0,,0.0,19.0,2.17,16.83,0.0,,,,,,Germany,direct,0,0.0,0,0,0,0,(Startup),,1,0,0,demoPID,101273,,{},19.0,,,,1,monthly,,0.0,0,,,,,,,1,card,,,,,,,,,,,,,,
DEMOPID000034==,Acme Pro,Jordan Lee,jordan.lee2@example.com,jordan.lee2@example.com,0,2026-04-04,2026-04-04 16:55:38 +0000,19.0,0.0,,0.0,19.0,1.84,17.16,0.0,,,,,,Japan,direct,0,0.0,0,0,0,0,(Startup),,0,0,0,demoPID,100174,,{},19.0,,,,1,monthly,,0.0,0,,,,,,,1,card,,,,,,,,,,,,,,
DEMOPID001189==,Acme Pro,Sam Lee,sam.lee149@example.com,sam.lee149@example.com,0,2026-04-04,2026-04-04 17:09:47 +0000,19.0,0.0,,0.0,19.0,2.42,16.58,0.0,,,,,,Germany,direct,0,0.0,0,0,0,0,(Startup),,1,0,0,demoPID,105988,,{},19.0,,,,1,monthly,,0.0,0,,,,,,,1,card,,,,,,,,,,,,,,
DEMOPID000638==,Acme Pro,Morgan Schmidt,morgan.schmidt87@example.com,morgan.schmidt87@example.com,0,2026-04-04,2026-04-04 18:14:35 +0000,99.0,0.0,,0.0,99.0,12.75,86.25,0.0,,,,,,Sweden,direct,0,0.0,0,0,0,0,(Enterprise),,1,0,0,demoPID,103239,,{},99.0,,,,1,monthly,,0.0,0,,,,,,,1,card,,,,,,,,,,,,,,
DEMOPID000784==,Acme Pro,Parker Lee,parker.lee101@example.com,parker.lee101@example.com,0,2026-04-04,2026-04-04 20:00:07 +0000,9.0,0.0,,0.0,9.0,1.11,7.89,0.0,,,,,,France,direct,0,0.0,0,0,0,0,(Personal),,0,0,0,demoPID,103938,,{},9.0,,,,1,monthly,,0.0,0,,,,,,,1,card,,,,,,,,,,,,,,
DEMOPID000723==,Acme Pro,Jordan Dubois,jordan.dubois95@example.com,jordan.dubois95@example.com,0,2026-04-04,2026-04-04 21:28:11 +0000,19.0,0.0,,0.0,19.0,2.32,16.68,0.0,,,,,,Poland,direct,0,0.0,0,0,0,0,(Startup),,1,0,0,demoPID,103613,,{},19.0,,,,1,monthly,,0.0,0,,,,,,,1,card,,,,,,,,,,,,,,
DEMOPID000236==,Acme Pro,Rowan Johnson,rowan.johnson37@example.com,rowan.johnson37@example.com,0,2026-04-05,2026-04-05 07:32:35 +0000,90.0,0.0,,0.0,90.0,10.02,79.98,0.0,,,,,,United States,direct,0,0.0,0,0,0,0,(Personal),,1,0,0,demoPID,101187,,{},90.0,,,,1,yearly,,0.0,0,,,,,,,1,card,,,,,,,,,,,,,,
DEMOPID000815==,Acme Pro,Sam Smith,sam.smith104@example.com,sam.smith104@example.com,0,2026-04-05,2026-04-05 20:27:17 +0000,49.0,0.0,,0.0,49.0,5.81,43.19,0.0,,,,,,Spain,direct,0,0.0,0,0,0,0,(Business),,1,0,0,demoPID,104076,,{},49.0,,,,1,monthly,,0.0,0,,,,,,,1,card,,,,,,,,,,,,,,
DEMOPID000390==,Acme Pro,Casey Silva,casey.silva59@example.com,casey.silva59@example.com,0,2026-04-05,2026-04-05 21:51:19 +0000,49.0,0.0,,0.0,49.0,5.51,43.49,0.0,,,,,,France,direct,0,0.0,0,0,0,0,(Business),,1,0,0,demoPID,102008,,{},49.0,,,,1,monthly,,0.0,0,,,,,,,1,card,,,,,,,,,,,,,,
DEMOPID000563==,Acme Pro,Alex Nguyen,alex.nguyen81@example.com,alex.nguyen81@example.com,0,2026-04-06,2026-04-06 07:29:23 +0000,14.2,0.0,,0.0,14.2,1.70,12.55,0.0,,,,,,United States,direct,0,0.0,0,0,0,0,(Startup),launch25,1,0,0,demoPID,102861,,{},19.0,,,,1,monthly,,0.0,0,,,,,,,1,card,,,,,,,,,,,,,,
DEMOPID001062==,Acme Pro,Devin Ortiz,devin.ortiz132@example.com,devin.ortiz132@example.com,0,2026-04-06,2026-04-06 19:19:21 +0000,19.0,0.0,,0.0,19.0,2.22,16.78,0.0,,,,,,Brazil,direct,0,0.0,0,0,0,0,(Startup),,1,0,0,demoPID,105351,,{},19.0,,,,1,monthly,,0.0,0,,,,,,,1,card,,,,,,,,,,,,,,
DEMOPID000051==,Acme Pro,Jamie Silva,jamie.silva4@example.com,jamie.silva4@example.com,0,2026-04-07,2026-04-07 10:03:03 +0000,19.0,0.0,,0.0,19.0,1.76,17.24,0.0,,,,,,Netherlands,direct,0,0.0,0,0,0,0,(Startup),,1,0,0,demoPID,100261,,{},19.0,,,,1,monthly,,0.0,0,2026-05-15 00:00:00 UTC,2026-06-07,,,,,1,card,,,,,,,,,,,,,,
DEMOPID000229==,Acme Pro,Taylor Rossi,taylor.rossi35@example.com,taylor.rossi35@example.com,0,2026-04-07,2026-04-07 16:13:24 +0000,19.0,0.0,,0.0,19.0,1.78,17.22,0.0,,,,,,Netherlands,direct,0,0.0,0,0,0,0,(Startup),,1,0,0,demoPID,101150,,{},19.0,,,,1,monthly,,0.0,0,,,,,,,1,card,,,,,,,,,,,,,,
DEMOPID000074==,Acme Pro,Riley Novak,riley.novak11@example.com,riley.novak11@example.com,0,2026-04-08,2026-04-08 02:42:58 +0000,9.0,0.0,,0.0,9.0,0.94,8.06,0.0,,,,,,France,direct,0,0.0,0,0,0,0,(Personal),,1,0,0,demoPID,100351,,{},9.0,,,,1,monthly,,0.0,0,,,,,,,1,card,,,,,,,,,,,,,,
DEMOPID000095==,Acme Pro,Jamie Patel,jamie.patel15@example.com,jamie.patel15@example.com,0,2026-04-08,2026-04-08 08:27:31 +0000,39.2,0.0,,0.0,39.2,4.29,34.91,0.0,,,,,,Portugal,direct,0,0.0,0,0,0,0,(Business),friend20,1,0,0,demoPID,100440,,{},49.0,,,,1,monthly,,0.0,0,2026-05-18 00:00:00 UTC,2026-06-08,,,,,1,card,,,,,,,,,,,,,,
DEMOPID000459==,Acme Pro,Morgan Muller,morgan.muller64@example.com,morgan.muller64@example.com,0,2026-04-09,2026-04-09 03:05:00 +0000,19.0,0.0,,0.0,19.0,1.95,17.05,0.0,,,,,,Japan,direct,0,0.0,0,0,0,0,(Startup),,1,0,0,demoPID,102348,,{},19.0,,,,1,monthly,,0.0,0,,,,,,,1,card,,,,,,,,,,,,,,
DEMOPID000062==,Acme Pro,Casey Dubois,casey.dubois7@example.com,casey.dubois7@example.com,0,2026-04-09,2026-04-09 04:40:16 +0000,9.0,0.0,,0.0,9.0,0.81,8.19,0.0,,,,,,Italy,direct,0,0.0,0,0,0,0,(Personal),,1,0,0,demoPID,100302,,{},9.0,,,,1,monthly,,0.0,0,,,,,,,1,card,,,,,,,,,,,,,,
DEMOPID000674==,Acme Pro,Alex Rossi,alex.rossi89@example.com,alex.rossi89@example.com,0,2026-04-09,2026-04-09 12:37:06 +0000,49.0,0.0,,0.0,49.0,6.03,42.97,0.0,,,,,,Poland,direct,0,0.0,0,0,0,0,(Business),,1,0,0,demoPID,103390,,{},49.0,,,,1,monthly,,0.0,0,,,,,,,1,card,,,,,,,,,,,,,,
DEMOPID001153==,Acme Pro,Devin Andersson,devin.andersson147@example.com,devin.andersson147@example.com,0,2026-04-09,2026-04-09 16:55:27 +0000,49.0,0.0,,0.0,49.0,4.92,44.08,0.0,,,,,,Spain,direct,0,0.0,0,0,0,0,(Business),,1,0,0,demoPID,105827,,{},49.0,,,,1,monthly,,0.0,0,,,,,,,1,card,,,,,,,,,,,,,,
DEMOPID000802==,Acme Pro,Riley Rossi,riley.rossi103@example.com,riley.rossi103@example.com,0,2026-04-09,2026-04-09 23:41:23 +0000,9.0,0.0,,0.0,9.0,0.92,8.08,0.0,,,,,,Australia,direct,0,0.0,0,0,0,0,(Personal),,1,0,0,demoPID,104018,,{},9.0,,,,1,monthly,,0.0,0,,,,,,,1,card,,,,,,,,,,,,,,
DEMOPID001171==,Acme Pro,Drew Becker,drew.becker148@example.com,drew.becker148@example.com,0,2026-04-10,2026-04-10 13:13:39 +0000,99.0,0.0,,0.0,99.0,9.48,89.52,0.0,,,,,,India,direct,0,0.0,0,0,0,0,(Enterprise),,1,0,0,demoPID,105902,,{},99.0,,,,1,monthly,,0.0,0,,,,,,,1,card,,,,,,,,,,,,,,
DEMOPID001321==,Acme Pro,Hayden Smith,hayden.smith164@example.com,hayden.smith164@example.com,0,2026-04-11,2026-04-11 16:42:43 +0000,9.0,0.0,,0.0,9.0,0.95,8.05,0.0,,,,,,Japan,direct,0,0.0,0,0,0,0,(Personal),,1,0,0,demoPID,106612,,{},9.0,,,,1,monthly,,0.0,0,,,,,,,1,card,,,,,,,,,,,,,,
DEMOPID000902==,Acme Pro,Jamie Rossi,jamie.rossi109@example.com,jamie.rossi109@example.com,0,2026-04-11,2026-04-11 21:49:11 +0000,19.0,0.0,,0.0,19.0,2.01,16.99,0.0,,,,,,Portugal,direct,0,0.0,0,0,0,0,(Startup),,1,0,0,demoPID,104529,,{},19.0,,,,1,monthly,,0.0,0,2026-05-23 00:00:00 UTC,2026-06-11,,,,,1,card,,,,,,,,,,,,,,
DEMOPID000690==,Acme Pro,Hayden Silva,hayden.silva91@example.com,hayden.silva91@example.com,0,2026-04-12,2026-04-12 06:21:26 +0000,6.3,0.0,,0.0,6.3,0.60,5.70,0.0,,,,,,Canada,direct,0,0.0,0,0,0,0,(Personal),earlybird,1,0,0,demoPID,103467,,{},9.0,,,,1,monthly,,0.0,0,,,,,,,1,card,,,,,,,,,,,,,,
DEMOPID000555==,Acme Pro,Jordan Ferraro,jordan.ferraro80@example.com,jordan.ferraro80@example.com,0,2026-04-12,2026-04-12 08:49:06 +0000,49.0,0.0,,0.0,49.0,5.13,43.87,0.0,,,,,,Australia,direct,0,0.0,0,0,0,0,(Business),,1,0,0,demoPID,102816,,{},49.0,,,,1,monthly,,0.0,0,,,,,,,1,card,,,,,,,,,,,,,,
DEMOPID001382==,Acme Pro,Sam Patel,sam.patel175@example.com,sam.patel175@example.com,0,2026-04-12,2026-04-12 11:26:38 +0000,90.0,0.0,,0.0,90.0,9.92,80.08,0.0,,,,,,Poland,direct,0,0.0,0,0,0,0,(Personal),,1,0,0,demoPID,106936,,{},90.0,,,,1,yearly,,0.0,0,,,,,,,1,card,,,,,,,,,,,,,,
DEMOPID001130==,Acme Pro,Hayden Kim,hayden.kim145@example.com,hayden.kim145@example.com,0,2026-04-13,2026-04-13 12:22:14 +0000,29.4,0.0,,0.0,29.4,3.61,25.79,0.0,,,,,,Netherlands,direct,0,0.0,0,0,0,0,(Business),blackfriday,1,0,0,demoPID,105694,,{},49.0,,,,1,monthly,,0.0,0,,,,,,,1,card,,,,,,,,,,,,,,
DEMOPID000683==,Acme Pro,Robin Ferraro,robin.ferraro90@example.com,robin.ferraro90@example.com,0,2026-04-13,2026-04-13 15:58:42 +0000,49.0,0.0,,0.0,49.0,5.66,43.34,0.0,,,,,,India,direct,0,0.0,0,0,0,0,(Business),,1,0,0,demoPID,103437,,{},49.0,,,,1,monthly,,0.0,0,,,,,,,1,card,,,,,,,,,,,,,,
DEMOPID000209==,Acme Pro,Skyler Kim,skyler.kim30@example.com,skyler.kim30@example.com,0,2026-04-13,2026-04-13 17:16:51 +0000,19.0,0.0,,0.0,19.0,2.46,16.54,0.0,,,,,,India,direct,0,0.0,0,0,0,0,(Startup),,1,0,0,demoPID,101038,,{},19.0,,,,1,monthly,,0.0,0,,,,,,,1,card,,,,,,,,,,,,,,
DEMOPID001244==,Acme Pro,Drew Nguyen,drew.nguyen152@example.com,drew.nguyen152@example.com,0,2026-04-13,2026-04-13 17:45:49 +0000,9.0,0.0,,0.0,9.0,1.06,7.94,0.0,,,,,,Italy,direct,0,0.0,0,0,0,0,(Personal),,1,0,0,demoPID,106244,,{},9.0,,,,1,monthly,,0.0,0,,,,,,,1,card,,,,,,,,,,,,,,
DEMOPID000351==,Acme Pro,Morgan Ortiz,morgan.ortiz51@example.com,morgan.ortiz51@example.com,0,2026-04-14,2026-04-14 00:23:21 +0000,99.0,0.0,,0.0,99.0,10.79,88.21,0.0,,,,,,Japan,direct,0,0.0,0,0,0,0,(Enterprise),,1,0,0,demoPID,101822,,{},99.0,,,,1,monthly,,0.0,0,2026-05-15 00:00:00 UTC,2026-06-14,,,,,1,card,,,,,,,,,,,,,,
DEMOPID000522==,Acme Pro,Reese Costa,reese.costa75@example.com,reese.costa75@example.com,0,2026-04-14,2026-04-14 01:02:06 +0000,90.0,0.0,,0.0,90.0,11.32,78.68,0.0,,,,,,Sweden,direct,0,0.0,0,0,0,0,(Personal),,0,0,0,demoPID,102686,,{},90.0,,,,1,yearly,,0.0,0,,,,,,,1,card,,,,,,,,,,,,,,
DEMOPID001376==,Acme Pro,Alex Johnson,alex.johnson172@example.com,alex.johnson172@example.com,0,2026-04-14,2026-04-14 04:23:30 +0000,99.0,0.0,,0.0,99.0,12.39,86.61,0.0,,,,,,Poland,direct,0,0.0,0,0,0,0,(Enterprise),,1,0,0,demoPID,106906,,{},99.0,,,,1,monthly,,0.0,0,2026-06-04 00:00:00 UTC,2026-06-14,,,,,1,card,,,,,,,,,,,,,,
DEMOPID000288==,Acme Pro,Cameron Tanaka,cameron.tanaka43@example.com,cameron.tanaka43@example.com,0,2026-04-14,2026-04-14 11:04:33 +0000,4.5,0.0,,0.0,4.5,0.50,4.00,0.0,,,,,,Spain,direct,0,0.0,0,0,0,0,(Personal),student50,1,0,0,demoPID,101479,,{},9.0,,,,1,monthly,,0.0,0,,,,,,,1,card,,,,,,,,,,,,,,
DEMOPID000968==,Acme Pro,Alex Johnson,alex.johnson117@example.com,alex.johnson117@example.com,0,2026-04-14,2026-04-14 16:24:46 +0000,49.0,0.0,,0.0,49.0,5.93,43.07,0.0,,,,,,Spain,direct,0,0.0,0,0,0,0,(Business),,1,0,0,demoPID,104876,,{},49.0,,,,1,monthly,,0.0,0,,,,,,,1,card,,,,,,,,,,,,,,
DEMOPID000194==,Acme Pro,Jamie Novak,jamie.novak29@example.com,jamie.novak29@example.com,0,2026-04-14,2026-04-14 19:56:35 +0000,49.0,0.0,,0.0,49.0,5.33,43.67,0.0,,,,,,Poland,direct,0,0.0,0,0,0,0,(Business),,1,0,0,demoPID,100959,,{},49.0,,,,1,monthly,,0.0,0,2026-05-25 00:00:00 UTC,2026-06-14,,,,,1,card,,,,,,,,,,,,,,
DEMOPID001014==,Acme Pro,Drew Dubois,drew.dubois122@example.com,drew.dubois122@example.com,0,2026-04-15,2026-04-15 01:15:39 +0000,49.0,0.0,,0.0,49.0,4.63,44.37,0.0,,,,,,Italy,direct,0,0.0,0,0,0,0,(Business),,1,0,0,demoPID,105109,,{},49.0,,,,1,monthly,,0.0,0,,,,,,,1,card,,,,,,,,,,,,,,
DEMOPID000117==,Acme Pro,Skyler Muller,skyler.muller17@example.com,skyler.muller17@example.com,0,2026-04-15,2026-04-15 14:36:39 +0000,9.0,0.0,,0.0,9.0,0.90,8.10,0.0,,,,,,Netherlands,direct,0,0.0,0,0,0,0,(Personal),,1,0,0,demoPID,100551,,{},9.0,,,,1,monthly,,0.0,0,,,,,,,1,card,,,,,,,,,,,,,,
DEMOPID001279==,Acme Pro,Robin Novak,robin.novak158@example.com,robin.novak158@example.com,0,2026-04-15,2026-04-15 17:29:45 +0000,49.0,0.0,,0.0,49.0,5.22,43.78,0.0,,,,,,Brazil,direct,0,0.0,0,0,0,0,(Business),,1,0,0,demoPID,106414,,{},49.0,,,,1,monthly,,0.0,0,2026-05-29 00:00:00 UTC,2026-06-15,,,,,1,card,,,,,,,,,,,,,,
DEMOPID001136==,Acme Pro,Jamie Becker,jamie.becker146@example.com,jamie.becker146@example.com,0,2026-04-16,2026-04-16 09:39:03 +0000,19.0,0.0,,0.0,19.0,2.32,16.68,0.0,,,,,,Canada,direct,0,0.0,0,0,0,0,(Startup),,1,0,0,demoPID,105727,,{},19.0,,,,1,monthly,,0.0,0,,,,,,,1,card,,,,,,,,,,,,,,
DEMOPID000787==,Acme Pro,Parker Garcia,parker.garcia102@example.com,parker.garcia102@example.com,0,2026-04-16,2026-04-16 09:57:41 +0000,0.0,0.0,,0.0,0.0,0.00,0.00,0.0,,,,,,Netherlands,direct,0,0.0,0,0,0,0,(Personal),maintainer,0,0,0,demoPID,103949,,{},90.0,,,,1,yearly,,0.0,0,,,,,,,1,card,,,,,,,,,,,,,,
DEMOPID000425==,Acme Pro,Robin Lee,robin.lee63@example.com,robin.lee63@example.com,0,2026-04-16,2026-04-16 15:46:41 +0000,41.6,0.0,,0.0,41.6,4.18,37.47,0.0,,,,,,Australia,direct,0,0.0,0,0,0,0,(Business),welcome15,1,0,0,demoPID,102177,,{},49.0,,,,1,monthly,,0.0,0,,,,,,,1,card,,,,,,,,,,,,,,
DEMOPID001223==,Acme Pro,Cameron Johnson,cameron.johnson151@example.com,cameron.johnson151@example.com,0,2026-04-17,2026-04-17 01:17:08 +0000,19.0,0.0,,0.0,19.0,2.24,16.76,0.0,,,,,,Italy,direct,0,0.0,0,0,0,0,(Startup),,1,0,0,demoPID,106142,,{},19.0,,,,1,monthly,,0.0,0,2026-05-23 00:00:00 UTC,2026-06-17,,,,,1,card,,,,,,,,,,,,,,
DEMOPID001220==,Acme Pro,Rowan Johnson,rowan.johnson150@example.com,rowan.johnson150@example.com,0,2026-04-17,2026-04-17 13:55:12 +0000,36.8,0.0,,0.0,36.8,3.66,33.09,0.0,,,,,,United Kingdom,direct,0,0.0,0,0,0,0,(Business),launch25,1,0,0,demoPID,106128,,{},49.0,,,,1,monthly,,0.0,0,,,,,,,1,card,,,,,,,,,,,,,,
DEMOPID000046==,Acme Pro,Robin Tanaka,robin.tanaka3@example.com,robin.tanaka3@example.com,0,2026-04-17,2026-04-17 17:06:03 +0000,11.4,0.0,,0.0,11.4,1.23,10.17,0.0,,,,,,Italy,direct,0,0.0,0,0,0,0,(Startup),blackfriday,1,0,0,demoPID,100221,,{},19.0,,,,1,monthly,,0.0,0,2026-05-17 00:00:00 UTC,2026-06-17,,,,,1,card,,,,,,,,,,,,,,
DEMOPID000754==,Acme Pro,Reese Garcia,reese.garcia98@example.com,reese.garcia98@example.com,0,2026-04-17,2026-04-17 17:40:13 +0000,49.0,0.0,,0.0,49.0,5.81,43.19,0.0,,,,,,Canada,direct,0,0.0,0,0,0,0,(Business),,1,0,0,demoPID,103777,,{},49.0,,,,1,monthly,,0.0,0,,,,,,,1,card,,,,,,,,,,,,,,
DEMOPID000301==,Acme Pro,Parker Rossi,parker.rossi47@example.com,parker.rossi47@example.com,0,2026-04-17,2026-04-17 21:10:01 +0000,19.0,0.0,,0.0,19.0,2.32,16.68,0.0,,,,,,Brazil,direct,0,0.0,0,0,0,0,(Startup),,1,0,0,demoPID,101541,,{},19.0,,,,1,monthly,,0.0,0,,,,,,,1,card,,,,,,,,,,,,,,
DEMOPID000184==,Acme Pro,Skyler Silva,skyler.silva23@example.com,skyler.silva23@example.com,0,2026-04-18,2026-04-18 07:31:58 +0000,9.0,0.0,,0.0,9.0,1.03,7.97,0.0,,,,,,Japan,direct,0,0.0,0,0,0,0,(Personal),,1,0,0,demoPID,100914,,{},9.0,,,,1,monthly,,0.0,0,2026-05-22 00:00:00 UTC,2026-06-18,,,,,1,card,,,,,,,,,,,,,,
DEMOPID000992==,Acme Pro,Drew Garcia,drew.garcia119@example.com,drew.garcia119@example.com,0,2026-04-18,2026-04-18 09:00:19 +0000,19.0,0.0,,0.0,19.0,2.46,16.54,0.0,,,,,,Germany,direct,0,0.0,0,0,0,0,(Startup),,1,0,0,demoPID,104989,,{},19.0,,,,1,monthly,,0.0,0,2026-05-21 00:00:00 UTC,2026-06-18,,,,,1,card,,,,,,,,,,,,,,
DEMOPID000032==,Acme Pro,Quinn Becker,quinn.becker1@example.com,quinn.becker1@example.com,0,2026-04-18,2026-04-18 11:56:53 +0000,6.3,0.0,,0.0,6.3,0.60,5.70,0.0,,,,,,Spain,direct,0,0.0,0,0,0,0,(Personal),earlybird,0,0,0,demoPID,100160,,{},9.0,,,,1,monthly,,0.0,0,,,,,,,1,card,,,,,,,,,,,,,,
DEMOPID000535==,Acme Pro,Skyler Smith,skyler.smith76@example.com,skyler.smith76@example.com,0,2026-04-18,2026-04-18 19:43:28 +0000,99.0,0.0,,0.0,99.0,12.55,86.45,0.0,,,,,,Germany,direct,0,0.0,0,0,0,0,(Enterprise),,1,0,0,demoPID,102737,,{},99.0,,,,1,monthly,,0.0,0,,,,,,,1,card,,,,,,,,,,,,,,
DEMOPID001047==,Acme Pro,Cameron Rossi,cameron.rossi130@example.com,cameron.rossi130@example.com,0,2026-04-19,2026-04-19 16:07:11 +0000,19.0,0.0,,0.0,19.0,1.78,17.22,0.0,,,,,,Poland,direct,0,0.0,0,0,0,0,(Startup),,1,0,0,demoPID,105281,,{},19.0,,,,1,monthly,,0.0,0,2026-05-29 00:00:00 UTC,2026-06-19,,,,,1,card,,,,,,,,,,,,,,
DEMOPID000599==,Acme Pro,Hayden Nguyen,hayden.nguyen82@example.com,hayden.nguyen82@example.com,0,2026-04-20,2026-04-20 00:20:38 +0000,5.4,0.0,,0.0,5.4,0.54,4.86,0.0,,,,,,Brazil,direct,0,0.0,0,0,0,0,(Personal),blackfriday,1,0,0,demoPID,103058,,{},9.0,,,,1,monthly,,0.0,0,,,,,,,1,card,,,,,,,,,,,,,,
DEMOPID001364==,Acme Pro,Emerson Garcia,emerson.garcia171@example.com,emerson.garcia171@example.com,0,2026-04-20,2026-04-20 08:42:35 +0000,19.0,0.0,,0.0,19.0,2.31,16.69,0.0,,,,,,Spain,direct,0,0.0,0,0,0,0,(Startup),,1,0,0,demoPID,106853,,{},19.0,,,,1,monthly,,0.0,0,,,,,,,1,card,,,,,,,,,,,,,,
DEMOPID000320==,Acme Pro,Reese Schmidt,reese.schmidt50@example.com,reese.schmidt50@example.com,0,2026-04-21,2026-04-21 19:34:05 +0000,19.0,0.0,,0.0,19.0,2.19,16.81,0.0,,,,,,Poland,direct,0,0.0,0,0,0,0,(Startup),,1,0,0,demoPID,101648,,{},19.0,,,,1,monthly,,0.0,0,2026-05-23 00:00:00 UTC,2026-06-21,,,,,1,card,,,,,,,,,,,,,,
DEMOPID000153==,Acme Pro,Morgan Andersson,morgan.andersson18@example.com,morgan.andersson18@example.com,0,2026-04-21,2026-04-21 21:52:17 +0000,19.0,0.0,,0.0,19.0,2.47,16.53,0.0,,,,,,United Kingdom,direct,0,0.0,0,0,0,0,(Startup),,1,0,0,demoPID,100742,,{},19.0,,,,1,monthly,,0.0,0,,,,,,,1,card,,,,,,,,,,,,,,
DEMOPID001384==,Acme Pro,Hayden Rossi,hayden.rossi176@example.com,hayden.rossi176@example.com,0,2026-04-22,2026-04-22 07:33:45 +0000,490.0,0.0,,0.0,490.0,46.27,443.73,0.0,,,,,,Sweden,direct,0,0.0,0,0,0,0,(Business),,1,0,0,demoPID,106945,,{},490.0,,,,1,yearly,,0.0,0,2026-04-22 00:00:00 UTC,2027-04-22,,,,,1,card,,,,,,,,,,,,,,
DEMOPID001390==,Acme Pro,Rowan Schmidt,rowan.schmidt179@example.com,rowan.schmidt179@example.com,0,2026-04-22,2026-04-22 13:54:13 +0000,9.0,0.0,,0.0,9.0,0.95,8.05,0.0,,,,,,Spain,direct,0,0.0,0,0,0,0,(Personal),,1,0,0,demoPID,106981,,{},9.0,,,,1,monthly,,0.0,0,,,,,,,1,card,,,,,,,,,,,,,,
DEMOPID001334==,Acme Pro,Hayden Ferraro,hayden.ferraro169@example.com,hayden.ferraro169@example.com,0,2026-04-22,2026-04-22 18:24:39 +0000,99.0,0.0,,0.0,99.0,9.95,89.05,0.0,,,,,,United States,direct,0,0.0,0,0,0,0,(Enterprise),,1,0,0,demoPID,106689,,{},99.0,,,,1,monthly,,0.0,0,,,,,,,1,card,,,,,,,,,,,,,,
DEMOPID001326==,Acme Pro,Morgan Novak,morgan.novak168@example.com,morgan.novak168@example.com,0,2026-04-22,2026-04-22 21:31:31 +0000,49.0,0.0,,0.0,49.0,4.81,44.19,0.0,,,,,,Spain,direct,0,0.0,0,0,0,0,(Business),,0,0,0,demoPID,106631,,{},49.0,,,,1,monthly,,0.0,0,2026-06-03 00:00:00 UTC,2026-06-22,,,,,1,card,,,,,,,,,,,,,,
DEMOPID000719==,Acme Pro,Casey Costa,casey.costa94@example.com,casey.costa94@example.com,0,2026-04-23,2026-04-23 05:21:22 +0000,49.0,0.0,,0.0,49.0,5.71,43.29,0.0,,,,,,Japan,direct,0,0.0,0,0,0,0,(Business),,1,0,0,demoPID,103589,,{},49.0,,,,1,monthly,,0.0,0,2026-05-29 00:00:00 UTC,2026-06-23,,,,,1,card,,,,,,,,,,,,,,
DEMOPID001111==,Acme Pro,Robin Andersson,robin.andersson142@example.com,robin.andersson142@example.com,0,2026-04-23,2026-04-23 06:52:44 +0000,49.0,0.0,,0.0,49.0,4.54,44.46,0.0,,,,,,Sweden,direct,0,0.0,0,0,0,0,(Business),,1,0,0,demoPID,105598,,{},49.0,,,,1,monthly,,0.0,0,,,,,,,1,card,,,,,,,,,,,,,,
DEMOPID000477==,Acme Pro,Cameron Lee,cameron.lee67@example.com,cameron.lee67@example.com,0,2026-04-23,2026-04-23 17:32:59 +0000,9.0,0.0,,0.0,9.0,1.02,7.98,0.0,,,,,,France,direct,0,0.0,0,0,0,0,(Personal),,1,0,0,demoPID,102447,,{},9.0,,,,1,monthly,,0.0,0,,,,,,,1,card,,,,,,,,,,,,,,
DEMOPID000387==,Acme Pro,Sam Lee,sam.lee58@example.com,sam.lee58@example.com,0,2026-04-24,2026-04-24 03:03:53 +0000,19.0,0.0,,0.0,19.0,2.41,16.59,0.0,,,,,,India,direct,0,0.0,0,0,0,0,(Startup),,1,0,0,demoPID,101997,,{},19.0,,,,1,monthly,,0.0,0,,,,,,,1,card,,,,,,,,,,,,,,
DEMOPID001456==,Acme Pro,Casey Andersson,casey.andersson189@example.com,casey.andersson189@example.com,0,2026-04-24,2026-04-24 05:38:31 +0000,7.7,0.0,,0.0,7.7,0.74,6.91,0.0,,,,,,Netherlands,direct,0,0.0,0,0,0,0,(Personal),welcome15,1,0,0,demoPID,107333,,{},9.0,,,,1,monthly,,0.0,0,,,,,,,1,card,,,,,,,,,,,,,,
DEMOPID000921==,Acme Pro,Drew Dubois,drew.dubois111@example.com,drew.dubois111@example.com,0,2026-04-24,2026-04-24 10:14:20 +0000,19.0,0.0,,0.0,19.0,1.77,17.23,0.0,,,,,,Brazil,direct,0,0.0,0,0,0,0,(Startup),,1,0,0,demoPID,104625,,{},19.0,,,,1,monthly,,0.0,0,,,,,,,1,card,,,,,,,,,,,,,,
DEMOPID000782==,Acme Pro,Reese Smith,reese.smith100@example.com,reese.smith100@example.com,0,2026-04-25,2026-04-25 02:50:32 +0000,0.0,0.0,,0.0,0.0,0.00,0.00,0.0,,,,,,Australia,direct,0,0.0,0,0,0,0,(Personal),oss100,1,0,0,demoPID,103926,,{},9.0,,,,1,monthly,,0.0,0,2026-05-29 00:00:00 UTC,2026-06-25,,,,,1,card,,,,,,,,,,,,,,
DEMOPID000703==,Acme Pro,Jordan Andersson,jordan.andersson92@example.com,jordan.andersson92@example.com,0,2026-04-25,2026-04-25 04:13:46 +0000,49.0,0.0,,0.0,49.0,5.84,43.16,0.0,,,,,,France,direct,0,0.0,0,0,0,0,(Business),,1,0,0,demoPID,103535,,{},49.0,,,,1,monthly,,0.0,0,2026-06-03 00:00:00 UTC,2026-06-25,,,,,1,card,,,,,,,,,,,,,,
DEMOPID000927==,Acme Pro,Jamie Patel,jamie.patel113@example.com,jamie.patel113@example.com,0,2026-04-25,2026-04-25 04:33:53 +0000,36.8,0.0,,0.0,36.8,4.23,32.52,0.0,,,,,,Japan,direct,0,0.0,0,0,0,0,(Business),launch25,1,0,0,demoPID,104652,,{},49.0,,,,1,monthly,,0.0,0,2026-06-02 00:00:00 UTC,2026-06-25,,,,,1,card,,,,,,,,,,,,,,
DEMOPID000175==,Acme Pro,Hayden Tanaka,hayden.tanaka20@example.com,hayden.tanaka20@example.com,0,2026-04-25,2026-04-25 13:02:20 +0000,9.0,0.0,,0.0,9.0,0.89,8.11,0.0,,,,,,Netherlands,direct,0,0.0,0,0,0,0,(Personal),,1,0,0,demoPID,100867,,{},9.0,,,,1,monthly,,0.0,0,,,,,,,1,card,,,,,,,,,,,,,,
DEMOPID000517==,Acme Pro,Jamie Costa,jamie.costa71@example.com,jamie.costa71@example.com,0,2026-04-25,2026-04-25 17:10:20 +0000,490.0,0.0,,0.0,490.0,49.61,440.39,0.0,,,,,,Portugal,direct,0,0.0,0,0,0,0,(Business),,1,0,0,demoPID,102664,,{},490.0,,,,1,yearly,,0.0,0,,,,,,,1,card,,,,,,,,,,,,,,
DEMOPID000158==,Acme Pro,Skyler Patel,skyler.patel19@example.com,skyler.patel19@example.com,0,2026-04-26,2026-04-26 10:07:49 +0000,99.0,0.0,,0.0,99.0,10.16,88.84,0.0,,,,,,Brazil,direct,0,0.0,0,0,0,0,(Enterprise),,1,0,0,demoPID,100764,,{},99.0,,,,1,monthly,,0.0,0,,,,,,,1,card,,,,,,,,,,,,,,
DEMOPID000833==,Acme Pro,Cameron Tanaka,cameron.tanaka105@example.com,cameron.tanaka105@example.com,0,2026-04-26,2026-04-26 18:11:24 +0000,19.0,0.0,,0.0,19.0,2.15,16.85,0.0,,,,,,Sweden,direct,0,0.0,0,0,0,0,(Startup),,1,0,0,demoPID,104163,,{},19.0,,,,1,monthly,,0.0,0,2026-05-28 00:00:00 UTC,2026-06-26,,,,,1,card,,,,,,,,,,,,,,
DEMOPID000030==,Acme Pro,Taylor Smith,taylor.smith0@example.com,taylor.smith0@example.com,0,2026-04-26,2026-04-26 23:16:32 +0000,9.0,0.0,,0.0,9.0,1.15,7.85,0.0,,,,,,Japan,direct,0,0.0,0,0,0,0,(Personal),,1,0,0,demoPID,100156,,{},9.0,,,,1,monthly,,0.0,0,,,,,,,1,card,,,,,,,,,,,,,,
DEMOPID000970==,Acme Pro,Rowan Nguyen,rowan.nguyen118@example.com,rowan.nguyen118@example.com,0,2026-04-27,2026-04-27 09:20:26 +0000,490.0,0.0,,0.0,490.0,47.12,442.88,0.0,,,,,,France,direct,0,0.0,0,0,0,0,(Business),,0,0,0,demoPID,104888,,{},490.0,,,,1,yearly,,0.0,0,,,,,,,1,card,,,,,,,,,,,,,,
DEMOPID000080==,Acme Pro,Quinn Becker,quinn.becker12@example.com,quinn.becker12@example.com,0,2026-04-27,2026-04-27 21:40:39 +0000,49.0,0.0,,0.0,49.0,4.97,44.03,0.0,,,,,,Canada,direct,0,0.0,0,0,0,0,(Business),,1,0,0,demoPID,100378,,{},49.0,,,,1,monthly,,0.0,0,,,,,,,1,card,,,,,,,,,,,,,,
DEMOPID000952==,Acme Pro,Drew Andersson,drew.andersson114@example.com,drew.andersson114@example.com,0,2026-04-28,2026-04-28 00:07:49 +0000,99.0,0.0,,0.0,99.0,12.15,86.85,0.0,,,,,,Sweden,direct,0,0.0,0,0,0,0,(Enterprise),,1,0,0,demoPID,104780,,{},99.0,,,,1,monthly,,0.0,0,,,,,,,1,card,,,,,,,,,,,,,,
DEMOPID000113==,Acme Pro,Parker Silva,parker.silva16@example.com,parker.silva16@example.com,0,2026-04-28,2026-04-28 00:54:26 +0000,19.0,0.0,,0.0,19.0,2.20,16.80,0.0,,,,,,Poland,direct,0,0.0,0,0,0,0,(Startup),,1,0,0,demoPID,100521,,{},19.0,,,,1,monthly,,0.0,0,2026-05-29 00:00:00 UTC,2026-06-28,,,,,1,card,,,,,,,,,,,,,,
DEMOPID001254==,Acme Pro,Avery Johnson,avery.johnson154@example.com,avery.johnson154@example.com,0,2026-04-28,2026-04-28 02:01:55 +0000,19.0,0.0,,0.0,19.0,1.93,17.07,0.0,,,,,,Germany,direct,0,0.0,0,0,0,0,(Startup),,1,0,0,demoPID,106286,,{},19.0,,,,1,monthly,,0.0,0,,,,,,,1,card,,,,,,,,,,,,,,
DEMOPID000313==,Acme Pro,Drew Patel,drew.patel49@example.com,drew.patel49@example.com,0,2026-04-28,2026-04-28 02:04:19 +0000,69.3,0.0,,0.0,69.3,6.60,62.70,0.0,,,,,,United Kingdom,direct,0,0.0,0,0,0,0,(Enterprise),earlybird,1,0,0,demoPID,101607,,{},99.0,,,,1,monthly,,0.0,0,,,,,,,1,card,,,,,,,,,,,,,,
DEMOPID000511==,Acme Pro,Hayden Ortiz,hayden.ortiz68@example.com,hayden.ortiz68@example.com,0,2026-04-28,2026-04-28 02:36:01 +0000,84.2,0.0,,0.0,84.2,9.22,74.93,0.0,,,,,,India,direct,0,0.0,0,0,0,0,(Enterprise),welcome15,1,0,0,demoPID,102639,,{},99.0,,,,1,monthly,,0.0,0,,,,,,,1,card,,,,,,,,,,,,,,
DEMOPID001035==,Acme Pro,Reese Kim,reese.kim128@example.com,reese.kim128@example.com,0,2026-04-28,2026-04-28 11:11:54 +0000,41.6,0.0,,0.0,41.6,4.93,36.72,0.0,,,,,,Italy,direct,0,0.0,0,0,0,0,(Business),welcome15,1,0,0,demoPID,105208,,{},49.0,,,,1,monthly,,0.0,0,2026-05-30 00:00:00 UTC,2026-06-28,,,,,1,card,,,,,,,,,,,,,,
DEMOPID000409==,Acme Pro,Hayden Schmidt,hayden.schmidt62@example.com,hayden.schmidt62@example.com,0,2026-04-28,2026-04-28 12:15:16 +0000,19.0,0.0,,0.0,19.0,2.11,16.89,0.0,,,,,,Australia,direct,0,0.0,0,0,0,0,(Startup),,1,0,0,demoPID,102092,,{},19.0,,,,1,monthly,,0.0,0,2026-05-28 00:00:00 UTC,2026-06-28,,,,,1,card,,,,,,,,,,,,,,
DEMOPID001077==,Acme Pro,Robin Muller,robin.muller136@example.com,robin.muller136@example.com,0,2026-04-28,2026-04-28 15:09:40 +0000,19.0,0.0,,0.0,19.0,2.20,16.80,0.0,,,,,,Spain,direct,0,0.0,0,0,0,0,(Startup),,1,0,0,demoPID,105411,,{},19.0,,,,1,monthly,,0.0,0,,,,,,,1,card,,,,,,,,,,,,,,
DEMOPID001262==,Acme Pro,Quinn Silva,quinn.silva156@example.com,quinn.silva156@example.com,0,2026-04-28,2026-04-28 17:10:34 +0000,9.0,0.0,,0.0,9.0,0.94,8.06,0.0,,,,,,Portugal,direct,0,0.0,0,0,0,0,(Personal),,1,0,0,demoPID,106324,,{},9.0,,,,1,monthly,,0.0,0,,,,,,,1,card,,,,,,,,,,,,,,
DEMOPID001348==,Acme Pro,Alex Walsh,alex.walsh170@example.com,alex.walsh170@example.com,0,2026-04-28,2026-04-28 18:25:51 +0000,9.0,0.0,,0.0,9.0,0.83,8.17,0.0,,,,,,United States,direct,0,0.0,0,0,0,0,(Personal),,1,0,0,demoPID,106771,,{},9.0,,,,1,monthly,,0.0,0,,,,,,,1,card,,,,,,,,,,,,,,
DEMOPID001307==,Acme Pro,Casey Nguyen,casey.nguyen162@example.com,casey.nguyen162@example.com,0,2026-04-28,2026-04-28 21:22:01 +0000,0.0,0.0,,0.0,0.0,0.00,0.00,0.0,,,,,,Canada,direct,0,0.0,0,0,0,0,(Personal),oss100,1,0,0,demoPID,106552,,{},9.0,,,,1,monthly,,0.0,0,2026-05-28 00:00:00 UTC,2026-06-28,,,,,1,card,,,,,,,,,,,,,,
DEMOPID000742==,Acme Pro,Rowan Garcia,rowan.garcia97@example.com,rowan.garcia97@example.com,0,2026-04-28,2026-04-28 22:06:02 +0000,49.0,0.0,,0.0,49.0,5.43,43.57,0.0,,,,,,Netherlands,direct,0,0.0,0,0,0,0,(Business),,1,0,0,demoPID,103717,,{},49.0,,,,1,monthly,,0.0,0,,,,,,,1,card,,,,,,,,,,,,,,
DEMOPID000615==,Acme Pro,Emerson Rossi,emerson.rossi84@example.com,emerson.rossi84@example.com,0,2026-04-28,2026-04-28 22:36:25 +0000,49.0,0.0,,0.0,49.0,5.84,43.16,0.0,,,,,,Portugal,direct,0,0.0,0,0,0,0,(Business),,1,0,0,demoPID,103124,,{},49.0,,,,1,monthly,,0.0,0,,,,,,,1,card,,,,,,,,,,,,,,
DEMOPID001299==,Acme Pro,Avery Andersson,avery.andersson161@example.com,avery.andersson161@example.com,0,2026-05-01,2026-05-01 10:11:45 +0000,49.0,0.0,,0.0,49.0,5.91,43.09,0.0,,,,,,Japan,direct,0,0.0,0,0,0,0,(Business),,1,0,0,demoPID,106518,,{},49.0,,,,1,monthly,,0.0,0,2026-06-02 00:00:00 UTC,2026-07-01,,,,,1,card,,,,,,,,,,,,,,
DEMOPID000085==,Acme Pro,Jamie Costa,jamie.costa13@example.com,jamie.costa13@example.com,0,2026-05-01,2026-05-01 17:15:58 +0000,9.0,0.0,,0.0,9.0,0.98,8.02,0.0,,,,,,Brazil,direct,0,0.0,0,0,0,0,(Personal),,1,0,0,demoPID,100403,,{},9.0,,,,1,monthly,,0.0,0,,,,,,,1,card,,,,,,,,,,,,,,
DEMOPID001022==,Acme Pro,Cameron Novak,cameron.novak126@example.com,cameron.novak126@example.com,0,2026-05-01,2026-05-01 20:16:56 +0000,9.0,0.0,,0.0,9.0,1.10,7.90,0.0,,,,,,Japan,direct,0,0.0,0,0,0,0,(Personal),,0,0,0,demoPID,105137,,{},9.0,,,,1,monthly,,0.0,0,,,,,,,1,card,,,,,,,,,,,,,,
DEMOPID000360==,Acme Pro,Parker Dubois,parker.dubois56@example.com,parker.dubois56@example.com,0,2026-05-01,2026-05-01 23:37:15 +0000,49.0,0.0,,0.0,49.0,4.62,44.38,0.0,,,,,,Portugal,direct,0,0.0,0,0,0,0,(Business),,1,0,0,demoPID,101870,,{},49.0,,,,1,monthly,,0.0,0,,,,,,,1,card,,,,,,,,,,,,,,
DEMOPID001271==,Acme Pro,Cameron Muller,cameron.muller157@example.com,cameron.muller157@example.com,0,2026-05-02,2026-05-02 12:12:31 +0000,99.0,0.0,,0.0,99.0,12.77,86.23,0.0,,,,,,Sweden,direct,0,0.0,0,0,0,0,(Enterprise),,1,0,0,demoPID,106362,,{},99.0,,,,1,monthly,,0.0,0,,,,,,,1,card,,,,,,,,,,,,,,
DEMOPID001426==,Acme Pro,Hayden Johnson,hayden.johnson182@example.com,hayden.johnson182@example.com,0,2026-05-02,2026-05-02 19:08:22 +0000,19.0,0.0,,0.0,19.0,2.40,16.60,0.0,,,,,,United States,direct,0,0.0,0,0,0,0,(Startup),,1,0,0,demoPID,107156,,{},19.0,,,,1,monthly,,0.0,0,,,,,,,1,card,,,,,,,,,,,,,,
DEMOPID000233==,Acme Pro,Drew Walsh,drew.walsh36@example.com,drew.walsh36@example.com,0,2026-05-02,2026-05-02 21:37:31 +0000,6.3,0.0,,0.0,6.3,0.64,5.66,0.0,,,,,,Spain,direct,0,0.0,0,0,0,0,(Personal),earlybird,1,0,0,demoPID,101170,,{},9.0,,,,1,monthly,,0.0,0,2026-06-04 00:00:00 UTC,2026-07-02,,,,,1,card,,,,,,,,,,,,,,
DEMOPID001436==,Acme Pro,Devin Smith,devin.smith186@example.com,devin.smith186@example.com,0,2026-05-03,2026-05-03 03:27:34 +0000,49.0,0.0,,0.0,49.0,6.12,42.88,0.0,,,,,,Germany,direct,0,0.0,0,0,0,0,(Business),,1,0,0,demoPID,107210,,{},49.0,,,,1,monthly,,0.0,0,,,,,,,1,card,,,,,,,,,,,,,,
DEMOPID000280==,Acme Pro,Jordan Rossi,jordan.rossi42@example.com,jordan.rossi42@example.com,0,2026-05-03,2026-05-03 04:02:18 +0000,16.1,0.0,,0.0,16.1,1.96,14.19,0.0,,,,,,Germany,direct,0,0.0,0,0,0,0,(Startup),welcome15,1,0,0,demoPID,101450,,{},19.0,,,,1,monthly,,0.0,0,,,,,,,1,card,,,,,,,,,,,,,,
DEMOPID001106==,Acme Pro,Sam Ortiz,sam.ortiz141@example.com,sam.ortiz141@example.com,0,2026-05-03,2026-05-03 10:29:31 +0000,0.0,0.0,,0.0,0.0,0.00,0.00,0.0,,,,,,Poland,direct,0,0.0,0,0,0,0,(Personal),maintainer,1,0,0,demoPID,105579,,{},9.0,,,,1,monthly,,0.0,0,2026-06-04 00:00:00 UTC,2026-07-03,,,,,1,card,,,,,,,,,,,,,,
DEMOPID000653==,Acme Pro,Jordan Novak,jordan.novak88@example.com,jordan.novak88@example.com,0,2026-05-03,2026-05-03 10:44:15 +0000,49.0,0.0,,0.0,49.0,4.49,44.51,0.0,,,,,,Italy,direct,0,0.0,0,0,0,0,(Business),,1,0,0,demoPID,103302,,{},49.0,,,,1,monthly,,0.0,0,,,,,,,1,card,,,,,,,,,,,,,,
DEMOPID000886==,Acme Pro,Rowan Ortiz,rowan.ortiz108@example.com,rowan.ortiz108@example.com,0,2026-05-03,2026-05-03 18:16:44 +0000,49.0,0.0,,0.0,49.0,6.00,43.00,0.0,,,,,,United States,direct,0,0.0,0,0,0,0,(Business),,1,0,0,demoPID,104441,,{},49.0,,,,1,monthly,,0.0,0,2026-06-04 00:00:00 UTC,2026-07-03,,,,,1,card,,,,,,,,,,,,,,
DEMOPID001190==,Acme Pro,Sam Lee,sam.lee149@example.com,sam.lee149@example.com,0,2026-05-04,2026-05-04 01:47:09 +0000,19.0,0.0,,0.0,19.0,2.41,16.59,0.0,,,,,,Germany,direct,0,0.0,0,0,0,0,(Startup),,1,0,0,demoPID,105992,,{},19.0,,,,1,monthly,,0.0,0,,,,,,,1,card,,,,,,,,,,,,,,
DEMOPID000252==,Acme Pro,Drew Silva,drew.silva40@example.com,drew.silva40@example.com,0,2026-05-04,2026-05-04 10:45:05 +0000,19.0,0.0,,0.0,19.0,1.79,17.21,0.0,,,,,,Germany,direct,0,0.0,0,0,0,0,(Startup),,1,0,0,demoPID,101281,,{},19.0,,,,1,monthly,,0.0,0,,,,,,,1,card,,,,,,,,,,,,,,
DEMOPID000639==,Acme Pro,Morgan Schmidt,morgan.schmidt87@example.com,morgan.schmidt87@example.com,0,2026-05-04,2026-05-04 16:26:34 +0000,99.0,0.0,,0.0,99.0,12.24,86.76,0.0,,,,,,Sweden,direct,0,0.0,0,0,0,0,(Enterprise),,1,0,0,demoPID,103240,,{},99.0,,,,1,monthly,,0.0,0,,,,,,,1,card,,,,,,,,,,,,,,
DEMOPID000849==,Acme Pro,Casey Tanaka,casey.tanaka107@example.com,casey.tanaka107@example.com,0,2026-05-04,2026-05-04 16:43:26 +0000,9.0,0.0,,0.0,9.0,1.00,8.00,0.0,,,,,,Brazil,direct,0,0.0,0,0,0,0,(Personal),,1,0,0,demoPID,104244,,{},9.0,,,,1,monthly,,0.0,0,2026-06-04 00:00:00 UTC,2026-07-04,,,,,1,card,,,,,,,,,,,,,,
DEMOPID000035==,Acme Pro,Jordan Lee,jordan.lee2@example.com,jordan.lee2@example.com,0,2026-05-04,2026-05-04 17:48:46 +0000,19.0,0.0,,0.0,19.0,2.44,16.56,0.0,,,,,,Japan,direct,0,0.0,0,0,0,0,(Startup),,1,0,0,demoPID,100181,,{},19.0,,,,1,monthly,,0.0,0,,,,,,,1,card,,,,,,,,,,,,,,
DEMOPID000724==,Acme Pro,Jordan Dubois,jordan.dubois95@example.com,jordan.dubois95@example.com,0,2026-05-04,2026-05-04 19:01:55 +0000,19.0,0.0,,0.0,19.0,2.30,16.70,0.0,,,,,,Poland,direct,0,0.0,0,0,0,0,(Startup),,1,0,0,demoPID,103620,,{},19.0,,,,1,monthly,,0.0,0,,,,,,,1,card,,,,,,,,,,,,,,
DEMOPID000785==,Acme Pro,Parker Lee,parker.lee101@example.com,parker.lee101@example.com,0,2026-05-04,2026-05-04 20:39:58 +0000,9.0,0.0,,0.0,9.0,0.97,8.03,0.0,,,,,,France,direct,0,0.0,0,0,0,0,(Personal),,1,0,0,demoPID,103944,,{},9.0,,,,1,monthly,,0.0,0,,,,,,,1,card,,,,,,,,,,,,,,
DEMOPID000391==,Acme Pro,Casey Silva,casey.silva59@example.com,casey.silva59@example.com,0,2026-05-05,2026-05-05 00:47:13 +0000,49.0,0.0,,0.0,49.0,5.19,43.81,0.0,,,,,,France,direct,0,0.0,0,0,0,0,(Business),,1,0,0,demoPID,102009,,{},49.0,,,,1,monthly,,0.0,0,,,,,,,1,card,,,,,,,,,,,,,,
DEMOPID000816==,Acme Pro,Sam Smith,sam.smith104@example.com,sam.smith104@example.com,0,2026-05-05,2026-05-05 23:21:56 +0000,49.0,0.0,,0.0,49.0,4.67,44.33,0.0,,,,,,Spain,direct,0,0.0,0,0,0,0,(Business),,1,0,0,demoPID,104082,,{},49.0,,,,1,monthly,,0.0,0,,,,,,,1,card,,,,,,,,,,,,,,
DEMOPID000564==,Acme Pro,Alex Nguyen,alex.nguyen81@example.com,alex.nguyen81@example.com,0,2026-05-06,2026-05-06 06:46:57 +0000,14.2,0.0,,0.0,14.2,1.85,12.40,0.0,,,,,,United States,direct,0,0.0,0,0,0,0,(Startup),launch25,1,0,0,demoPID,102869,,{},19.0,,,,1,monthly,,0.0,0,,,,,,,1,card,,,,,,,,,,,,,,
DEMOPID001063==,Acme Pro,Devin Ortiz,devin.ortiz132@example.com,devin.ortiz132@example.com,0,2026-05-06,2026-05-06 13:11:10 +0000,19.0,0.0,,0.0,19.0,1.75,17.25,0.0,,,,,,Brazil,direct,0,0.0,0,0,0,0,(Startup),,1,0,0,demoPID,105353,,{},19.0,,,,1,monthly,,0.0,0,,,,,,,1,card,,,,,,,,,,,,,,
DEMOPID000230==,Acme Pro,Taylor Rossi,taylor.rossi35@example.com,taylor.rossi35@example.com,0,2026-05-07,2026-05-07 05:23:19 +0000,19.0,0.0,,0.0,19.0,2.05,16.95,0.0,,,,,,Netherlands,direct,0,0.0,0,0,0,0,(Startup),,1,0,0,demoPID,101157,,{},19.0,,,,1,monthly,,0.0,0,,,,,,,1,card,,,,,,,,,,,,,,
DEMOPID000052==,Acme Pro,Jamie Silva,jamie.silva4@example.com,jamie.silva4@example.com,0,2026-05-07,2026-05-07 16:10:03 +0000,19.0,0.0,,0.0,19.0,2.09,16.91,0.0,,,,,,Netherlands,direct,0,0.0,0,0,0,0,(Startup),,1,0,0,demoPID,100269,,{},19.0,,,,1,monthly,,0.0,0,2026-05-15 00:00:00 UTC,2026-06-07,,,,,1,card,,,,,,,,,,,,,,
DEMOPID000096==,Acme Pro,Jamie Patel,jamie.patel15@example.com,jamie.patel15@example.com,0,2026-05-08,2026-05-08 21:43:51 +0000,39.2,0.0,,0.0,39.2,4.14,35.06,0.0,,,,,,Portugal,direct,0,0.0,0,0,0,0,(Business),friend20,1,0,0,demoPID,100441,,{},49.0,,,,1,monthly,,0.0,0,2026-05-18 00:00:00 UTC,2026-06-08,,,,,1,card,,,,,,,,,,,,,,
DEMOPID000075==,Acme Pro,Riley Novak,riley.novak11@example.com,riley.novak11@example.com,0,2026-05-08,2026-05-08 21:54:07 +0000,9.0,0.0,,0.0,9.0,1.03,7.97,0.0,,,,,,France,direct,0,0.0,0,0,0,0,(Personal),,1,0,0,demoPID,100357,,{},9.0,,,,1,monthly,,0.0,0,,,,,,,1,card,,,,,,,,,,,,,,
DEMOPID000460==,Acme Pro,Morgan Muller,morgan.muller64@example.com,morgan.muller64@example.com,0,2026-05-09,2026-05-09 08:06:08 +0000,19.0,0.0,,0.0,19.0,2.05,16.95,0.0,,,,,,Japan,direct,0,0.0,0,0,0,0,(Startup),,1,0,0,demoPID,102353,,{},19.0,,,,1,monthly,,0.0,0,,,,,,,1,card,,,,,,,,,,,,,,
DEMOPID001154==,Acme Pro,Devin Andersson,devin.andersson147@example.com,devin.andersson147@example.com,0,2026-05-09,2026-05-09 14:24:43 +0000,49.0,0.0,,0.0,49.0,4.98,44.02,0.0,,,,,,Spain,direct,0,0.0,0,0,0,0,(Business),,1,0,0,demoPID,105828,,{},49.0,,,,1,monthly,,0.0,0,,,,,,,1,card,,,,,,,,,,,,,,
DEMOPID000803==,Acme Pro,Riley Rossi,riley.rossi103@example.com,riley.rossi103@example.com,0,2026-05-09,2026-05-09 17:09:07 +0000,9.0,0.0,,0.0,9.0,1.01,7.99,0.0,,,,,,Australia,direct,0,0.0,0,0,0,0,(Personal),,1,0,0,demoPID,104019,,{},9.0,,,,1,monthly,,0.0,0,,,,,,,1,card,,,,,,,,,,,,,,
DEMOPID000063==,Acme Pro,Casey Dubois,casey.dubois7@example.com,casey.dubois7@example.com,0,2026-05-09,2026-05-09 17:45:27 +0000,9.0,0.0,,0.0,9.0,1.08,7.92,0.0,,,,,,Italy,direct,0,0.0,0,0,0,0,(Personal),,1,0,0,demoPID,100305,,{},9.0,,,,1,monthly,,0.0,0,,,,,,,1,card,,,,,,,,,,,,,,
DEMOPID000675==,Acme Pro,Alex Rossi,alex.rossi89@example.com,alex.rossi89@example.com,0,2026-05-09,2026-05-09 21:53:53 +0000,49.0,0.0,,0.0,49.0,5.41,43.59,0.0,,,,,,Poland,direct,0,0.0,0,0,0,0,(Business),,1,0,0,demoPID,103391,,{},49.0,,,,1,monthly,,0.0,0,,,,,,,1,card,,,,,,,,,,,,,,
DEMOPID000304==,Acme Pro,Sam Muller,sam.muller48@example.com,sam.muller48@example.com,0,2026-05-10,2026-05-10 16:23:25 +0000,90.0,0.0,,0.0,90.0,10.17,79.83,0.0,,,,,,Germany,direct,0,0.0,0,0,0,0,(Personal),,1,0,0,demoPID,101554,,{},90.0,,,,1,yearly,,0.0,0,,,,,,,1,card,,,,,,,,,,,,,,
DEMOPID001172==,Acme Pro,Drew Becker,drew.becker148@example.com,drew.becker148@example.com,0,2026-05-10,2026-05-10 22:16:06 +0000,99.0,0.0,,0.0,99.0,12.52,86.48,0.0,,,,,,India,direct,0,0.0,0,0,0,0,(Enterprise),,1,0,0,demoPID,105904,,{},99.0,,,,1,monthly,,0.0,0,,,,,,,1,card,,,,,,,,,,,,,,
DEMOPID001322==,Acme Pro,Hayden Smith,hayden.smith164@example.com,hayden.smith164@example.com,0,2026-05-11,2026-05-11 12:25:44 +0000,9.0,0.0,,0.0,9.0,0.85,8.15,0.0,,,,,,Japan,direct,0,0.0,0,0,0,0,(Personal),,1,0,0,demoPID,106614,,{},9.0,,,,1,monthly,,0.0,0,,,,,,,1,card,,,,,,,,,,,,,,
DEMOPID000903==,Acme Pro,Jamie Rossi,jamie.rossi109@example.com,jamie.rossi109@example.com,0,2026-05-11,2026-05-11 22:33:29 +0000,19.0,0.0,,0.0,19.0,2.45,16.55,0.0,,,,,,Portugal,direct,0,0.0,0,0,0,0,(Startup),,1,0,0,demoPID,104537,,{},19.0,,,,1,monthly,,0.0,0,2026-05-23 00:00:00 UTC,2026-06-11,,,,,1,card,,,,,,,,,,,,,,
DEMOPID000556==,Acme Pro,Jordan Ferraro,jordan.ferraro80@example.com,jordan.ferraro80@example.com,0,2026-05-12,2026-05-12 16:00:02 +0000,49.0,0.0,,0.0,49.0,4.86,44.14,0.0,,,,,,Australia,direct,0,0.0,0,0,0,0,(Business),,1,0,0,demoPID,102818,,{},49.0,,,,1,monthly,,0.0,0,,,,,,,1,card,,,,,,,,,,,,,,
DEMOPID000691==,Acme Pro,Hayden Silva,hayden.silva91@example.com,hayden.silva91@example.com,0,2026-05-12,2026-05-12 22:11:49 +0000,6.3,0.0,,0.0,6.3,0.60,5.70,0.0,,,,,,Canada,direct,0,0.0,0,0,0,0,(Personal),earlybird,1,0,0,demoPID,103475,,{},9.0,,,,1,monthly,,0.0,0,,,,,,,1,card,,,,,,,,,,,,,,
DEMOPID000210==,Acme Pro,Skyler Kim,skyler.kim30@example.com,skyler.kim30@example.com,0,2026-05-13,2026-05-13 00:08:00 +0000,19.0,0.0,,0.0,19.0,1.79,17.21,0.0,,,,,,India,direct,0,0.0,0,0,0,0,(Startup),,1,0,0,demoPID,101041,,{},19.0,,,,1,monthly,,0.0,0,,,,,,,1,card,,,,,,,,,,,,,,
DEMOPID001131==,Acme Pro,Hayden Kim,hayden.kim145@example.com,hayden.kim145@example.com,0,2026-05-13,2026-05-13 00:36:31 +0000,29.4,0.0,,0.0,29.4,3.15,26.25,0.0,,,,,,Netherlands,direct,0,0.0,0,0,0,0,(Business),blackfriday,1,0,0,demoPID,105697,,{},49.0,,,,1,monthly,,0.0,0,,,,,,,1,card,,,,,,,,,,,,,,
DEMOPID000684==,Acme Pro,Robin Ferraro,robin.ferraro90@example.com,robin.ferraro90@example.com,0,2026-05-13,2026-05-13 05:53:42 +0000,49.0,0.0,,0.0,49.0,5.40,43.60,0.0,,,,,,India,direct,0,0.0,0,0,0,0,(Business),,1,0,0,demoPID,103443,,{},49.0,,,,1,monthly,,0.0,0,,,,,,,1,card,,,,,,,,,,,,,,
DEMOPID001245==,Acme Pro,Drew Nguyen,drew.nguyen152@example.com,drew.nguyen152@example.com,0,2026-05-13,2026-05-13 10:15:34 +0000,9.0,0.0,,0.0,9.0,0.86,8.14,0.0,,,,,,Italy,direct,0,0.0,0,0,0,0,(Personal),,1,0,0,demoPID,106248,,{},9.0,,,,1,monthly,,0.0,0,,,,,,,1,card,,,,,,,,,,,,,,
DEMOPID001377==,Acme Pro,Alex Johnson,alex.johnson172@example.com,alex.johnson172@example.com,0,2026-05-14,2026-05-14 00:41:57 +0000,99.0,0.0,,0.0,99.0,12.16,86.84,0.0,,,,,,Poland,direct,0,0.0,0,0,0,0,(Enterprise),,1,0,0,demoPID,106912,,{},99.0,,,,1,monthly,,0.0,0,2026-06-04 00:00:00 UTC,2026-06-14,,,,,1,card,,,,,,,,,,,,,,
DEMOPID000195==,Acme Pro,Jamie Novak,jamie.novak29@example.com,jamie.novak29@example.com,0,2026-05-14,2026-05-14 07:41:04 +0000,49.0,0.0,,0.0,49.0,6.20,42.80,0.0,,,,,,Poland,direct,0,0.0,0,0,0,0,(Business),,1,0,0,demoPID,100965,,{},49.0,,,,1,monthly,,0.0,0,2026-05-25 00:00:00 UTC,2026-06-14,,,,,1,card,,,,,,,,,,,,,,
DEMOPID000363==,Acme Pro,Jamie Johnson,jamie.johnson57@example.com,jamie.johnson57@example.com,0,2026-05-14,2026-05-14 10:18:41 +0000,0.0,0.0,,0.0,0.0,0.00,0.00,0.0,,,,,,Germany,direct,0,0.0,0,0,0,0,(Startup),nonprofit100,1,0,0,demoPID,101887,,{},190.0,,,,1,yearly,,0.0,0,2026-05-27 00:00:00 UTC,2027-05-14,,,,,1,card,,,,,,,,,,,,,,
DEMOPID000289==,Acme Pro,Cameron Tanaka,cameron.tanaka43@example.com,cameron.tanaka43@example.com,0,2026-05-14,2026-05-14 16:35:01 +0000,4.5,0.0,,0.0,4.5,0.50,4.00,0.0,,,,,,Spain,direct,0,0.0,0,0,0,0,(Personal),student50,1,0,0,demoPID,101488,,{},9.0,,,,1,monthly,,0.0,0,,,,,,,1,card,,,,,,,,,,,,,,
DEMOPID000352==,Acme Pro,Morgan Ortiz,morgan.ortiz51@example.com,morgan.ortiz51@example.com,0,2026-05-14,2026-05-14 18:19:50 +0000,99.0,0.0,,0.0,99.0,12.79,86.21,0.0,,,,,,Japan,direct,0,0.0,0,0,0,0,(Enterprise),,1,0,0,demoPID,101824,,{},99.0,,,,1,monthly,,0.0,0,2026-05-15 00:00:00 UTC,2026-06-14,,,,,1,card,,,,,,,,,,,,,,
DEMOPID000969==,Acme Pro,Alex Johnson,alex.johnson117@example.com,alex.johnson117@example.com,0,2026-05-14,2026-05-14 19:54:23 +0000,49.0,0.0,,0.0,49.0,6.14,42.86,0.0,,,,,,Spain,direct,0,0.0,0,0,0,0,(Business),,1,0,0,demoPID,104879,,{},49.0,,,,1,monthly,,0.0,0,,,,,,,1,card,,,,,,,,,,,,,,
DEMOPID001015==,Acme Pro,Drew Dubois,drew.dubois122@example.com,drew.dubois122@example.com,0,2026-05-15,2026-05-15 09:00:21 +0000,49.0,0.0,,0.0,49.0,6.11,42.89,0.0,,,,,,Italy,direct,0,0.0,0,0,0,0,(Business),,1,0,0,demoPID,105112,,{},49.0,,,,1,monthly,,0.0,0,,,,,,,1,card,,,,,,,,,,,,,,
DEMOPID001280==,Acme Pro,Robin Novak,robin.novak158@example.com,robin.novak158@example.com,0,2026-05-15,2026-05-15 12:18:35 +0000,49.0,0.0,,0.0,49.0,4.80,44.20,0.0,,,,,,Brazil,direct,0,0.0,0,0,0,0,(Business),,1,0,0,demoPID,106417,,{},49.0,,,,1,monthly,,0.0,0,2026-05-29 00:00:00 UTC,2026-06-15,,,,,1,card,,,,,,,,,,,,,,
DEMOPID000118==,Acme Pro,Skyler Muller,skyler.muller17@example.com,skyler.muller17@example.com,0,2026-05-15,2026-05-15 15:54:20 +0000,9.0,0.0,,0.0,9.0,0.93,8.07,0.0,,,,,,Netherlands,direct,0,0.0,0,0,0,0,(Personal),,1,0,0,demoPID,100558,,{},9.0,,,,1,monthly,,0.0,0,,,,,,,1,card,,,,,,,,,,,,,,
DEMOPID001137==,Acme Pro,Jamie Becker,jamie.becker146@example.com,jamie.becker146@example.com,0,2026-05-16,2026-05-16 00:30:29 +0000,19.0,0.0,,0.0,19.0,2.12,16.88,0.0,,,,,,Canada,direct,0,0.0,0,0,0,0,(Startup),,1,0,0,demoPID,105733,,{},19.0,,,,1,monthly,,0.0,0,,,,,,,1,card,,,,,,,,,,,,,,
DEMOPID000426==,Acme Pro,Robin Lee,robin.lee63@example.com,robin.lee63@example.com,0,2026-05-16,2026-05-16 23:50:22 +0000,41.6,0.0,,0.0,41.6,4.52,37.13,0.0,,,,,,Australia,direct,0,0.0,0,0,0,0,(Business),welcome15,1,0,0,demoPID,102185,,{},49.0,,,,1,monthly,,0.0,0,,,,,,,1,card,,,,,,,,,,,,,,
DEMOPID001221==,Acme Pro,Rowan Johnson,rowan.johnson150@example.com,rowan.johnson150@example.com,0,2026-05-17,2026-05-17 02:30:37 +0000,36.8,0.0,,0.0,36.8,4.62,32.13,0.0,,,,,,United Kingdom,direct,0,0.0,0,0,0,0,(Business),launch25,1,0,0,demoPID,106135,,{},49.0,,,,1,monthly,,0.0,0,,,,,,,1,card,,,,,,,,,,,,,,
DEMOPID000047==,Acme Pro,Robin Tanaka,robin.tanaka3@example.com,robin.tanaka3@example.com,0,2026-05-17,2026-05-17 02:59:48 +0000,11.4,0.0,,0.0,11.4,1.41,9.99,0.0,,,,,,Italy,direct,0,0.0,0,0,0,0,(Startup),blackfriday,1,0,0,demoPID,100230,,{},19.0,,,,1,monthly,,0.0,0,2026-05-17 00:00:00 UTC,2026-06-17,,,,,1,card,,,,,,,,,,,,,,
DEMOPID001224==,Acme Pro,Cameron Johnson,cameron.johnson151@example.com,cameron.johnson151@example.com,0,2026-05-17,2026-05-17 14:26:10 +0000,19.0,0.0,,0.0,19.0,2.36,16.64,0.0,,,,,,Italy,direct,0,0.0,0,0,0,0,(Startup),,1,0,0,demoPID,106144,,{},19.0,,,,1,monthly,,0.0,0,2026-05-23 00:00:00 UTC,2026-06-17,,,,,1,card,,,,,,,,,,,,,,
DEMOPID000302==,Acme Pro,Parker Rossi,parker.rossi47@example.com,parker.rossi47@example.com,0,2026-05-17,2026-05-17 21:50:28 +0000,19.0,0.0,,0.0,19.0,2.35,16.65,0.0,,,,,,Brazil,direct,0,0.0,0,0,0,0,(Startup),,1,0,0,demoPID,101544,,{},19.0,,,,1,monthly,,0.0,0,,,,,,,1,card,,,,,,,,,,,,,,
DEMOPID000755==,Acme Pro,Reese Garcia,reese.garcia98@example.com,reese.garcia98@example.com,0,2026-05-17,2026-05-17 22:18:43 +0000,49.0,0.0,,0.0,49.0,4.82,44.18,0.0,,,,,,Canada,direct,0,0.0,0,0,0,0,(Business),,1,0,0,demoPID,103781,,{},49.0,,,,1,monthly,,0.0,0,,,,,,,1,card,,,,,,,,,,,,,,
DEMOPID000536==,Acme Pro,Skyler Smith,skyler.smith76@example.com,skyler.smith76@example.com,0,2026-05-18,2026-05-18 03:08:48 +0000,99.0,0.0,,0.0,99.0,9.25,89.75,0.0,,,,,,Germany,direct,0,0.0,0,0,0,0,(Enterprise),,1,0,0,demoPID,102741,,{},99.0,,,,1,monthly,,0.0,0,,,,,,,1,card,,,,,,,,,,,,,,
DEMOPID000033==,Acme Pro,Quinn Becker,quinn.becker1@example.com,quinn.becker1@example.com,0,2026-05-18,2026-05-18 07:56:36 +0000,6.3,0.0,,0.0,6.3,0.63,5.67,0.0,,,,,,Spain,direct,0,0.0,0,0,0,0,(Personal),earlybird,1,0,0,demoPID,100165,,{},9.0,,,,1,monthly,,0.0,0,,,,,,,1,card,,,,,,,,,,,,,,
DEMOPID000993==,Acme Pro,Drew Garcia,drew.garcia119@example.com,drew.garcia119@example.com,0,2026-05-18,2026-05-18 10:01:49 +0000,19.0,0.0,,0.0,19.0,1.87,17.13,0.0,,,,,,Germany,direct,0,0.0,0,0,0,0,(Startup),,1,0,0,demoPID,104993,,{},19.0,,,,1,monthly,,0.0,0,2026-05-21 00:00:00 UTC,2026-06-18,,,,,1,card,,,,,,,,,,,,,,
DEMOPID000185==,Acme Pro,Skyler Silva,skyler.silva23@example.com,skyler.silva23@example.com,0,2026-05-18,2026-05-18 20:16:29 +0000,9.0,0.0,,0.0,9.0,0.89,8.11,0.0,,,,,,Japan,direct,0,0.0,0,0,0,0,(Personal),,1,0,0,demoPID,100917,,{},9.0,,,,1,monthly,,0.0,0,2026-05-22 00:00:00 UTC,2026-06-18,,,,,1,card,,,,,,,,,,,,,,
DEMOPID001048==,Acme Pro,Cameron Rossi,cameron.rossi130@example.com,cameron.rossi130@example.com,0,2026-05-19,2026-05-19 13:20:28 +0000,19.0,0.0,,0.0,19.0,1.81,17.19,0.0,,,,,,Poland,direct,0,0.0,0,0,0,0,(Startup),,1,0,0,demoPID,105290,,{},19.0,,,,1,monthly,,0.0,0,2026-05-29 00:00:00 UTC,2026-06-19,,,,,1,card,,,,,,,,,,,,,,
DEMOPID001365==,Acme Pro,Emerson Garcia,emerson.garcia171@example.com,emerson.garcia171@example.com,0,2026-05-20,2026-05-20 01:46:31 +0000,19.0,0.0,,0.0,19.0,2.20,16.80,0.0,,,,,,Spain,direct,0,0.0,0,0,0,0,(Startup),,1,0,0,demoPID,106856,,{},19.0,,,,1,monthly,,0.0,0,,,,,,,1,card,,,,,,,,,,,,,,
DEMOPID000997==,Acme Pro,Quinn Lee,quinn.lee121@example.com,quinn.lee121@example.com,0,2026-05-20,2026-05-20 01:58:49 +0000,190.0,0.0,,0.0,190.0,17.70,172.30,0.0,,,,,,Spain,direct,0,0.0,0,0,0,0,(Startup),,1,0,0,demoPID,105016,,{},190.0,,,,1,yearly,,0.0,0,,,,,,,1,card,,,,,,,,,,,,,,
DEMOPID000600==,Acme Pro,Hayden Nguyen,hayden.nguyen82@example.com,hayden.nguyen82@example.com,0,2026-05-20,2026-05-20 08:03:51 +0000,5.4,0.0,,0.0,5.4,0.49,4.91,0.0,,,,,,Brazil,direct,0,0.0,0,0,0,0,(Personal),blackfriday,1,0,0,demoPID,103062,,{},9.0,,,,1,monthly,,0.0,0,,,,,,,1,card,,,,,,,,,,,,,,
DEMOPID001050==,Acme Pro,Alex Silva,alex.silva131@example.com,alex.silva131@example.com,0,2026-05-20,2026-05-20 12:46:50 +0000,392.0,0.0,,0.0,392.0,43.49,348.51,0.0,,,,,,Sweden,direct,0,0.0,0,0,0,0,(Business),friend20,1,0,0,demoPID,105294,,{},490.0,,,,1,yearly,,0.0,0,2026-05-23 00:00:00 UTC,2027-05-20,,,,,1,card,,,,,,,,,,,,,,
DEMOPID000154==,Acme Pro,Morgan Andersson,morgan.andersson18@example.com,morgan.andersson18@example.com,0,2026-05-21,2026-05-21 05:30:33 +0000,19.0,0.0,,0.0,19.0,2.29,16.71,0.0,,,,,,United Kingdom,direct,0,0.0,0,0,0,0,(Startup),,1,0,0,demoPID,100743,,{},19.0,,,,1,monthly,,0.0,0,,,,,,,1,card,,,,,,,,,,,,,,
DEMOPID000192==,Acme Pro,Morgan Costa,morgan.costa28@example.com,morgan.costa28@example.com,0,2026-05-21,2026-05-21 14:04:09 +0000,490.0,0.0,,0.0,490.0,59.86,430.14,0.0,,,,,,Brazil,direct,0,0.0,0,0,0,0,(Business),,1,0,0,demoPID,100950,,{},490.0,,,,1,yearly,,0.0,0,,,,,,,1,card,,,,,,,,,,,,,,
DEMOPID000321==,Acme Pro,Reese Schmidt,reese.schmidt50@example.com,reese.schmidt50@example.com,0,2026-05-21,2026-05-21 18:37:09 +0000,19.0,0.0,,0.0,19.0,2.20,16.80,0.0,,,,,,Poland,direct,0,0.0,0,0,0,0,(Startup),,1,0,0,demoPID,101657,,{},19.0,,,,1,monthly,,0.0,0,2026-05-23 00:00:00 UTC,2026-06-21,,,,,1,card,,,,,,,,,,,,,,
DEMOPID001335==,Acme Pro,Hayden Ferraro,hayden.ferraro169@example.com,hayden.ferraro169@example.com,0,2026-05-22,2026-05-22 09:20:03 +0000,99.0,0.0,,0.0,99.0,11.95,87.05,0.0,,,,,,United States,direct,0,0.0,0,0,0,0,(Enterprise),,1,0,0,demoPID,106695,,{},99.0,,,,1,monthly,,0.0,0,,,,,,,1,card,,,,,,,,,,,,,,
DEMOPID001391==,Acme Pro,Rowan Schmidt,rowan.schmidt179@example.com,rowan.schmidt179@example.com,0,2026-05-22,2026-05-22 09:46:43 +0000,9.0,0.0,,0.0,9.0,1.17,7.83,0.0,,,,,,Spain,direct,0,0.0,0,0,0,0,(Personal),,1,0,0,demoPID,106985,,{},9.0,,,,1,monthly,,0.0,0,,,,,,,1,card,,,,,,,,,,,,,,
DEMOPID001327==,Acme Pro,Morgan Novak,morgan.novak168@example.com,morgan.novak168@example.com,0,2026-05-22,2026-05-22 10:51:55 +0000,49.0,0.0,,0.0,49.0,4.92,44.08,0.0,,,,,,Spain,direct,0,0.0,0,0,0,0,(Business),,1,0,0,demoPID,106640,,{},49.0,,,,1,monthly,,0.0,0,2026-06-03 00:00:00 UTC,2026-06-22,,,,,1,card,,,,,,,,,,,,,,
DEMOPID000720==,Acme Pro,Casey Costa,casey.costa94@example.com,casey.costa94@example.com,0,2026-05-23,2026-05-23 08:56:46 +0000,49.0,0.0,,0.0,49.0,6.28,42.72,0.0,,,,,,Japan,direct,0,0.0,0,0,0,0,(Business),,1,0,0,demoPID,103597,,{},49.0,,,,1,monthly,,0.0,0,2026-05-29 00:00:00 UTC,2026-06-23,,,,,1,card,,,,,,,,,,,,,,
DEMOPID000478==,Acme Pro,Cameron Lee,cameron.lee67@example.com,cameron.lee67@example.com,0,2026-05-23,2026-05-23 11:44:57 +0000,9.0,0.0,,0.0,9.0,1.01,7.99,0.0,,,,,,France,direct,0,0.0,0,0,0,0,(Personal),,1,0,0,demoPID,102454,,{},9.0,,,,1,monthly,,0.0,0,,,,,,,1,card,,,,,,,,,,,,,,
DEMOPID001112==,Acme Pro,Robin Andersson,robin.andersson142@example.com,robin.andersson142@example.com,0,2026-05-23,2026-05-23 13:36:50 +0000,49.0,0.0,,0.0,49.0,5.95,43.05,0.0,,,,,,Sweden,direct,0,0.0,0,0,0,0,(Business),,1,0,0,demoPID,105605,,{},49.0,,,,1,monthly,,0.0,0,,,,,,,1,card,,,,,,,,,,,,,,
DEMOPID000388==,Acme Pro,Sam Lee,sam.lee58@example.com,sam.lee58@example.com,0,2026-05-24,2026-05-24 06:36:34 +0000,19.0,0.0,,0.0,19.0,2.40,16.60,0.0,,,,,,India,direct,0,0.0,0,0,0,0,(Startup),,1,0,0,demoPID,102006,,{},19.0,,,,1,monthly,,0.0,0,,,,,,,1,card,,,,,,,,,,,,,,
DEMOPID001457==,Acme Pro,Casey Andersson,casey.andersson189@example.com,casey.andersson189@example.com,0,2026-05-24,2026-05-24 15:19:15 +0000,7.7,0.0,,0.0,7.7,0.93,6.72,0.0,,,,,,Netherlands,direct,0,0.0,0,0,0,0,(Personal),welcome15,1,0,0,demoPID,107335,,{},9.0,,,,1,monthly,,0.0,0,,,,,,,1,card,,,,,,,,,,,,,,
DEMOPID000922==,Acme Pro,Drew Dubois,drew.dubois111@example.com,drew.dubois111@example.com,0,2026-05-24,2026-05-24 22:17:38 +0000,19.0,0.0,,0.0,19.0,2.21,16.79,0.0,,,,,,Brazil,direct,0,0.0,0,0,0,0,(Startup),,1,0,0,demoPID,104631,,{},19.0,,,,1,monthly,,0.0,0,,,,,,,1,card,,,,,,,,,,,,,,
DEMOPID000704==,Acme Pro,Jordan Andersson,jordan.andersson92@example.com,jordan.andersson92@example.com,0,2026-05-25,2026-05-25 05:07:23 +0000,49.0,0.0,,0.0,49.0,5.57,43.43,0.0,,,,,,France,direct,0,0.0,0,0,0,0,(Business),,1,0,0,demoPID,103536,,{},49.0,,,,1,monthly,,0.0,0,2026-06-03 00:00:00 UTC,2026-06-25,,,,,1,card,,,,,,,,,,,,,,
DEMOPID000176==,Acme Pro,Hayden Tanaka,hayden.tanaka20@example.com,hayden.tanaka20@example.com,0,2026-05-25,2026-05-25 12:24:42 +0000,9.0,0.0,,0.0,9.0,1.06,7.94,0.0,,,,,,Netherlands,direct,0,0.0,0,0,0,0,(Personal),,1,0,0,demoPID,100875,,{},9.0,,,,1,monthly,,0.0,0,,,,,,,1,card,,,,,,,,,,,,,,
DEMOPID000783==,Acme Pro,Reese Smith,reese.smith100@example.com,reese.smith100@example.com,0,2026-05-25,2026-05-25 13:34:34 +0000,0.0,0.0,,0.0,0.0,0.00,0.00,0.0,,,,,,Australia,direct,0,0.0,0,0,0,0,(Personal),oss100,1,0,0,demoPID,103929,,{},9.0,,,,1,monthly,,0.0,0,2026-05-29 00:00:00 UTC,2026-06-25,,,,,1,card,,,,,,,,,,,,,,
DEMOPID000928==,Acme Pro,Jamie Patel,jamie.patel113@example.com,jamie.patel113@example.com,0,2026-05-25,2026-05-25 21:22:55 +0000,36.8,0.0,,0.0,36.8,3.35,33.40,0.0,,,,,,Japan,direct,0,0.0,0,0,0,0,(Business),launch25,1,0,0,demoPID,104655,,{},49.0,,,,1,monthly,,0.0,0,2026-06-02 00:00:00 UTC,2026-06-25,,,,,1,card,,,,,,,,,,,,,,
DEMOPID000159==,Acme Pro,Skyler Patel,skyler.patel19@example.com,skyler.patel19@example.com,0,2026-05-26,2026-05-26 00:42:55 +0000,99.0,0.0,,0.0,99.0,12.34,86.66,0.0,,,,,,Brazil,direct,0,0.0,0,0,0,0,(Enterprise),,1,0,0,demoPID,100771,,{},99.0,,,,1,monthly,,0.0,0,,,,,,,1,card,,,,,,,,,,,,,,
DEMOPID000031==,Acme Pro,Taylor Smith,taylor.smith0@example.com,taylor.smith0@example.com,0,2026-05-26,2026-05-26 03:55:40 +0000,9.0,0.0,,0.0,9.0,0.99,8.01,0.0,,,,,,Japan,direct,0,0.0,0,0,0,0,(Personal),,1,0,0,demoPID,100159,,{},9.0,,,,1,monthly,,0.0,0,,,,,,,1,card,,,,,,,,,,,,,,
DEMOPID000834==,Acme Pro,Cameron Tanaka,cameron.tanaka105@example.com,cameron.tanaka105@example.com,0,2026-05-26,2026-05-26 20:57:53 +0000,19.0,0.0,,0.0,19.0,1.99,17.01,0.0,,,,,,Sweden,direct,0,0.0,0,0,0,0,(Startup),,1,0,0,demoPID,104170,,{},19.0,,,,1,monthly,,0.0,0,2026-05-28 00:00:00 UTC,2026-06-26,,,,,1,card,,,,,,,,,,,,,,
DEMOPID000081==,Acme Pro,Quinn Becker,quinn.becker12@example.com,quinn.becker12@example.com,0,2026-05-27,2026-05-27 07:43:19 +0000,49.0,0.0,,0.0,49.0,4.59,44.41,0.0,,,,,,Canada,direct,0,0.0,0,0,0,0,(Business),,1,0,0,demoPID,100384,,{},49.0,,,,1,monthly,,0.0,0,,,,,,,1,card,,,,,,,,,,,,,,
DEMOPID001263==,Acme Pro,Quinn Silva,quinn.silva156@example.com,quinn.silva156@example.com,0,2026-05-28,2026-05-28 00:25:59 +0000,9.0,0.0,,0.0,9.0,0.85,8.15,0.0,,,,,,Portugal,direct,0,0.0,0,0,0,0,(Personal),,1,0,0,demoPID,106329,,{},9.0,,,,1,monthly,,0.0,0,,,,,,,1,card,,,,,,,,,,,,,,
DEMOPID001349==,Acme Pro,Alex Walsh,alex.walsh170@example.com,alex.walsh170@example.com,0,2026-05-28,2026-05-28 02:45:54 +0000,9.0,0.0,,0.0,9.0,1.03,7.97,0.0,,,,,,United States,direct,0,0.0,0,0,0,0,(Personal),,1,0,0,demoPID,106775,,{},9.0,,,,1,monthly,,0.0,0,,,,,,,1,card,,,,,,,,,,,,,,
DEMOPID000410==,Acme Pro,Hayden Schmidt,hayden.schmidt62@example.com,hayden.schmidt62@example.com,0,2026-05-28,2026-05-28 02:59:28 +0000,19.0,0.0,,0.0,19.0,1.96,17.04,0.0,,,,,,Australia,direct,0,0.0,0,0,0,0,(Startup),,1,0,0,demoPID,102096,,{},19.0,,,,1,monthly,,0.0,0,2026-05-28 00:00:00 UTC,2026-06-28,,,,,1,card,,,,,,,,,,,,,,
DEMOPID001036==,Acme Pro,Reese Kim,reese.kim128@example.com,reese.kim128@example.com,0,2026-05-28,2026-05-28 04:10:12 +0000,41.6,0.0,,0.0,41.6,4.57,37.08,0.0,,,,,,Italy,direct,0,0.0,0,0,0,0,(Business),welcome15,1,0,0,demoPID,105215,,{},49.0,,,,1,monthly,,0.0,0,2026-05-30 00:00:00 UTC,2026-06-28,,,,,1,card,,,,,,,,,,,,,,
DEMOPID001308==,Acme Pro,Casey Nguyen,casey.nguyen162@example.com,casey.nguyen162@example.com,0,2026-05-28,2026-05-28 04:54:47 +0000,0.0,0.0,,0.0,0.0,0.00,0.00,0.0,,,,,,Canada,direct,0,0.0,0,0,0,0,(Personal),oss100,1,0,0,demoPID,106554,,{},9.0,,,,1,monthly,,0.0,0,2026-05-28 00:00:00 UTC,2026-06-28,,,,,1,card,,,,,,,,,,,,,,
DEMOPID000512==,Acme Pro,Hayden Ortiz,hayden.ortiz68@example.com,hayden.ortiz68@example.com,0,2026-05-28,2026-05-28 08:14:34 +0000,84.2,0.0,,0.0,84.2,8.56,75.59,0.0,,,,,,India,direct,0,0.0,0,0,0,0,(Enterprise),welcome15,1,0,0,demoPID,102643,,{},99.0,,,,1,monthly,,0.0,0,,,,,,,1,card,,,,,,,,,,,,,,
DEMOPID000616==,Acme Pro,Emerson Rossi,emerson.rossi84@example.com,emerson.rossi84@example.com,0,2026-05-28,2026-05-28 10:58:51 +0000,49.0,0.0,,0.0,49.0,4.77,44.23,0.0,,,,,,Portugal,direct,0,0.0,0,0,0,0,(Business),,1,0,0,demoPID,103125,,{},49.0,,,,1,monthly,,0.0,0,,,,,,,1,card,,,,,,,,,,,,,,
DEMOPID000114==,Acme Pro,Parker Silva,parker.silva16@example.com,parker.silva16@example.com,0,2026-05-28,2026-05-28 11:40:57 +0000,19.0,0.0,,0.0,19.0,1.79,17.21,0.0,,,,,,Poland,direct,0,0.0,0,0,0,0,(Startup),,1,0,0,demoPID,100529,,{},19.0,,,,1,monthly,,0.0,0,2026-05-29 00:00:00 UTC,2026-06-28,,,,,1,card,,,,,,,,,,,,,,
DEMOPID000953==,Acme Pro,Drew Andersson,drew.andersson114@example.com,drew.andersson114@example.com,0,2026-05-28,2026-05-28 14:15:47 +0000,99.0,0.0,,0.0,99.0,10.43,88.57,0.0,,,,,,Sweden,direct,0,0.0,0,0,0,0,(Enterprise),,1,0,0,demoPID,104784,,{},99.0,,,,1,monthly,,0.0,0,,,,,,,1,card,,,,,,,,,,,,,,
DEMOPID001255==,Acme Pro,Avery Johnson,avery.johnson154@example.com,avery.johnson154@example.com,0,2026-05-28,2026-05-28 16:41:21 +0000,19.0,0.0,,0.0,19.0,2.34,16.66,0.0,,,,,,Germany,direct,0,0.0,0,0,0,0,(Startup),,1,0,0,demoPID,106290,,{},19.0,,,,1,monthly,,0.0,0,,,,,,,1,card,,,,,,,,,,,,,,
DEMOPID001078==,Acme Pro,Robin Muller,robin.muller136@example.com,robin.muller136@example.com,0,2026-05-28,2026-05-28 17:57:21 +0000,19.0,0.0,,0.0,19.0,2.39,16.61,0.0,,,,,,Spain,direct,0,0.0,0,0,0,0,(Startup),,1,0,0,demoPID,105419,,{},19.0,,,,1,monthly,,0.0,0,,,,,,,1,card,,,,,,,,,,,,,,
DEMOPID000743==,Acme Pro,Rowan Garcia,rowan.garcia97@example.com,rowan.garcia97@example.com,0,2026-05-28,2026-05-28 22:47:46 +0000,49.0,0.0,,0.0,49.0,5.38,43.62,0.0,,,,,,Netherlands,direct,0,0.0,0,0,0,0,(Business),,1,0,0,demoPID,103720,,{},49.0,,,,1,monthly,,0.0,0,,,,,,,1,card,,,,,,,,,,,,,,
DEMOPID000314==,Acme Pro,Drew Patel,drew.patel49@example.com,drew.patel49@example.com,0,2026-05-28,2026-05-28 23:30:33 +0000,69.3,0.0,,0.0,69.3,9.01,60.29,0.0,,,,,,United Kingdom,direct,0,0.0,0,0,0,0,(Enterprise),earlybird,1,0,0,demoPID,101614,,{},99.0,,,,1,monthly,,0.0,0,,,,,,,1,card,,,,,,,,,,,,,,
DEMOPID001386==,Acme Pro,Casey Ortiz,casey.ortiz177@example.com,casey.ortiz177@example.com,0,2026-05-30,2026-05-30 12:53:56 +0000,190.0,0.0,,0.0,190.0,18.48,171.52,0.0,,,,,,India,direct,0,0.0,0,0,0,0,(Startup),,1,0,0,demoPID,106957,,{},190.0,,,,1,yearly,,0.0,0,,,,,,,1,card,,,,,,,,,,,,,,
DEMOPID001023==,Acme Pro,Cameron Novak,cameron.novak126@example.com,cameron.novak126@example.com,0,2026-06-01,2026-06-01 00:35:17 +0000,9.0,0.0,,0.0,9.0,1.13,7.87,0.0,,,,,,Japan,direct,0,0.0,0,0,0,0,(Personal),,1,0,0,demoPID,105144,,{},9.0,,,,1,monthly,,0.0,0,,,,,,,1,card,,,,,,,,,,,,,,
DEMOPID001300==,Acme Pro,Avery Andersson,avery.andersson161@example.com,avery.andersson161@example.com,0,2026-06-01,2026-06-01 03:14:08 +0000,49.0,0.0,,0.0,49.0,4.47,44.53,0.0,,,,,,Japan,direct,0,0.0,0,0,0,0,(Business),,1,0,0,demoPID,106523,,{},49.0,,,,1,monthly,,0.0,0,2026-06-02 00:00:00 UTC,2026-07-01,,,,,1,card,,,,,,,,,,,,,,
DEMOPID000086==,Acme Pro,Jamie Costa,jamie.costa13@example.com,jamie.costa13@example.com,0,2026-06-01,2026-06-01 14:42:33 +0000,9.0,0.0,,0.0,9.0,0.97,8.03,0.0,,,,,,Brazil,direct,0,0.0,0,0,0,0,(Personal),,1,0,0,demoPID,100405,,{},9.0,,,,1,monthly,,0.0,0,,,,,,,1,card,,,,,,,,,,,,,,
DEMOPID000361==,Acme Pro,Parker Dubois,parker.dubois56@example.com,parker.dubois56@example.com,0,2026-06-01,2026-06-01 16:14:40 +0000,49.0,0.0,,0.0,49.0,4.51,44.49,0.0,,,,,,Portugal,direct,0,0.0,0,0,0,0,(Business),,1,0,0,demoPID,101874,,{},49.0,,,,1,monthly,,0.0,0,,,,,,,1,card,,,,,,,,,,,,,,
DEMOPID000234==,Acme Pro,Drew Walsh,drew.walsh36@example.com,drew.walsh36@example.com,0,2026-06-02,2026-06-02 01:14:25 +0000,6.3,0.0,,0.0,6.3,0.74,5.56,0.0,,,,,,Spain,direct,0,0.0,0,0,0,0,(Personal),earlybird,1,0,0,demoPID,101179,,{},9.0,,,,1,monthly,,0.0,0,2026-06-04 00:00:00 UTC,2026-07-02,,,,,1,card,,,,,,,,,,,,,,
DEMOPID001272==,Acme Pro,Cameron Muller,cameron.muller157@example.com,cameron.muller157@example.com,0,2026-06-02,2026-06-02 16:03:58 +0000,99.0,0.0,,0.0,99.0,11.30,87.70,0.0,,,,,,Sweden,direct,0,0.0,0,0,0,0,(Enterprise),,1,0,0,demoPID,106368,,{},99.0,,,,1,monthly,,0.0,0,,,,,,,1,card,,,,,,,,,,,,,,
DEMOPID001427==,Acme Pro,Hayden Johnson,hayden.johnson182@example.com,hayden.johnson182@example.com,0,2026-06-02,2026-06-02 16:12:31 +0000,19.0,0.0,,0.0,19.0,2.34,16.66,0.0,,,,,,United States,direct,0,0.0,0,0,0,0,(Startup),,1,0,0,demoPID,107158,,{},19.0,,,,1,monthly,,0.0,0,,,,,,,1,card,,,,,,,,,,,,,,
DEMOPID001107==,Acme Pro,Sam Ortiz,sam.ortiz141@example.com,sam.ortiz141@example.com,0,2026-06-03,2026-06-03 02:30:07 +0000,0.0,0.0,,0.0,0.0,0.00,0.00,0.0,,,,,,Poland,direct,0,0.0,0,0,0,0,(Personal),maintainer,1,0,0,demoPID,105580,,{},9.0,,,,1,monthly,,0.0,0,2026-06-04 00:00:00 UTC,2026-07-03,,,,,1,card,,,,,,,,,,,,,,
DEMOPID001437==,Acme Pro,Devin Smith,devin.smith186@example.com,devin.smith186@example.com,0,2026-06-03,2026-06-03 03:00:10 +0000,49.0,0.0,,0.0,49.0,4.42,44.58,0.0,,,,,,Germany,direct,0,0.0,0,0,0,0,(Business),,1,0,0,demoPID,107211,,{},49.0,,,,1,monthly,,0.0,0,,,,,,,1,card,,,,,,,,,,,,,,
DEMOPID000281==,Acme Pro,Jordan Rossi,jordan.rossi42@example.com,jordan.rossi42@example.com,0,2026-06-03,2026-06-03 04:48:45 +0000,16.1,0.0,,0.0,16.1,1.90,14.25,0.0,,,,,,Germany,direct,0,0.0,0,0,0,0,(Startup),welcome15,1,0,0,demoPID,101458,,{},19.0,,,,1,monthly,,0.0,0,,,,,,,1,card,,,,,,,,,,,,,,
DEMOPID000654==,Acme Pro,Jordan Novak,jordan.novak88@example.com,jordan.novak88@example.com,0,2026-06-03,2026-06-03 08:57:23 +0000,49.0,0.0,,0.0,49.0,5.87,43.13,0.0,,,,,,Italy,direct,0,0.0,0,0,0,0,(Business),,1,0,0,demoPID,103303,,{},49.0,,,,1,monthly,,0.0,0,,,,,,,1,card,,,,,,,,,,,,,,
DEMOPID000887==,Acme Pro,Rowan Ortiz,rowan.ortiz108@example.com,rowan.ortiz108@example.com,0,2026-06-03,2026-06-03 18:30:49 +0000,49.0,0.0,,0.0,49.0,6.30,42.70,0.0,,,,,,United States,direct,0,0.0,0,0,0,0,(Business),,1,0,0,demoPID,104449,,{},49.0,,,,1,monthly,,0.0,0,2026-06-04 00:00:00 UTC,2026-07-03,,,,,1,card,,,,,,,,,,,,,,
DEMOPID000253==,Acme Pro,Drew Silva,drew.silva40@example.com,drew.silva40@example.com,0,2026-06-04,2026-06-04 01:15:45 +0000,19.0,0.0,,0.0,19.0,2.20,16.80,0.0,,,,,,Germany,direct,0,0.0,0,0,0,0,(Startup),,1,0,0,demoPID,101290,,{},19.0,,,,1,monthly,,0.0,0,,,,,,,1,card,,,,,,,,,,,,,,
DEMOPID000850==,Acme Pro,Casey Tanaka,casey.tanaka107@example.com,casey.tanaka107@example.com,0,2026-06-04,2026-06-04 05:30:57 +0000,9.0,0.0,,0.0,9.0,1.03,7.97,0.0,,,,,,Brazil,direct,0,0.0,0,0,0,0,(Personal),,1,0,0,demoPID,104247,,{},9.0,,,,1,monthly,,0.0,0,2026-06-04 00:00:00 UTC,2026-07-04,,,,,1,card,,,,,,,,,,,,,,
DEMOPID000640==,Acme Pro,Morgan Schmidt,morgan.schmidt87@example.com,morgan.schmidt87@example.com,0,2026-06-04,2026-06-04 07:30:19 +0000,99.0,0.0,,0.0,99.0,11.18,87.82,0.0,,,,,,Sweden,direct,0,0.0,0,0,0,0,(Enterprise),,1,0,0,demoPID,103248,,{},99.0,,,,1,monthly,,0.0,0,,,,,,,1,card,,,,,,,,,,,,,,
DEMOPID000036==,Acme Pro,Jordan Lee,jordan.lee2@example.com,jordan.lee2@example.com,0,2026-06-04,2026-06-04 12:42:41 +0000,19.0,0.0,,0.0,19.0,2.25,16.75,0.0,,,,,,Japan,direct,0,0.0,0,0,0,0,(Startup),,1,0,0,demoPID,100185,,{},19.0,,,,1,monthly,,0.0,0,,,,,,,1,card,,,,,,,,,,,,,,
DEMOPID000725==,Acme Pro,Jordan Dubois,jordan.dubois95@example.com,jordan.dubois95@example.com,0,2026-06-04,2026-06-04 15:07:56 +0000,19.0,0.0,,0.0,19.0,2.08,16.92,0.0,,,,,,Poland,direct,0,0.0,0,0,0,0,(Startup),,1,0,0,demoPID,103623,,{},19.0,,,,1,monthly,,0.0,0,,,,,,,1,card,,,,,,,,,,,,,,
DEMOPID001191==,Acme Pro,Sam Lee,sam.lee149@example.com,sam.lee149@example.com,0,2026-06-04,2026-06-04 15:58:58 +0000,19.0,0.0,,0.0,19.0,2.21,16.79,0.0,,,,,,Germany,direct,0,0.0,0,0,0,0,(Startup),,1,0,0,demoPID,106000,,{},19.0,,,,1,monthly,,0.0,0,,,,,,,1,card,,,,,,,,,,,,,,
DEMOPID000786==,Acme Pro,Parker Lee,parker.lee101@example.com,parker.lee101@example.com,0,2026-06-04,2026-06-04 21:56:20 +0000,9.0,0.0,,0.0,9.0,1.16,7.84,0.0,,,,,,France,direct,0,0.0,0,0,0,0,(Personal),,1,0,0,demoPID,103948,,{},9.0,,,,1,monthly,,0.0,0,,,,,,,1,card,,,,,,,,,,,,,,
